name,source_name,private,kind,target,source,rows
BoCa.Adequacy.Corollary33,BoCa.Adequacy.Corollary33,no,def,Paper/CONF/Results.lean,BoCa/Adequacy.lean:128,3.3
BoCa.Adequacy.Corollary33Printed,BoCa.Adequacy.Corollary33Printed,no,def,Paper/CONF/Results.lean,BoCa/Adequacy.lean:152,3.3
BoCa.Adequacy.Reclaim,BoCa.Adequacy.Reclaim,no,def,Paper/CONF/Results.lean,BoCa/Adequacy.lean:115,3.2
BoCa.Adequacy.SemUnitPrinted,BoCa.Adequacy.SemUnitPrinted,no,def,Paper/CONF/Results.lean,BoCa/Adequacy.lean:140,3.3
BoCa.Adequacy.Theorem32,BoCa.Adequacy.Theorem32,no,def,Paper/CONF/Results.lean,BoCa/Adequacy.lean:78,3.2
BoCa.Adequacy.Theorem32Printed,BoCa.Adequacy.Theorem32Printed,no,def,Paper/CONF/Results.lean,BoCa/Adequacy.lean:92,3.2
BoCa.Adequacy.corollary33,BoCa.Adequacy.corollary33,no,thm,Paper/CONF/Results.lean,BoCa/Adequacy.lean:299,3.3
BoCa.Adequacy.corollary33Printed,BoCa.Adequacy.corollary33Printed,no,thm,Paper/CONF/Results.lean,BoCa/Adequacy.lean:315,3.3
BoCa.Adequacy.reclaim,BoCa.Adequacy.reclaim,no,thm,Paper/CONF/Results.lean,BoCa/Adequacy.lean:182,3.2
BoCa.Adequacy.theorem32,BoCa.Adequacy.theorem32,no,thm,Paper/CONF/Results.lean,BoCa/Adequacy.lean:216,3.2
BoCa.Adequacy.theorem32Printed,BoCa.Adequacy.theorem32Printed,no,thm,Paper/CONF/Results.lean,BoCa/Adequacy.lean:243,3.2
BoCa.Fig16.LogRel.Typed.adequacy,BoCa.Fig16.LogRel.Typed.adequacy,no,thm,Paper/CONF/Results.lean,BoCa/TypedFundamental.lean:1375,3.3
BoCa.Fig16.LogRel.Typed.corollary33,BoCa.Fig16.LogRel.Typed.corollary33,no,thm,Paper/CONF/Results.lean,BoCa/TypedFundamental.lean:1362,3.3
BoCa.Fig16.LogRel.Typed.theorem32,BoCa.Fig16.LogRel.Typed.theorem32,no,thm,Paper/CONF/Results.lean,BoCa/TypedFundamental.lean:1337,3.2
BoCa.TR3.wp_le_fig16,BoCa.TR3.wp_le_fig16,no,thm,Paper/CONF/Results.lean,BoCa/TR3.lean:877,3.2
CONF.corollary_3_3,BoCa.Adequacy.corollary33,no,thm,Paper/CONF/Results.lean,BoCa/Adequacy.lean:299,3.3
CONF.lemma_3_1,BoCa.Fig16.LogRel.Typed.fundamentalProperty,no,thm,Paper/CONF/Results.lean,BoCa/TypedFundamental.lean:1322,3.1
CONF.theorem_3_2,BoCa.Adequacy.theorem32,no,thm,Paper/CONF/Results.lean,BoCa/Adequacy.lean:216,3.2
BoCa.TR3.corThree_unreachable,BoCa.TR3.corThree_unreachable,no,thm,Paper/LiteralReadings/CONF.lean,BoCa/TR3.lean:1371,3.3
BoCa.Fig16.LogRel.MutGapClosed.Tgap,BoCa.Fig16.LogRel.MutGapClosed.Tgap,no,def,Paper/LiteralReadings/S4_LogicalRelation.lean,BoCa/Fig16LogRel.lean:1689,4.17
BoCa.Fig16.LogRel.MutImmGap.cell,BoCa.Fig16.LogRel.MutImmGap.cell,no,def,Paper/LiteralReadings/S4_LogicalRelation.lean,BoCa/Fig16LogRel.lean:659,4.17
BoCa.Fig16.LogRel.MutImmGap.inRel_same,BoCa.Fig16.LogRel.MutImmGap.inRel_same,no,thm,Paper/LiteralReadings/S4_LogicalRelation.lean,BoCa/Fig16LogRel.lean:664,4.17
BoCa.Fig16.LogRel.MutImmGap.lset,BoCa.Fig16.LogRel.MutImmGap.lset,no,def,Paper/LiteralReadings/S4_LogicalRelation.lean,BoCa/Fig16LogRel.lean:649,4.17
BoCa.Fig16.LogRel.MutImmGap.lset_meet,BoCa.Fig16.LogRel.MutImmGap.lset_meet,no,thm,Paper/LiteralReadings/S4_LogicalRelation.lean,BoCa/Fig16LogRel.lean:653,
BoCa.Fig16.BoLo.bang_L_needs_premise,BoCa.Fig16.BoLo.bang_L_needs_premise,no,thm,Paper/LiteralReadings/S6_4_StandardEntailments.lean,BoCa/Fig16.lean:11386,6.84
BoCa.Fig16.BoLo.bang_all_needs_nonempty,BoCa.Fig16.BoLo.bang_all_needs_nonempty,no,thm,Paper/LiteralReadings/S6_4_StandardEntailments.lean,BoCa/Fig16.lean:10548,6.88
BoCa.Fig16.BoLo.box_all_needs_nonempty,BoCa.Fig16.BoLo.box_all_needs_nonempty,no,thm,Paper/LiteralReadings/S6_5_NonStandardEntailments.lean,BoCa/Fig16.lean:10749,6.102
BoCa.Fig16.BoLo.not_iAgreeAtJoin,BoCa.Fig16.BoLo.not_iAgreeAtJoin,no,thm,Paper/LiteralReadings/S6_5_NonStandardEntailments.lean,BoCa/Fig16.lean:10935,6.115
BoCa.Fig16.BoLo.reborrow_emp_outside_stratum,BoCa.Fig16.BoLo.reborrow_emp_outside_stratum,no,thm,Paper/LiteralReadings/S6_6_ReborrowingEntailments.lean,BoCa/Fig16.lean:11266,6.130
BoCa.Fig16.LogRel.RefPrintedChainResidual,BoCa.Fig16.LogRel.RefPrintedChainResidual,no,def,Paper/LiteralReadings/S6_6_ReborrowingEntailments.lean,BoCa/Fig16LogRel.lean:412,6.131
BoCa.Fig16.RebExample.mutCell,BoCa.Fig16.RebExample.mutCell,yes,def,Paper/LiteralReadings/S6_6_ReborrowingEntailments.lean,BoCa/Fig16.lean:8673,
BoCa.Fig16.RebExample.mutInv,BoCa.Fig16.RebExample.mutInv,yes,def,Paper/LiteralReadings/S6_6_ReborrowingEntailments.lean,BoCa/Fig16.lean:8671,
BoCa.Fig16.RebExample.mutRes,BoCa.Fig16.RebExample.mutRes,yes,def,Paper/LiteralReadings/S6_6_ReborrowingEntailments.lean,BoCa/Fig16.lean:8679,
BoCa.Fig16.RebExample.mutRes_zero,BoCa.Fig16.RebExample.mutRes_zero,yes,thm,Paper/LiteralReadings/S6_6_ReborrowingEntailments.lean,BoCa/Fig16.lean:8682,
BoCa.Fig16.RebExample.mutWit,BoCa.Fig16.RebExample.mutWit,yes,def,Paper/LiteralReadings/S6_6_ReborrowingEntailments.lean,BoCa/Fig16.lean:8664,
BoCa.Fig16.RebExample.mutWit_stratum,BoCa.Fig16.RebExample.mutWit_stratum,yes,thm,Paper/LiteralReadings/S6_6_ReborrowingEntailments.lean,BoCa/Fig16.lean:8666,
BoCa.Fig16.RebExample.not_reb_of_at,BoCa.Fig16.RebExample.not_reb_of_at,no,thm,Paper/LiteralReadings/S6_6_ReborrowingEntailments.lean,BoCa/Fig16.lean:8734,
BoCa.DefectB.Pfam,BoCa.DefectB.Pfam,no,def,Paper/LiteralReadings/S6_7_WeakestPreconditionRules.lean,BoCa/DefectB.lean:492,
BoCa.DefectB.Qpost,BoCa.DefectB.Qpost,no,def,Paper/LiteralReadings/S6_7_WeakestPreconditionRules.lean,BoCa/DefectB.lean:495,
BoCa.DefectB.Valid_composite,BoCa.DefectB.Valid_composite,no,thm,Paper/LiteralReadings/S6_7_WeakestPreconditionRules.lean,BoCa/DefectB.lean:344,
BoCa.DefectB.agW_comp,BoCa.DefectB.agW_comp,no,thm,Paper/LiteralReadings/S6_7_WeakestPreconditionRules.lean,BoCa/DefectB.lean:311,
BoCa.DefectB.agW_rho2,BoCa.DefectB.agW_rho2,no,thm,Paper/LiteralReadings/S6_7_WeakestPreconditionRules.lean,BoCa/DefectB.lean:226,
BoCa.DefectB.agWitsI_comp,BoCa.DefectB.agWitsI_comp,no,thm,Paper/LiteralReadings/S6_7_WeakestPreconditionRules.lean,BoCa/DefectB.lean:289,
BoCa.DefectB.bcell_frame_comp,BoCa.DefectB.bcell_frame_comp,no,thm,Paper/LiteralReadings/S6_7_WeakestPreconditionRules.lean,BoCa/DefectB.lean:348,
BoCa.DefectB.bigComp_bi,BoCa.DefectB.bigComp_bi,no,thm,Paper/LiteralReadings/S6_7_WeakestPreconditionRules.lean,BoCa/DefectB.lean:299,
BoCa.DefectB.cellB,BoCa.DefectB.cellB,no,def,Paper/LiteralReadings/S6_7_WeakestPreconditionRules.lean,BoCa/DefectB.lean:137,
BoCa.DefectB.cellB_kind,BoCa.DefectB.cellB_kind,no,thm,Paper/LiteralReadings/S6_7_WeakestPreconditionRules.lean,BoCa/DefectB.lean:141,
BoCa.DefectB.cellB_wit,BoCa.DefectB.cellB_wit,no,thm,Paper/LiteralReadings/S6_7_WeakestPreconditionRules.lean,BoCa/DefectB.lean:143,
BoCa.DefectB.cellF,BoCa.DefectB.cellF,no,def,Paper/LiteralReadings/S6_7_WeakestPreconditionRules.lean,BoCa/DefectB.lean:134,
BoCa.DefectB.cellF_kind,BoCa.DefectB.cellF_kind,no,thm,Paper/LiteralReadings/S6_7_WeakestPreconditionRules.lean,BoCa/DefectB.lean:140,
BoCa.DefectB.cellF_wit,BoCa.DefectB.cellF_wit,no,thm,Paper/LiteralReadings/S6_7_WeakestPreconditionRules.lean,BoCa/DefectB.lean:142,
BoCa.DefectB.comp,BoCa.DefectB.comp,no,def,Paper/LiteralReadings/S6_7_WeakestPreconditionRules.lean,BoCa/DefectB.lean:145,
BoCa.DefectB.comp_0,BoCa.DefectB.comp_0,no,thm,Paper/LiteralReadings/S6_7_WeakestPreconditionRules.lean,BoCa/DefectB.lean:148,
BoCa.DefectB.comp_2,BoCa.DefectB.comp_2,no,thm,Paper/LiteralReadings/S6_7_WeakestPreconditionRules.lean,BoCa/DefectB.lean:149,
BoCa.DefectB.comp_ne,BoCa.DefectB.comp_ne,no,thm,Paper/LiteralReadings/S6_7_WeakestPreconditionRules.lean,BoCa/DefectB.lean:150,
BoCa.DefectB.comp_restrict_imm,BoCa.DefectB.comp_restrict_imm,no,thm,Paper/LiteralReadings/S6_7_WeakestPreconditionRules.lean,BoCa/DefectB.lean:252,
BoCa.DefectB.comp_restrict_mut,BoCa.DefectB.comp_restrict_mut,no,thm,Paper/LiteralReadings/S6_7_WeakestPreconditionRules.lean,BoCa/DefectB.lean:243,
BoCa.DefectB.comp_restrict_own,BoCa.DefectB.comp_restrict_own,no,thm,Paper/LiteralReadings/S6_7_WeakestPreconditionRules.lean,BoCa/DefectB.lean:234,
BoCa.DefectB.comp_sites_imm,BoCa.DefectB.comp_sites_imm,no,thm,Paper/LiteralReadings/S6_7_WeakestPreconditionRules.lean,BoCa/DefectB.lean:271,
BoCa.DefectB.comp_sites_mut,BoCa.DefectB.comp_sites_mut,no,thm,Paper/LiteralReadings/S6_7_WeakestPreconditionRules.lean,BoCa/DefectB.lean:262,
BoCa.DefectB.exR_empty,BoCa.DefectB.exR_empty,no,thm,Paper/LiteralReadings/S6_7_WeakestPreconditionRules.lean,BoCa/DefectB.lean:155,
BoCa.DefectB.exR_rho2,BoCa.DefectB.exR_rho2,no,thm,Paper/LiteralReadings/S6_7_WeakestPreconditionRules.lean,BoCa/DefectB.lean:220,
BoCa.DefectB.exS_comp,BoCa.DefectB.exS_comp,no,thm,Paper/LiteralReadings/S6_7_WeakestPreconditionRules.lean,BoCa/DefectB.lean:283,
BoCa.DefectB.flat_composite,BoCa.DefectB.flat_composite,no,thm,Paper/LiteralReadings/S6_7_WeakestPreconditionRules.lean,BoCa/DefectB.lean:340,
BoCa.DefectB.hash_empty_of_valid,BoCa.DefectB.hash_empty_of_valid,no,thm,Paper/LiteralReadings/S6_7_WeakestPreconditionRules.lean,BoCa/DefectB.lean:478,
BoCa.DefectB.head_not_var,BoCa.DefectB.head_not_var,no,thm,Paper/LiteralReadings/S6_7_WeakestPreconditionRules.lean,BoCa/DefectB.lean:460,
BoCa.DefectB.lhs_holds,BoCa.DefectB.lhs_holds,no,thm,Paper/LiteralReadings/S6_7_WeakestPreconditionRules.lean,BoCa/DefectB.lean:498,
BoCa.DefectB.mem_single,BoCa.DefectB.mem_single,no,thm,Paper/LiteralReadings/S6_7_WeakestPreconditionRules.lean,BoCa/DefectB.lean:421,
BoCa.DefectB.mk2,BoCa.DefectB.mk2,no,def,Paper/LiteralReadings/S6_7_WeakestPreconditionRules.lean,BoCa/DefectB.lean:58,
BoCa.DefectB.mk2_a,BoCa.DefectB.mk2_a,no,thm,Paper/LiteralReadings/S6_7_WeakestPreconditionRules.lean,BoCa/DefectB.lean:70,
BoCa.DefectB.mk2_b,BoCa.DefectB.mk2_b,no,thm,Paper/LiteralReadings/S6_7_WeakestPreconditionRules.lean,BoCa/DefectB.lean:73,
BoCa.DefectB.mk2_ne,BoCa.DefectB.mk2_ne,no,thm,Paper/LiteralReadings/S6_7_WeakestPreconditionRules.lean,BoCa/DefectB.lean:78,
BoCa.DefectB.mk3,BoCa.DefectB.mk3,no,def,Paper/LiteralReadings/S6_7_WeakestPreconditionRules.lean,BoCa/DefectB.lean:83,
BoCa.DefectB.mk3_a,BoCa.DefectB.mk3_a,no,thm,Paper/LiteralReadings/S6_7_WeakestPreconditionRules.lean,BoCa/DefectB.lean:99,
BoCa.DefectB.mk3_b,BoCa.DefectB.mk3_b,no,thm,Paper/LiteralReadings/S6_7_WeakestPreconditionRules.lean,BoCa/DefectB.lean:102,
BoCa.DefectB.mk3_c,BoCa.DefectB.mk3_c,no,thm,Paper/LiteralReadings/S6_7_WeakestPreconditionRules.lean,BoCa/DefectB.lean:107,
BoCa.DefectB.mk3_ne,BoCa.DefectB.mk3_ne,no,thm,Paper/LiteralReadings/S6_7_WeakestPreconditionRules.lean,BoCa/DefectB.lean:113,
BoCa.DefectB.noCompat,BoCa.DefectB.noCompat,no,thm,Paper/LiteralReadings/S6_7_WeakestPreconditionRules.lean,BoCa/DefectB.lean:383,
BoCa.DefectB.no_wp_var,BoCa.DefectB.no_wp_var,no,thm,Paper/LiteralReadings/S6_7_WeakestPreconditionRules.lean,BoCa/DefectB.lean:482,
BoCa.DefectB.plug_var,BoCa.DefectB.plug_var,no,thm,Paper/LiteralReadings/S6_7_WeakestPreconditionRules.lean,BoCa/DefectB.lean:456,
BoCa.DefectB.rebA,BoCa.DefectB.rebA,no,def,Paper/LiteralReadings/S6_7_WeakestPreconditionRules.lean,BoCa/DefectB.lean:375,
BoCa.DefectB.rebA_0,BoCa.DefectB.rebA_0,no,thm,Paper/LiteralReadings/S6_7_WeakestPreconditionRules.lean,BoCa/DefectB.lean:379,
BoCa.DefectB.reb_rho2_rebA,BoCa.DefectB.reb_rho2_rebA,no,thm,Paper/LiteralReadings/S6_7_WeakestPreconditionRules.lean,BoCa/DefectB.lean:426,
BoCa.DefectB.rho2,BoCa.DefectB.rho2,no,def,Paper/LiteralReadings/S6_7_WeakestPreconditionRules.lean,BoCa/DefectB.lean:118,
BoCa.DefectB.rho2_0,BoCa.DefectB.rho2_0,no,thm,Paper/LiteralReadings/S6_7_WeakestPreconditionRules.lean,BoCa/DefectB.lean:121,
BoCa.DefectB.rho2_1,BoCa.DefectB.rho2_1,no,thm,Paper/LiteralReadings/S6_7_WeakestPreconditionRules.lean,BoCa/DefectB.lean:122,
BoCa.DefectB.rho2_del_0,BoCa.DefectB.rho2_del_0,no,thm,Paper/LiteralReadings/S6_7_WeakestPreconditionRules.lean,BoCa/DefectB.lean:401,
BoCa.DefectB.rho2_ne,BoCa.DefectB.rho2_ne,no,thm,Paper/LiteralReadings/S6_7_WeakestPreconditionRules.lean,BoCa/DefectB.lean:123,
BoCa.DefectB.rho2_restrict_imm,BoCa.DefectB.rho2_restrict_imm,no,thm,Paper/LiteralReadings/S6_7_WeakestPreconditionRules.lean,BoCa/DefectB.lean:193,
BoCa.DefectB.rho2_restrict_mut,BoCa.DefectB.rho2_restrict_mut,no,thm,Paper/LiteralReadings/S6_7_WeakestPreconditionRules.lean,BoCa/DefectB.lean:184,
BoCa.DefectB.rho2_restrict_own,BoCa.DefectB.rho2_restrict_own,no,thm,Paper/LiteralReadings/S6_7_WeakestPreconditionRules.lean,BoCa/DefectB.lean:174,
BoCa.DefectB.rho2_sites_imm,BoCa.DefectB.rho2_sites_imm,no,thm,Paper/LiteralReadings/S6_7_WeakestPreconditionRules.lean,BoCa/DefectB.lean:211,
BoCa.DefectB.rho2_sites_mut,BoCa.DefectB.rho2_sites_mut,no,thm,Paper/LiteralReadings/S6_7_WeakestPreconditionRules.lean,BoCa/DefectB.lean:202,
BoCa.DefectB.rho2_stratum,BoCa.DefectB.rho2_stratum,no,thm,Paper/LiteralReadings/S6_7_WeakestPreconditionRules.lean,BoCa/DefectB.lean:126,
BoCa.DefectB.sigma,BoCa.DefectB.sigma,no,def,Paper/LiteralReadings/S6_7_WeakestPreconditionRules.lean,BoCa/DefectB.lean:302,
BoCa.DefectB.sigma_0,BoCa.DefectB.sigma_0,no,thm,Paper/LiteralReadings/S6_7_WeakestPreconditionRules.lean,BoCa/DefectB.lean:304,
BoCa.DefectB.sigma_1,BoCa.DefectB.sigma_1,no,thm,Paper/LiteralReadings/S6_7_WeakestPreconditionRules.lean,BoCa/DefectB.lean:305,
BoCa.DefectB.sigma_2,BoCa.DefectB.sigma_2,no,thm,Paper/LiteralReadings/S6_7_WeakestPreconditionRules.lean,BoCa/DefectB.lean:306,
BoCa.DefectB.sigma_ne,BoCa.DefectB.sigma_ne,no,thm,Paper/LiteralReadings/S6_7_WeakestPreconditionRules.lean,BoCa/DefectB.lean:308,
BoCa.DefectB.step1_not_var,BoCa.DefectB.step1_not_var,no,thm,Paper/LiteralReadings/S6_7_WeakestPreconditionRules.lean,BoCa/DefectB.lean:463,
BoCa.DefectB.steps_var,BoCa.DefectB.steps_var,no,thm,Paper/LiteralReadings/S6_7_WeakestPreconditionRules.lean,BoCa/DefectB.lean:469,
BoCa.DefectB.var_ne_val,BoCa.DefectB.var_ne_val,no,thm,Paper/LiteralReadings/S6_7_WeakestPreconditionRules.lean,BoCa/DefectB.lean:475,
BoCa.DefectB.witU,BoCa.DefectB.witU,no,def,Paper/LiteralReadings/S6_7_WeakestPreconditionRules.lean,BoCa/DefectB.lean:370,
BoCa.DefectB.witU_stratum,BoCa.DefectB.witU_stratum,no,thm,Paper/LiteralReadings/S6_7_WeakestPreconditionRules.lean,BoCa/DefectB.lean:372,
BoCa.DefectB.wp_reborrow_unreconciled_at_split_view,BoCa.DefectB.wp_reborrow_unreconciled_at_split_view,no,thm,Paper/LiteralReadings/S6_7_WeakestPreconditionRules.lean,BoCa/DefectB.lean:523,6.150
BoCa.DefectB.𝓋,BoCa.DefectB.𝓋,no,def,Paper/LiteralReadings/S6_7_WeakestPreconditionRules.lean,BoCa/DefectB.lean:47,
BoCa.Fig16.BoLo.defectB_not_rebEscrow,BoCa.Fig16.BoLo.defectB_not_rebEscrow,no,thm,Paper/LiteralReadings/S6_7_WeakestPreconditionRules.lean,BoCa/RebWp.lean:444,6.150
BoCa.TR3.stuck_wInj,BoCa.TR3.stuck_wInj,no,thm,Paper/LiteralReadings/S6_7_WeakestPreconditionRules.lean,BoCa/TR3.lean:684,6.135
BoCa.TR3.stuck_wSeq,BoCa.TR3.stuck_wSeq,no,thm,Paper/LiteralReadings/S6_7_WeakestPreconditionRules.lean,BoCa/TR3.lean:693,6.135
BoCa.TR3.wp_inj₁_false,BoCa.TR3.wp_inj₁_false,no,thm,Paper/LiteralReadings/S6_7_WeakestPreconditionRules.lean,BoCa/TR3.lean:1278,6.135
BoCa.TR3.wp_lt_fig16,BoCa.TR3.wp_lt_fig16,no,thm,Paper/LiteralReadings/S6_7_WeakestPreconditionRules.lean,BoCa/TR3.lean:1311,6.135
BoCa.TR3.wp_seq_false,BoCa.TR3.wp_seq_false,no,thm,Paper/LiteralReadings/S6_7_WeakestPreconditionRules.lean,BoCa/TR3.lean:1290,6.135
BoCa.TR3.wp_stuck_false_nonvacuous,BoCa.TR3.wp_stuck_false_nonvacuous,no,thm,Paper/LiteralReadings/S6_7_WeakestPreconditionRules.lean,BoCa/TR3.lean:1300,6.135
BoCa.Fig16.LogRel.Arises,BoCa.Fig16.LogRel.Arises,no,induct,Paper/LiteralReadings/S6_8_FundamentalProperty.lean,BoCa/Fig16LogRel.lean:6454,6.151
BoCa.Fig16.LogRel.Arises.below.comp,BoCa.Fig16.LogRel.Arises.below.comp,no,ctor,Paper/LiteralReadings/S6_8_FundamentalProperty.lean,BoCa/Fig16LogRel.lean:6454,6.151
BoCa.Fig16.LogRel.Arises.below.empty,BoCa.Fig16.LogRel.Arises.below.empty,no,ctor,Paper/LiteralReadings/S6_8_FundamentalProperty.lean,BoCa/Fig16LogRel.lean:6454,6.151
BoCa.Fig16.LogRel.Arises.below.part,BoCa.Fig16.LogRel.Arises.below.part,no,ctor,Paper/LiteralReadings/S6_8_FundamentalProperty.lean,BoCa/Fig16LogRel.lean:6454,6.151
BoCa.Fig16.LogRel.Arises.below.reb,BoCa.Fig16.LogRel.Arises.below.reb,no,ctor,Paper/LiteralReadings/S6_8_FundamentalProperty.lean,BoCa/Fig16LogRel.lean:6454,6.151
BoCa.Fig16.LogRel.Arises.comp,BoCa.Fig16.LogRel.Arises.comp,no,ctor,Paper/LiteralReadings/S6_8_FundamentalProperty.lean,BoCa/Fig16LogRel.lean:6467,6.151
BoCa.Fig16.LogRel.Arises.empty,BoCa.Fig16.LogRel.Arises.empty,no,ctor,Paper/LiteralReadings/S6_8_FundamentalProperty.lean,BoCa/Fig16LogRel.lean:6465,6.151
BoCa.Fig16.LogRel.Arises.part,BoCa.Fig16.LogRel.Arises.part,no,ctor,Paper/LiteralReadings/S6_8_FundamentalProperty.lean,BoCa/Fig16LogRel.lean:6470,6.151
BoCa.Fig16.LogRel.Arises.reb,BoCa.Fig16.LogRel.Arises.reb,no,ctor,Paper/LiteralReadings/S6_8_FundamentalProperty.lean,BoCa/Fig16LogRel.lean:6472,6.151
BoCa.Fig16.LogRel.FundamentalPropertyOverRules,BoCa.Fig16.LogRel.FundamentalPropertyOverRules,no,def,Paper/LiteralReadings/S6_8_FundamentalProperty.lean,BoCa/Fig16LogRel.lean:2842,6.151
BoCa.Fig16.LogRel.MutGapClosed.gap_closed,BoCa.Fig16.LogRel.MutGapClosed.gap_closed,no,thm,Paper/LiteralReadings/S6_8_FundamentalProperty.lean,BoCa/Fig16LogRel.lean:1709,6.162
BoCa.Fig16.LogRel.SemArising,BoCa.Fig16.LogRel.SemArising,no,def,Paper/LiteralReadings/S6_8_FundamentalProperty.lean,BoCa/Fig16LogRel.lean:5432,6.151
BoCa.Fig16.LogRel.ViewWitness.B,BoCa.Fig16.LogRel.ViewWitness.B,no,def,Paper/LiteralReadings/S6_8_FundamentalProperty.lean,BoCa/ViewWitness.lean:196,
BoCa.Fig16.LogRel.ViewWitness.B_subst,BoCa.Fig16.LogRel.ViewWitness.B_subst,no,thm,Paper/LiteralReadings/S6_8_FundamentalProperty.lean,BoCa/ViewWitness.lean:206,
BoCa.Fig16.LogRel.ViewWitness.C,BoCa.Fig16.LogRel.ViewWitness.C,no,def,Paper/LiteralReadings/S6_8_FundamentalProperty.lean,BoCa/ViewWitness.lean:191,
BoCa.Fig16.LogRel.ViewWitness.C_subst,BoCa.Fig16.LogRel.ViewWitness.C_subst,no,thm,Paper/LiteralReadings/S6_8_FundamentalProperty.lean,BoCa/ViewWitness.lean:203,
BoCa.Fig16.LogRel.ViewWitness.C_subst0,BoCa.Fig16.LogRel.ViewWitness.C_subst0,no,thm,Paper/LiteralReadings/S6_8_FundamentalProperty.lean,BoCa/ViewWitness.lean:212,
BoCa.Fig16.LogRel.ViewWitness.T₁,BoCa.Fig16.LogRel.ViewWitness.T₁,no,def,Paper/LiteralReadings/S6_8_FundamentalProperty.lean,BoCa/ViewWitness.lean:363,
BoCa.Fig16.LogRel.ViewWitness.WithloadSem,BoCa.Fig16.LogRel.ViewWitness.WithloadSem,no,def,Paper/LiteralReadings/S6_8_FundamentalProperty.lean,BoCa/ViewWitness.lean:496,
BoCa.Fig16.LogRel.ViewWitness.ag_cells,BoCa.Fig16.LogRel.ViewWitness.ag_cells,no,thm,Paper/LiteralReadings/S6_8_FundamentalProperty.lean,BoCa/TypedViewWitness.lean:47,
BoCa.Fig16.LogRel.ViewWitness.arg_den,BoCa.Fig16.LogRel.ViewWitness.arg_den,no,thm,Paper/LiteralReadings/S6_8_FundamentalProperty.lean,BoCa/ViewWitness.lean:406,
BoCa.Fig16.LogRel.ViewWitness.chain_refuses,BoCa.Fig16.LogRel.ViewWitness.chain_refuses,no,thm,Paper/LiteralReadings/S6_8_FundamentalProperty.lean,BoCa/TypedViewWitness.lean:62,
BoCa.Fig16.LogRel.ViewWitness.derivesWf,BoCa.Fig16.LogRel.ViewWitness.derivesWf,no,thm,Paper/LiteralReadings/S6_8_FundamentalProperty.lean,BoCa/ViewWitness.lean:544,
BoCa.Fig16.LogRel.ViewWitness.excluded,BoCa.Fig16.LogRel.ViewWitness.excluded,no,thm,Paper/LiteralReadings/S6_8_FundamentalProperty.lean,BoCa/TypedViewWitness.lean:73,6.151
BoCa.Fig16.LogRel.ViewWitness.f_den,BoCa.Fig16.LogRel.ViewWitness.f_den,no,thm,Paper/LiteralReadings/S6_8_FundamentalProperty.lean,BoCa/ViewWitness.lean:449,
BoCa.Fig16.LogRel.ViewWitness.fundamentalProperty_refused,BoCa.Fig16.LogRel.ViewWitness.fundamentalProperty_refused,no,thm,Paper/LiteralReadings/S6_8_FundamentalProperty.lean,BoCa/ViewWitness.lean:552,6.151
BoCa.Fig16.LogRel.ViewWitness.hc₁₂,BoCa.Fig16.LogRel.ViewWitness.hc₁₂,no,thm,Paper/LiteralReadings/S6_8_FundamentalProperty.lean,BoCa/ViewWitness.lean:371,
BoCa.Fig16.LogRel.ViewWitness.hvalid,BoCa.Fig16.LogRel.ViewWitness.hvalid,no,thm,Paper/LiteralReadings/S6_8_FundamentalProperty.lean,BoCa/ViewWitness.lean:374,
BoCa.Fig16.LogRel.ViewWitness.lower_read,BoCa.Fig16.LogRel.ViewWitness.lower_read,no,thm,Paper/LiteralReadings/S6_8_FundamentalProperty.lean,BoCa/ViewWitness.lean:440,
BoCa.Fig16.LogRel.ViewWitness.models,BoCa.Fig16.LogRel.ViewWitness.models,no,thm,Paper/LiteralReadings/S6_8_FundamentalProperty.lean,BoCa/ViewWitness.lean:356,
BoCa.Fig16.LogRel.ViewWitness.no_step_isVal,BoCa.Fig16.LogRel.ViewWitness.no_step_isVal,no,thm,Paper/LiteralReadings/S6_8_FundamentalProperty.lean,BoCa/ViewWitness.lean:109,
BoCa.Fig16.LogRel.ViewWitness.not_vShape_pair_empty,BoCa.Fig16.LogRel.ViewWitness.not_vShape_pair_empty,no,thm,Paper/LiteralReadings/S6_8_FundamentalProperty.lean,BoCa/TypedViewWitness.lean:35,
BoCa.Fig16.LogRel.ViewWitness.ok,BoCa.Fig16.LogRel.ViewWitness.ok,no,thm,Paper/LiteralReadings/S6_8_FundamentalProperty.lean,BoCa/ViewWitness.lean:548,
BoCa.Fig16.LogRel.ViewWitness.pair_den_has_cell,BoCa.Fig16.LogRel.ViewWitness.pair_den_has_cell,no,thm,Paper/LiteralReadings/S6_8_FundamentalProperty.lean,BoCa/ViewWitness.lean:418,
BoCa.Fig16.LogRel.ViewWitness.payload_den,BoCa.Fig16.LogRel.ViewWitness.payload_den,no,thm,Paper/LiteralReadings/S6_8_FundamentalProperty.lean,BoCa/ViewWitness.lean:400,
BoCa.Fig16.LogRel.ViewWitness.ref_has_cell,BoCa.Fig16.LogRel.ViewWitness.ref_has_cell,no,thm,Paper/LiteralReadings/S6_8_FundamentalProperty.lean,BoCa/ViewWitness.lean:410,
BoCa.Fig16.LogRel.ViewWitness.ref_unit_den,BoCa.Fig16.LogRel.ViewWitness.ref_unit_den,no,thm,Paper/LiteralReadings/S6_8_FundamentalProperty.lean,BoCa/ViewWitness.lean:396,
BoCa.Fig16.LogRel.ViewWitness.rho2_comp,BoCa.Fig16.LogRel.ViewWitness.rho2_comp,no,thm,Paper/LiteralReadings/S6_8_FundamentalProperty.lean,BoCa/ViewWitness.lean:377,
BoCa.Fig16.LogRel.ViewWitness.run_legit,BoCa.Fig16.LogRel.ViewWitness.run_legit,no,thm,Paper/LiteralReadings/S6_8_FundamentalProperty.lean,BoCa/ViewWitness.lean:227,
BoCa.Fig16.LogRel.ViewWitness.run_stuck,BoCa.Fig16.LogRel.ViewWitness.run_stuck,no,thm,Paper/LiteralReadings/S6_8_FundamentalProperty.lean,BoCa/ViewWitness.lean:266,
BoCa.Fig16.LogRel.ViewWitness.scopedNil,BoCa.Fig16.LogRel.ViewWitness.scopedNil,no,thm,Paper/LiteralReadings/S6_8_FundamentalProperty.lean,BoCa/ViewWitness.lean:550,
BoCa.Fig16.LogRel.ViewWitness.step_app_inv,BoCa.Fig16.LogRel.ViewWitness.step_app_inv,no,thm,Paper/LiteralReadings/S6_8_FundamentalProperty.lean,BoCa/ViewWitness.lean:51,
BoCa.Fig16.LogRel.ViewWitness.step_beta_inv,BoCa.Fig16.LogRel.ViewWitness.step_beta_inv,no,thm,Paper/LiteralReadings/S6_8_FundamentalProperty.lean,BoCa/ViewWitness.lean:113,
BoCa.Fig16.LogRel.ViewWitness.step_letpair_inv,BoCa.Fig16.LogRel.ViewWitness.step_letpair_inv,no,thm,Paper/LiteralReadings/S6_8_FundamentalProperty.lean,BoCa/ViewWitness.lean:91,
BoCa.Fig16.LogRel.ViewWitness.step_load_inv,BoCa.Fig16.LogRel.ViewWitness.step_load_inv,no,thm,Paper/LiteralReadings/S6_8_FundamentalProperty.lean,BoCa/ViewWitness.lean:135,
BoCa.Fig16.LogRel.ViewWitness.step_seq_inv,BoCa.Fig16.LogRel.ViewWitness.step_seq_inv,no,thm,Paper/LiteralReadings/S6_8_FundamentalProperty.lean,BoCa/ViewWitness.lean:73,
BoCa.Fig16.LogRel.ViewWitness.step_store_inv,BoCa.Fig16.LogRel.ViewWitness.step_store_inv,no,thm,Paper/LiteralReadings/S6_8_FundamentalProperty.lean,BoCa/ViewWitness.lean:157,
BoCa.Fig16.LogRel.ViewWitness.steps_peel,BoCa.Fig16.LogRel.ViewWitness.steps_peel,no,thm,Paper/LiteralReadings/S6_8_FundamentalProperty.lean,BoCa/ViewWitness.lean:180,
BoCa.Fig16.LogRel.ViewWitness.stuck_letpair,BoCa.Fig16.LogRel.ViewWitness.stuck_letpair,no,thm,Paper/LiteralReadings/S6_8_FundamentalProperty.lean,BoCa/ViewWitness.lean:254,
BoCa.Fig16.LogRel.ViewWitness.tacticNo_head_,BoCa.Fig16.LogRel.ViewWitness.tacticNo_head_,no,def,Paper/LiteralReadings/S6_8_FundamentalProperty.lean,BoCa/ViewWitness.lean:224,
BoCa.Fig16.LogRel.ViewWitness.tyEq_T₁,BoCa.Fig16.LogRel.ViewWitness.tyEq_T₁,no,thm,Paper/LiteralReadings/S6_8_FundamentalProperty.lean,BoCa/TypedViewWitness.lean:25,
BoCa.Fig16.LogRel.ViewWitness.v0,BoCa.Fig16.LogRel.ViewWitness.v0,no,def,Paper/LiteralReadings/S6_8_FundamentalProperty.lean,BoCa/ViewWitness.lean:188,
BoCa.Fig16.LogRel.ViewWitness.vf,BoCa.Fig16.LogRel.ViewWitness.vf,no,def,Paper/LiteralReadings/S6_8_FundamentalProperty.lean,BoCa/ViewWitness.lean:200,
BoCa.Fig16.LogRel.ViewWitness.vf_app,BoCa.Fig16.LogRel.ViewWitness.vf_app,no,thm,Paper/LiteralReadings/S6_8_FundamentalProperty.lean,BoCa/ViewWitness.lean:216,
BoCa.Fig16.LogRel.ViewWitness.withloadSem_refused,BoCa.Fig16.LogRel.ViewWitness.withloadSem_refused,no,thm,Paper/LiteralReadings/S6_8_FundamentalProperty.lean,BoCa/ViewWitness.lean:502,
BoCa.Fig16.LogRel.ViewWitness.wlApplied,BoCa.Fig16.LogRel.ViewWitness.wlApplied,no,def,Paper/LiteralReadings/S6_8_FundamentalProperty.lean,BoCa/ViewWitness.lean:251,
BoCa.Fig16.LogRel.ViewWitness.wlVal,BoCa.Fig16.LogRel.ViewWitness.wlVal,no,def,Paper/LiteralReadings/S6_8_FundamentalProperty.lean,BoCa/ViewWitness.lean:491,
BoCa.Fig16.LogRel.ViewWitness.wp_run_discard,BoCa.Fig16.LogRel.ViewWitness.wp_run_discard,no,thm,Paper/LiteralReadings/S6_8_FundamentalProperty.lean,BoCa/ViewWitness.lean:426,
BoCa.Fig16.LogRel.ViewWitness.Δ₀,BoCa.Fig16.LogRel.ViewWitness.Δ₀,no,def,Paper/LiteralReadings/S6_8_FundamentalProperty.lean,BoCa/ViewWitness.lean:350,
BoCa.Fig16.LogRel.ViewWitness.δ₀,BoCa.Fig16.LogRel.ViewWitness.δ₀,no,def,Paper/LiteralReadings/S6_8_FundamentalProperty.lean,BoCa/ViewWitness.lean:353,
BoCa.Fig16.LogRel.ViewWitness.ρ₁,BoCa.Fig16.LogRel.ViewWitness.ρ₁,no,def,Paper/LiteralReadings/S6_8_FundamentalProperty.lean,BoCa/ViewWitness.lean:366,
BoCa.Fig16.LogRel.ViewWitness.ρ₂,BoCa.Fig16.LogRel.ViewWitness.ρ₂,no,def,Paper/LiteralReadings/S6_8_FundamentalProperty.lean,BoCa/ViewWitness.lean:368,
BoCa.Fig16.LogRel.copy_step_on_TR3,BoCa.Fig16.LogRel.copy_step_on_TR3,no,thm,Paper/LiteralReadings/S6_8_FundamentalProperty.lean,BoCa/Fig16LogRel.lean:2760,6.170
BoCa.Fig16.LogRel.fundamentalProperty_of,BoCa.Fig16.LogRel.fundamentalProperty_of,no,thm,Paper/LiteralReadings/S6_8_FundamentalProperty.lean,BoCa/Fig16LogRel.lean:6877,6.151
BoCa.Fig16.LogRel.fundamental_in,BoCa.Fig16.LogRel.fundamental_in,no,thm,Paper/LiteralReadings/S6_8_FundamentalProperty.lean,BoCa/Fig16LogRel.lean:6765,6.151
BoCa.Fig16.LogRel.fundamental_of_open,BoCa.Fig16.LogRel.fundamental_of_open,no,thm,Paper/LiteralReadings/S6_8_FundamentalProperty.lean,BoCa/Fig16LogRel.lean:6626,6.151
BoCa.Fig16.LogRel.lifeMembers_of_arises,BoCa.Fig16.LogRel.lifeMembers_of_arises,no,thm,Paper/LiteralReadings/S6_8_FundamentalProperty.lean,BoCa/Fig16LogRel.lean:6481,6.151
BoCa.Fig16.LogRel.not_everyDerivationInRegime,BoCa.Fig16.LogRel.not_everyDerivationInRegime,no,thm,Paper/LiteralReadings/S6_8_FundamentalProperty.lean,BoCa/Fig16LogRel.lean:6870,6.151
BoCa.Fig16.LogRel.not_everyDerivationWf,BoCa.Fig16.LogRel.not_everyDerivationWf,no,thm,Paper/LiteralReadings/S6_8_FundamentalProperty.lean,BoCa/Fig16LogRel.lean:7097,6.151
BoCa.Fig16.LogRel.sem_of_semArising,BoCa.Fig16.LogRel.sem_of_semArising,no,thm,Paper/LiteralReadings/S6_8_FundamentalProperty.lean,BoCa/Fig16LogRel.lean:5441,6.151
BoCa.Fig16.LogRel.sumI₁_refuted_on_TR3,BoCa.Fig16.LogRel.sumI₁_refuted_on_TR3,no,thm,Paper/LiteralReadings/S6_8_FundamentalProperty.lean,BoCa/Fig16LogRel.lean:2717,6.157
BoCa.Fig16.LogRel.swap_step_blocked_on_TR3,BoCa.Fig16.LogRel.swap_step_blocked_on_TR3,no,thm,Paper/LiteralReadings/S6_8_FundamentalProperty.lean,BoCa/Fig16LogRel.lean:2746,6.169
BoCa.Fig16.LogRel.tensorI_step_on_TR3,BoCa.Fig16.LogRel.tensorI_step_on_TR3,no,thm,Paper/LiteralReadings/S6_8_FundamentalProperty.lean,BoCa/Fig16LogRel.lean:2732,6.155
BoCa.Fig16.LogRel.unitE_refuted_on_TR3,BoCa.Fig16.LogRel.unitE_refuted_on_TR3,no,thm,Paper/LiteralReadings/S6_8_FundamentalProperty.lean,BoCa/Fig16LogRel.lean:2697,6.154
BoCa.TR3.derives_wInj,BoCa.TR3.derives_wInj,no,thm,Paper/LiteralReadings/S6_8_FundamentalProperty.lean,BoCa/TR3.lean:671,6.157
BoCa.TR3.derives_wSeq,BoCa.TR3.derives_wSeq,no,thm,Paper/LiteralReadings/S6_8_FundamentalProperty.lean,BoCa/TR3.lean:677,6.154
BoCa.Expr,BoCa.Expr,no,induct,Paper/S1_Syntax/Definitions.lean,BoCa/Syntax.lean:74,1.1;1.16;1.18;1.19;1.20;1.21;1.22;1.23;1.24
BoCa.Expr.app,BoCa.Expr.app,no,ctor,Paper/S1_Syntax/Definitions.lean,BoCa/Syntax.lean:89,1.1;1.16;1.18;1.19;1.20;1.21;1.22;1.23;1.24
BoCa.Expr.app.elim,BoCa.Expr.app.elim,no,def,Paper/S1_Syntax/Definitions.lean,BoCa/Syntax.lean:89,1.1;1.16;1.18;1.19;1.20;1.21;1.22;1.23;1.24
BoCa.Expr.brecOn.eq,BoCa.Expr.brecOn.eq,no,thm,Paper/S1_Syntax/Definitions.lean,BoCa/Syntax.lean:74,1.1;1.16;1.18;1.19;1.20;1.21;1.22;1.23;1.24
BoCa.Expr.brecOn.go,BoCa.Expr.brecOn.go,no,def,Paper/S1_Syntax/Definitions.lean,BoCa/Syntax.lean:74,1.1;1.16;1.18;1.19;1.20;1.21;1.22;1.23;1.24
BoCa.Expr.case,BoCa.Expr.case,no,ctor,Paper/S1_Syntax/Definitions.lean,BoCa/Syntax.lean:88,1.1;1.16;1.18;1.19;1.20;1.21;1.22;1.23;1.24
BoCa.Expr.case.elim,BoCa.Expr.case.elim,no,def,Paper/S1_Syntax/Definitions.lean,BoCa/Syntax.lean:88,1.1;1.16;1.18;1.19;1.20;1.21;1.22;1.23;1.24
BoCa.Expr.inj₁,BoCa.Expr.inj₁,no,ctor,Paper/S1_Syntax/Definitions.lean,BoCa/Syntax.lean:80,1.1;1.16;1.18;1.19;1.20;1.21;1.22;1.23;1.24
BoCa.Expr.inj₁.elim,BoCa.Expr.inj₁.elim,no,def,Paper/S1_Syntax/Definitions.lean,BoCa/Syntax.lean:80,1.1;1.16;1.18;1.19;1.20;1.21;1.22;1.23;1.24
BoCa.Expr.inj₂,BoCa.Expr.inj₂,no,ctor,Paper/S1_Syntax/Definitions.lean,BoCa/Syntax.lean:81,1.1;1.16;1.18;1.19;1.20;1.21;1.22;1.23;1.24
BoCa.Expr.inj₂.elim,BoCa.Expr.inj₂.elim,no,def,Paper/S1_Syntax/Definitions.lean,BoCa/Syntax.lean:81,1.1;1.16;1.18;1.19;1.20;1.21;1.22;1.23;1.24
BoCa.Expr.lam,BoCa.Expr.lam,no,ctor,Paper/S1_Syntax/Definitions.lean,BoCa/Syntax.lean:82,1.1;1.16;1.18;1.19;1.20;1.21;1.22;1.23;1.24
BoCa.Expr.lam.elim,BoCa.Expr.lam.elim,no,def,Paper/S1_Syntax/Definitions.lean,BoCa/Syntax.lean:82,1.1;1.16;1.18;1.19;1.20;1.21;1.22;1.23;1.24
BoCa.Expr.letpair,BoCa.Expr.letpair,no,ctor,Paper/S1_Syntax/Definitions.lean,BoCa/Syntax.lean:87,1.1;1.16;1.18;1.19;1.20;1.21;1.22;1.23;1.24
BoCa.Expr.letpair.elim,BoCa.Expr.letpair.elim,no,def,Paper/S1_Syntax/Definitions.lean,BoCa/Syntax.lean:87,1.1;1.16;1.18;1.19;1.20;1.21;1.22;1.23;1.24
BoCa.Expr.loc,BoCa.Expr.loc,no,ctor,Paper/S1_Syntax/Definitions.lean,BoCa/Syntax.lean:83,1.1;1.16;1.18;1.19;1.20;1.21;1.22;1.23;1.24
BoCa.Expr.loc.elim,BoCa.Expr.loc.elim,no,def,Paper/S1_Syntax/Definitions.lean,BoCa/Syntax.lean:83,1.1;1.16;1.18;1.19;1.20;1.21;1.22;1.23;1.24
BoCa.Expr.pair,BoCa.Expr.pair,no,ctor,Paper/S1_Syntax/Definitions.lean,BoCa/Syntax.lean:79,1.1;1.16;1.18;1.19;1.20;1.21;1.22;1.23;1.24
BoCa.Expr.pair.elim,BoCa.Expr.pair.elim,no,def,Paper/S1_Syntax/Definitions.lean,BoCa/Syntax.lean:79,1.1;1.16;1.18;1.19;1.20;1.21;1.22;1.23;1.24
BoCa.Expr.prim,BoCa.Expr.prim,no,ctor,Paper/S1_Syntax/Definitions.lean,BoCa/Syntax.lean:84,1.1;1.16;1.18;1.19;1.20;1.21;1.22;1.23;1.24
BoCa.Expr.prim.elim,BoCa.Expr.prim.elim,no,def,Paper/S1_Syntax/Definitions.lean,BoCa/Syntax.lean:84,1.1;1.16;1.18;1.19;1.20;1.21;1.22;1.23;1.24
BoCa.Expr.seq,BoCa.Expr.seq,no,ctor,Paper/S1_Syntax/Definitions.lean,BoCa/Syntax.lean:86,1.1;1.16;1.18;1.19;1.20;1.21;1.22;1.23;1.24
BoCa.Expr.seq.elim,BoCa.Expr.seq.elim,no,def,Paper/S1_Syntax/Definitions.lean,BoCa/Syntax.lean:86,1.1;1.16;1.18;1.19;1.20;1.21;1.22;1.23;1.24
BoCa.Expr.unit,BoCa.Expr.unit,no,ctor,Paper/S1_Syntax/Definitions.lean,BoCa/Syntax.lean:78,1.1;1.16;1.18;1.19;1.20;1.21;1.22;1.23;1.24
BoCa.Expr.unit.elim,BoCa.Expr.unit.elim,no,def,Paper/S1_Syntax/Definitions.lean,BoCa/Syntax.lean:78,1.1;1.16;1.18;1.19;1.20;1.21;1.22;1.23;1.24
BoCa.Expr.val,BoCa.Expr.val,no,def,Paper/S1_Syntax/Definitions.lean,BoCa/Syntax.lean:110,1.17
BoCa.Expr.var,BoCa.Expr.var,no,ctor,Paper/S1_Syntax/Definitions.lean,BoCa/Syntax.lean:77,1.1;1.16;1.18;1.19;1.20;1.21;1.22;1.23;1.24
BoCa.Expr.var.elim,BoCa.Expr.var.elim,no,def,Paper/S1_Syntax/Definitions.lean,BoCa/Syntax.lean:77,1.1;1.16;1.18;1.19;1.20;1.21;1.22;1.23;1.24
BoCa.IsVal,BoCa.IsVal,no,induct,Paper/S1_Syntax/Definitions.lean,BoCa/Syntax.lean:92,
BoCa.IsVal.below.inj₁,BoCa.IsVal.below.inj₁,no,ctor,Paper/S1_Syntax/Definitions.lean,BoCa/Syntax.lean:92,
BoCa.IsVal.below.inj₂,BoCa.IsVal.below.inj₂,no,ctor,Paper/S1_Syntax/Definitions.lean,BoCa/Syntax.lean:92,
BoCa.IsVal.below.lam,BoCa.IsVal.below.lam,no,ctor,Paper/S1_Syntax/Definitions.lean,BoCa/Syntax.lean:92,
BoCa.IsVal.below.loc,BoCa.IsVal.below.loc,no,ctor,Paper/S1_Syntax/Definitions.lean,BoCa/Syntax.lean:92,
BoCa.IsVal.below.pair,BoCa.IsVal.below.pair,no,ctor,Paper/S1_Syntax/Definitions.lean,BoCa/Syntax.lean:92,
BoCa.IsVal.below.prim,BoCa.IsVal.below.prim,no,ctor,Paper/S1_Syntax/Definitions.lean,BoCa/Syntax.lean:92,
BoCa.IsVal.below.storeV,BoCa.IsVal.below.storeV,no,ctor,Paper/S1_Syntax/Definitions.lean,BoCa/Syntax.lean:92,
BoCa.IsVal.below.unit,BoCa.IsVal.below.unit,no,ctor,Paper/S1_Syntax/Definitions.lean,BoCa/Syntax.lean:92,
BoCa.IsVal.inj₁,BoCa.IsVal.inj₁,no,ctor,Paper/S1_Syntax/Definitions.lean,BoCa/Syntax.lean:100,
BoCa.IsVal.inj₂,BoCa.IsVal.inj₂,no,ctor,Paper/S1_Syntax/Definitions.lean,BoCa/Syntax.lean:101,
BoCa.IsVal.lam,BoCa.IsVal.lam,no,ctor,Paper/S1_Syntax/Definitions.lean,BoCa/Syntax.lean:102,
BoCa.IsVal.loc,BoCa.IsVal.loc,no,ctor,Paper/S1_Syntax/Definitions.lean,BoCa/Syntax.lean:103,
BoCa.IsVal.pair,BoCa.IsVal.pair,no,ctor,Paper/S1_Syntax/Definitions.lean,BoCa/Syntax.lean:99,
BoCa.IsVal.prim,BoCa.IsVal.prim,no,ctor,Paper/S1_Syntax/Definitions.lean,BoCa/Syntax.lean:104,
BoCa.IsVal.storeV,BoCa.IsVal.storeV,no,ctor,Paper/S1_Syntax/Definitions.lean,BoCa/Syntax.lean:105,
BoCa.IsVal.unit,BoCa.IsVal.unit,no,ctor,Paper/S1_Syntax/Definitions.lean,BoCa/Syntax.lean:98,
BoCa.Lifetime.Life,BoCa.Lifetime.Life,no,induct,Paper/S1_Syntax/Definitions.lean,BoCa/Life.lean:50,1.26;1.27;1.28;1.29
BoCa.Lifetime.Life.brecOn.eq,BoCa.Lifetime.Life.brecOn.eq,no,thm,Paper/S1_Syntax/Definitions.lean,BoCa/Life.lean:50,1.26;1.27;1.28;1.29
BoCa.Lifetime.Life.brecOn.go,BoCa.Lifetime.Life.brecOn.go,no,def,Paper/S1_Syntax/Definitions.lean,BoCa/Life.lean:50,1.26;1.27;1.28;1.29
BoCa.Lifetime.Life.join,BoCa.Lifetime.Life.join,no,ctor,Paper/S1_Syntax/Definitions.lean,BoCa/Life.lean:56,1.26;1.27;1.28;1.29
BoCa.Lifetime.Life.join.elim,BoCa.Lifetime.Life.join.elim,no,def,Paper/S1_Syntax/Definitions.lean,BoCa/Life.lean:56,1.26;1.27;1.28;1.29
BoCa.Lifetime.Life.meet,BoCa.Lifetime.Life.meet,no,ctor,Paper/S1_Syntax/Definitions.lean,BoCa/Life.lean:58,1.26;1.27;1.28;1.29
BoCa.Lifetime.Life.meet.elim,BoCa.Lifetime.Life.meet.elim,no,def,Paper/S1_Syntax/Definitions.lean,BoCa/Life.lean:58,1.26;1.27;1.28;1.29
BoCa.Lifetime.Life.top,BoCa.Lifetime.Life.top,no,ctor,Paper/S1_Syntax/Definitions.lean,BoCa/Life.lean:54,1.26;1.27;1.28;1.29
BoCa.Lifetime.Life.top.elim,BoCa.Lifetime.Life.top.elim,no,def,Paper/S1_Syntax/Definitions.lean,BoCa/Life.lean:54,1.26;1.27;1.28;1.29
BoCa.Lifetime.Life.var,BoCa.Lifetime.Life.var,no,ctor,Paper/S1_Syntax/Definitions.lean,BoCa/Life.lean:52,1.26;1.27;1.28;1.29
BoCa.Lifetime.Life.var.elim,BoCa.Lifetime.Life.var.elim,no,def,Paper/S1_Syntax/Definitions.lean,BoCa/Life.lean:52,1.26;1.27;1.28;1.29
BoCa.Lifetime.LifeCtx,BoCa.Lifetime.LifeCtx,no,induct,Paper/S1_Syntax/Definitions.lean,BoCa/Life.lean:297,1.30
BoCa.Lifetime.LifeCtx.entries,BoCa.Lifetime.LifeCtx.entries,no,def,Paper/S1_Syntax/Definitions.lean,BoCa/Life.lean:298,1.30
BoCa.Lifetime.LifeCtx.mk,BoCa.Lifetime.LifeCtx.mk,no,ctor,Paper/S1_Syntax/Definitions.lean,BoCa/Life.lean:297,1.30
BoCa.Lifetime.LifeVar,BoCa.Lifetime.LifeVar,no,def,Paper/S1_Syntax/Definitions.lean,BoCa/Life.lean:45,1.25
BoCa.Lifetime.instDecidableEqLife,BoCa.Lifetime.instDecidableEqLife,no,def,Paper/S1_Syntax/Definitions.lean,BoCa/Life.lean:60,1.26;1.27;1.28;1.29
BoCa.Lifetime.instDecidableEqLife.decEq,BoCa.Lifetime.instDecidableEqLife.decEq,no,def,Paper/S1_Syntax/Definitions.lean,BoCa/Life.lean:60,1.26;1.27;1.28;1.29
BoCa.Lifetime.instDecidableEqLifeCtx,BoCa.Lifetime.instDecidableEqLifeCtx,no,def,Paper/S1_Syntax/Definitions.lean,BoCa/Life.lean:299,1.30
BoCa.Lifetime.instDecidableEqLifeCtx.decEq,BoCa.Lifetime.instDecidableEqLifeCtx.decEq,no,def,Paper/S1_Syntax/Definitions.lean,BoCa/Life.lean:299,1.30
BoCa.Lifetime.instInhabitedLife,BoCa.Lifetime.instInhabitedLife,no,def,Paper/S1_Syntax/Definitions.lean,BoCa/Life.lean:60,1.26;1.27;1.28;1.29
BoCa.Lifetime.instInhabitedLife.default,BoCa.Lifetime.instInhabitedLife.default,no,def,Paper/S1_Syntax/Definitions.lean,BoCa/Life.lean:60,1.26;1.27;1.28;1.29
BoCa.Lifetime.instInhabitedLifeCtx,BoCa.Lifetime.instInhabitedLifeCtx,no,def,Paper/S1_Syntax/Definitions.lean,BoCa/Life.lean:299,1.30
BoCa.Lifetime.instInhabitedLifeCtx.default,BoCa.Lifetime.instInhabitedLifeCtx.default,no,def,Paper/S1_Syntax/Definitions.lean,BoCa/Life.lean:299,1.30
BoCa.Lifetime.instReprLife,BoCa.Lifetime.instReprLife,no,def,Paper/S1_Syntax/Definitions.lean,BoCa/Life.lean:60,1.26;1.27;1.28;1.29
BoCa.Lifetime.instReprLife.repr,BoCa.Lifetime.instReprLife.repr,no,def,Paper/S1_Syntax/Definitions.lean,BoCa/Life.lean:60,1.26;1.27;1.28;1.29
BoCa.Lifetime.instReprLifeCtx,BoCa.Lifetime.instReprLifeCtx,no,def,Paper/S1_Syntax/Definitions.lean,BoCa/Life.lean:299,1.30
BoCa.Lifetime.instReprLifeCtx.repr,BoCa.Lifetime.instReprLifeCtx.repr,no,def,Paper/S1_Syntax/Definitions.lean,BoCa/Life.lean:299,1.30
BoCa.Loc,BoCa.Loc,no,def,Paper/S1_Syntax/Definitions.lean,BoCa/Syntax.lean:63,1.2
BoCa.Prim,BoCa.Prim,no,induct,Paper/S1_Syntax/Definitions.lean,BoCa/Syntax.lean:65,1.11;1.12;1.13;1.14
BoCa.Prim.alloc,BoCa.Prim.alloc,no,ctor,Paper/S1_Syntax/Definitions.lean,BoCa/Syntax.lean:71,1.11;1.12;1.13;1.14
BoCa.Prim.alloc.elim,BoCa.Prim.alloc.elim,no,def,Paper/S1_Syntax/Definitions.lean,BoCa/Syntax.lean:71,1.11;1.12;1.13;1.14
BoCa.Prim.free,BoCa.Prim.free,no,ctor,Paper/S1_Syntax/Definitions.lean,BoCa/Syntax.lean:71,1.11;1.12;1.13;1.14
BoCa.Prim.free.elim,BoCa.Prim.free.elim,no,def,Paper/S1_Syntax/Definitions.lean,BoCa/Syntax.lean:71,1.11;1.12;1.13;1.14
BoCa.Prim.load,BoCa.Prim.load,no,ctor,Paper/S1_Syntax/Definitions.lean,BoCa/Syntax.lean:71,1.11;1.12;1.13;1.14
BoCa.Prim.load.elim,BoCa.Prim.load.elim,no,def,Paper/S1_Syntax/Definitions.lean,BoCa/Syntax.lean:71,1.11;1.12;1.13;1.14
BoCa.Prim.ofNat,BoCa.Prim.ofNat,no,def,Paper/S1_Syntax/Definitions.lean,BoCa/Syntax.lean:65,1.11;1.12;1.13;1.14
BoCa.Prim.ofNat_ctorIdx,BoCa.Prim.ofNat_ctorIdx,no,thm,Paper/S1_Syntax/Definitions.lean,BoCa/Syntax.lean:65,1.11;1.12;1.13;1.14
BoCa.Prim.store,BoCa.Prim.store,no,ctor,Paper/S1_Syntax/Definitions.lean,BoCa/Syntax.lean:71,1.11;1.12;1.13;1.14
BoCa.Prim.store.elim,BoCa.Prim.store.elim,no,def,Paper/S1_Syntax/Definitions.lean,BoCa/Syntax.lean:71,1.11;1.12;1.13;1.14
BoCa.Prim.toCtorIdx,BoCa.Prim.toCtorIdx,no,def,Paper/S1_Syntax/Definitions.lean,BoCa/Syntax.lean:65,1.11;1.12;1.13;1.14
BoCa.Ty,BoCa.Ty,no,induct,Paper/S1_Syntax/Definitions.lean,BoCa/Ty.lean:86,1.31;1.32;1.33;1.34;1.35;1.36;1.37;1.38;1.39;1.40
BoCa.Ty.all,BoCa.Ty.all,no,ctor,Paper/S1_Syntax/Definitions.lean,BoCa/Ty.lean:111,1.31;1.32;1.33;1.34;1.35;1.36;1.37;1.38;1.39;1.40
BoCa.Ty.all.elim,BoCa.Ty.all.elim,no,def,Paper/S1_Syntax/Definitions.lean,BoCa/Ty.lean:111,1.31;1.32;1.33;1.34;1.35;1.36;1.37;1.38;1.39;1.40
BoCa.Ty.box,BoCa.Ty.box,no,ctor,Paper/S1_Syntax/Definitions.lean,BoCa/Ty.lean:109,1.31;1.32;1.33;1.34;1.35;1.36;1.37;1.38;1.39;1.40
BoCa.Ty.box.elim,BoCa.Ty.box.elim,no,def,Paper/S1_Syntax/Definitions.lean,BoCa/Ty.lean:109,1.31;1.32;1.33;1.34;1.35;1.36;1.37;1.38;1.39;1.40
BoCa.Ty.brecOn.eq,BoCa.Ty.brecOn.eq,no,thm,Paper/S1_Syntax/Definitions.lean,BoCa/Ty.lean:86,1.31;1.32;1.33;1.34;1.35;1.36;1.37;1.38;1.39;1.40
BoCa.Ty.brecOn.go,BoCa.Ty.brecOn.go,no,def,Paper/S1_Syntax/Definitions.lean,BoCa/Ty.lean:86,1.31;1.32;1.33;1.34;1.35;1.36;1.37;1.38;1.39;1.40
BoCa.Ty.imm,BoCa.Ty.imm,no,ctor,Paper/S1_Syntax/Definitions.lean,BoCa/Ty.lean:98,1.31;1.32;1.33;1.34;1.35;1.36;1.37;1.38;1.39;1.40
BoCa.Ty.imm.elim,BoCa.Ty.imm.elim,no,def,Paper/S1_Syntax/Definitions.lean,BoCa/Ty.lean:98,1.31;1.32;1.33;1.34;1.35;1.36;1.37;1.38;1.39;1.40
BoCa.Ty.lolli,BoCa.Ty.lolli,no,ctor,Paper/S1_Syntax/Definitions.lean,BoCa/Ty.lean:96,1.31;1.32;1.33;1.34;1.35;1.36;1.37;1.38;1.39;1.40
BoCa.Ty.lolli.elim,BoCa.Ty.lolli.elim,no,def,Paper/S1_Syntax/Definitions.lean,BoCa/Ty.lean:96,1.31;1.32;1.33;1.34;1.35;1.36;1.37;1.38;1.39;1.40
BoCa.Ty.mut,BoCa.Ty.mut,no,ctor,Paper/S1_Syntax/Definitions.lean,BoCa/Ty.lean:100,1.31;1.32;1.33;1.34;1.35;1.36;1.37;1.38;1.39;1.40
BoCa.Ty.mut.elim,BoCa.Ty.mut.elim,no,def,Paper/S1_Syntax/Definitions.lean,BoCa/Ty.lean:100,1.31;1.32;1.33;1.34;1.35;1.36;1.37;1.38;1.39;1.40
BoCa.Ty.ref,BoCa.Ty.ref,no,ctor,Paper/S1_Syntax/Definitions.lean,BoCa/Ty.lean:97,1.31;1.32;1.33;1.34;1.35;1.36;1.37;1.38;1.39;1.40
BoCa.Ty.ref.elim,BoCa.Ty.ref.elim,no,def,Paper/S1_Syntax/Definitions.lean,BoCa/Ty.lean:97,1.31;1.32;1.33;1.34;1.35;1.36;1.37;1.38;1.39;1.40
BoCa.Ty.sum,BoCa.Ty.sum,no,ctor,Paper/S1_Syntax/Definitions.lean,BoCa/Ty.lean:94,1.31;1.32;1.33;1.34;1.35;1.36;1.37;1.38;1.39;1.40
BoCa.Ty.sum.elim,BoCa.Ty.sum.elim,no,def,Paper/S1_Syntax/Definitions.lean,BoCa/Ty.lean:94,1.31;1.32;1.33;1.34;1.35;1.36;1.37;1.38;1.39;1.40
BoCa.Ty.tensor,BoCa.Ty.tensor,no,ctor,Paper/S1_Syntax/Definitions.lean,BoCa/Ty.lean:95,1.31;1.32;1.33;1.34;1.35;1.36;1.37;1.38;1.39;1.40
BoCa.Ty.tensor.elim,BoCa.Ty.tensor.elim,no,def,Paper/S1_Syntax/Definitions.lean,BoCa/Ty.lean:95,1.31;1.32;1.33;1.34;1.35;1.36;1.37;1.38;1.39;1.40
BoCa.Ty.unit,BoCa.Ty.unit,no,ctor,Paper/S1_Syntax/Definitions.lean,BoCa/Ty.lean:93,1.31;1.32;1.33;1.34;1.35;1.36;1.37;1.38;1.39;1.40
BoCa.Ty.unit.elim,BoCa.Ty.unit.elim,no,def,Paper/S1_Syntax/Definitions.lean,BoCa/Ty.lean:93,1.31;1.32;1.33;1.34;1.35;1.36;1.37;1.38;1.39;1.40
BoCa.Ty.unk,BoCa.Ty.unk,no,ctor,Paper/S1_Syntax/Definitions.lean,BoCa/Ty.lean:113,1.31;1.32;1.33;1.34;1.35;1.36;1.37;1.38;1.39;1.40
BoCa.Ty.unk.elim,BoCa.Ty.unk.elim,no,def,Paper/S1_Syntax/Definitions.lean,BoCa/Ty.lean:113,1.31;1.32;1.33;1.34;1.35;1.36;1.37;1.38;1.39;1.40
BoCa.Val,BoCa.Val,no,def,Paper/S1_Syntax/Definitions.lean,BoCa/Syntax.lean:107,
BoCa.Val.inj₁,BoCa.Val.inj₁,no,def,Paper/S1_Syntax/Definitions.lean,BoCa/Syntax.lean:165,1.5
BoCa.Val.inj₂,BoCa.Val.inj₂,no,def,Paper/S1_Syntax/Definitions.lean,BoCa/Syntax.lean:166,1.6
BoCa.Val.lam,BoCa.Val.lam,no,def,Paper/S1_Syntax/Definitions.lean,BoCa/Syntax.lean:167,1.7;1.8
BoCa.Val.loc,BoCa.Val.loc,no,def,Paper/S1_Syntax/Definitions.lean,BoCa/Syntax.lean:168,1.9
BoCa.Val.loc_inj,BoCa.Val.loc_inj,no,thm,Paper/S1_Syntax/Definitions.lean,BoCa/Syntax.lean:191,
BoCa.Val.pair,BoCa.Val.pair,no,def,Paper/S1_Syntax/Definitions.lean,BoCa/Syntax.lean:164,1.4
BoCa.Val.prim,BoCa.Val.prim,no,def,Paper/S1_Syntax/Definitions.lean,BoCa/Syntax.lean:169,1.10
BoCa.Val.storeV,BoCa.Val.storeV,no,def,Paper/S1_Syntax/Definitions.lean,BoCa/Syntax.lean:170,1.10;1.15
BoCa.Val.unit,BoCa.Val.unit,no,def,Paper/S1_Syntax/Definitions.lean,BoCa/Syntax.lean:163,1.3
BoCa.Val.val_inj₁,BoCa.Val.val_inj₁,no,thm,Paper/S1_Syntax/Definitions.lean,BoCa/Syntax.lean:174,
BoCa.Val.val_inj₂,BoCa.Val.val_inj₂,no,thm,Paper/S1_Syntax/Definitions.lean,BoCa/Syntax.lean:175,
BoCa.Val.val_lam,BoCa.Val.val_lam,no,thm,Paper/S1_Syntax/Definitions.lean,BoCa/Syntax.lean:176,
BoCa.Val.val_loc,BoCa.Val.val_loc,no,thm,Paper/S1_Syntax/Definitions.lean,BoCa/Syntax.lean:177,
BoCa.Val.val_pair,BoCa.Val.val_pair,no,thm,Paper/S1_Syntax/Definitions.lean,BoCa/Syntax.lean:173,
BoCa.Val.val_prim,BoCa.Val.val_prim,no,thm,Paper/S1_Syntax/Definitions.lean,BoCa/Syntax.lean:178,
BoCa.Val.val_storeV,BoCa.Val.val_storeV,no,thm,Paper/S1_Syntax/Definitions.lean,BoCa/Syntax.lean:179,
BoCa.Val.val_unit,BoCa.Val.val_unit,no,thm,Paper/S1_Syntax/Definitions.lean,BoCa/Syntax.lean:172,
BoCa.instDecidableEqPrim,BoCa.instDecidableEqPrim,no,def,Paper/S1_Syntax/Definitions.lean,BoCa/Syntax.lean:72,1.11;1.12;1.13;1.14
BoCa.instDecidableEqTy,BoCa.instDecidableEqTy,no,def,Paper/S1_Syntax/Definitions.lean,BoCa/Ty.lean:118,1.31;1.32;1.33;1.34;1.35;1.36;1.37;1.38;1.39;1.40
BoCa.instDecidableEqTy.decEq,BoCa.instDecidableEqTy.decEq,no,def,Paper/S1_Syntax/Definitions.lean,BoCa/Ty.lean:118,1.31;1.32;1.33;1.34;1.35;1.36;1.37;1.38;1.39;1.40
BoCa.instInhabitedTy,BoCa.instInhabitedTy,no,def,Paper/S1_Syntax/Definitions.lean,BoCa/Ty.lean:118,1.31;1.32;1.33;1.34;1.35;1.36;1.37;1.38;1.39;1.40
BoCa.instInhabitedTy.default,BoCa.instInhabitedTy.default,no,def,Paper/S1_Syntax/Definitions.lean,BoCa/Ty.lean:118,1.31;1.32;1.33;1.34;1.35;1.36;1.37;1.38;1.39;1.40
BoCa.instReprExpr,BoCa.instReprExpr,no,def,Paper/S1_Syntax/Definitions.lean,BoCa/Syntax.lean:90,1.1;1.16;1.18;1.19;1.20;1.21;1.22;1.23;1.24
BoCa.instReprExpr.repr,BoCa.instReprExpr.repr,no,def,Paper/S1_Syntax/Definitions.lean,BoCa/Syntax.lean:90,1.1;1.16;1.18;1.19;1.20;1.21;1.22;1.23;1.24
BoCa.instReprPrim,BoCa.instReprPrim,no,def,Paper/S1_Syntax/Definitions.lean,BoCa/Syntax.lean:72,1.11;1.12;1.13;1.14
BoCa.instReprPrim.repr,BoCa.instReprPrim.repr,no,def,Paper/S1_Syntax/Definitions.lean,BoCa/Syntax.lean:72,1.11;1.12;1.13;1.14
BoCa.instReprTy,BoCa.instReprTy,no,def,Paper/S1_Syntax/Definitions.lean,BoCa/Ty.lean:118,1.31;1.32;1.33;1.34;1.35;1.36;1.37;1.38;1.39;1.40
BoCa.instReprTy.repr,BoCa.instReprTy.repr,no,def,Paper/S1_Syntax/Definitions.lean,BoCa/Ty.lean:118,1.31;1.32;1.33;1.34;1.35;1.36;1.37;1.38;1.39;1.40
BoCa.not_isVal_case,BoCa.not_isVal_case,no,thm,Paper/S1_Syntax/Definitions.lean,BoCa/Syntax.lean:153,
BoCa.not_isVal_letpair,BoCa.not_isVal_letpair,no,thm,Paper/S1_Syntax/Definitions.lean,BoCa/Syntax.lean:152,
BoCa.not_isVal_seq,BoCa.not_isVal_seq,no,thm,Paper/S1_Syntax/Definitions.lean,BoCa/Syntax.lean:151,
BoCa.not_isVal_var,BoCa.not_isVal_var,no,thm,Paper/S1_Syntax/Definitions.lean,BoCa/Syntax.lean:149,
BoCa.Ctx.Dead,BoCa.Ctx.Dead,no,induct,Paper/S2_Statics/Definitions.lean,BoCa/Derives.lean:152,2.38
BoCa.Ctx.Dead.below.cons,BoCa.Ctx.Dead.below.cons,no,ctor,Paper/S2_Statics/Definitions.lean,BoCa/Derives.lean:152,2.38
BoCa.Ctx.Dead.below.nil,BoCa.Ctx.Dead.below.nil,no,ctor,Paper/S2_Statics/Definitions.lean,BoCa/Derives.lean:152,2.38
BoCa.Ctx.Dead.cons,BoCa.Ctx.Dead.cons,no,ctor,Paper/S2_Statics/Definitions.lean,BoCa/Derives.lean:156,2.38
BoCa.Ctx.Dead.nil,BoCa.Ctx.Dead.nil,no,ctor,Paper/S2_Statics/Definitions.lean,BoCa/Derives.lean:155,2.38
BoCa.Ctx.Outlives,BoCa.Ctx.Outlives,no,def,Paper/S2_Statics/Definitions.lean,BoCa/Derives.lean:508,2.58
BoCa.Ctx.Solo,BoCa.Ctx.Solo,no,induct,Paper/S2_Statics/Definitions.lean,BoCa/Derives.lean:170,
BoCa.Ctx.Solo.below.here,BoCa.Ctx.Solo.below.here,no,ctor,Paper/S2_Statics/Definitions.lean,BoCa/Derives.lean:170,
BoCa.Ctx.Solo.below.there,BoCa.Ctx.Solo.below.there,no,ctor,Paper/S2_Statics/Definitions.lean,BoCa/Derives.lean:170,
BoCa.Ctx.Solo.here,BoCa.Ctx.Solo.here,no,ctor,Paper/S2_Statics/Definitions.lean,BoCa/Derives.lean:172,
BoCa.Ctx.Solo.there,BoCa.Ctx.Solo.there,no,ctor,Paper/S2_Statics/Definitions.lean,BoCa/Derives.lean:173,
BoCa.Derives,BoCa.Derives,no,induct,Paper/S2_Statics/Definitions.lean,BoCa/Derives.lean:634,2.1;2.2;2.3;2.4;2.5;2.6;2.7;2.8;2.9;2.10;2.11;2.12;2.13;2.14;2.15;2.16;2.17;2.18;2.38;2.39;2.40;2.41;2.42;2.43;2.44;2.45;2.46;2.47;2.48
BoCa.Derives.allE,BoCa.Derives.allE,no,ctor,Paper/S2_Statics/Definitions.lean,BoCa/Derives.lean:697,2.1;2.2;2.3;2.4;2.5;2.6;2.7;2.8;2.9;2.10;2.11;2.12;2.13;2.14;2.15;2.16;2.17;2.18;2.38;2.39;2.40;2.41;2.42;2.43;2.44;2.45;2.46;2.47;2.48
BoCa.Derives.allI,BoCa.Derives.allI,no,ctor,Paper/S2_Statics/Definitions.lean,BoCa/Derives.lean:690,2.1;2.2;2.3;2.4;2.5;2.6;2.7;2.8;2.9;2.10;2.11;2.12;2.13;2.14;2.15;2.16;2.17;2.18;2.38;2.39;2.40;2.41;2.42;2.43;2.44;2.45;2.46;2.47;2.48
BoCa.Derives.allocAx,BoCa.Derives.allocAx,no,ctor,Paper/S2_Statics/Definitions.lean,BoCa/Derives.lean:732,2.1;2.2;2.3;2.4;2.5;2.6;2.7;2.8;2.9;2.10;2.11;2.12;2.13;2.14;2.15;2.16;2.17;2.18;2.38;2.39;2.40;2.41;2.42;2.43;2.44;2.45;2.46;2.47;2.48
BoCa.Derives.below.allE,BoCa.Derives.below.allE,no,ctor,Paper/S2_Statics/Definitions.lean,BoCa/Derives.lean:634,2.1;2.2;2.3;2.4;2.5;2.6;2.7;2.8;2.9;2.10;2.11;2.12;2.13;2.14;2.15;2.16;2.17;2.18;2.38;2.39;2.40;2.41;2.42;2.43;2.44;2.45;2.46;2.47;2.48
BoCa.Derives.below.allI,BoCa.Derives.below.allI,no,ctor,Paper/S2_Statics/Definitions.lean,BoCa/Derives.lean:634,2.1;2.2;2.3;2.4;2.5;2.6;2.7;2.8;2.9;2.10;2.11;2.12;2.13;2.14;2.15;2.16;2.17;2.18;2.38;2.39;2.40;2.41;2.42;2.43;2.44;2.45;2.46;2.47;2.48
BoCa.Derives.below.allocAx,BoCa.Derives.below.allocAx,no,ctor,Paper/S2_Statics/Definitions.lean,BoCa/Derives.lean:634,2.1;2.2;2.3;2.4;2.5;2.6;2.7;2.8;2.9;2.10;2.11;2.12;2.13;2.14;2.15;2.16;2.17;2.18;2.38;2.39;2.40;2.41;2.42;2.43;2.44;2.45;2.46;2.47;2.48
BoCa.Derives.below.boxE,BoCa.Derives.below.boxE,no,ctor,Paper/S2_Statics/Definitions.lean,BoCa/Derives.lean:634,2.1;2.2;2.3;2.4;2.5;2.6;2.7;2.8;2.9;2.10;2.11;2.12;2.13;2.14;2.15;2.16;2.17;2.18;2.38;2.39;2.40;2.41;2.42;2.43;2.44;2.45;2.46;2.47;2.48
BoCa.Derives.below.boxIctx,BoCa.Derives.below.boxIctx,no,ctor,Paper/S2_Statics/Definitions.lean,BoCa/Derives.lean:634,2.1;2.2;2.3;2.4;2.5;2.6;2.7;2.8;2.9;2.10;2.11;2.12;2.13;2.14;2.15;2.16;2.17;2.18;2.38;2.39;2.40;2.41;2.42;2.43;2.44;2.45;2.46;2.47;2.48
BoCa.Derives.below.copyAx,BoCa.Derives.below.copyAx,no,ctor,Paper/S2_Statics/Definitions.lean,BoCa/Derives.lean:634,2.1;2.2;2.3;2.4;2.5;2.6;2.7;2.8;2.9;2.10;2.11;2.12;2.13;2.14;2.15;2.16;2.17;2.18;2.38;2.39;2.40;2.41;2.42;2.43;2.44;2.45;2.46;2.47;2.48
BoCa.Derives.below.forgetImmAx,BoCa.Derives.below.forgetImmAx,no,ctor,Paper/S2_Statics/Definitions.lean,BoCa/Derives.lean:634,2.1;2.2;2.3;2.4;2.5;2.6;2.7;2.8;2.9;2.10;2.11;2.12;2.13;2.14;2.15;2.16;2.17;2.18;2.38;2.39;2.40;2.41;2.42;2.43;2.44;2.45;2.46;2.47;2.48
BoCa.Derives.below.forgetMutAx,BoCa.Derives.below.forgetMutAx,no,ctor,Paper/S2_Statics/Definitions.lean,BoCa/Derives.lean:634,2.1;2.2;2.3;2.4;2.5;2.6;2.7;2.8;2.9;2.10;2.11;2.12;2.13;2.14;2.15;2.16;2.17;2.18;2.38;2.39;2.40;2.41;2.42;2.43;2.44;2.45;2.46;2.47;2.48
BoCa.Derives.below.forgetUnkAx,BoCa.Derives.below.forgetUnkAx,no,ctor,Paper/S2_Statics/Definitions.lean,BoCa/Derives.lean:634,2.1;2.2;2.3;2.4;2.5;2.6;2.7;2.8;2.9;2.10;2.11;2.12;2.13;2.14;2.15;2.16;2.17;2.18;2.38;2.39;2.40;2.41;2.42;2.43;2.44;2.45;2.46;2.47;2.48
BoCa.Derives.below.freeAx,BoCa.Derives.below.freeAx,no,ctor,Paper/S2_Statics/Definitions.lean,BoCa/Derives.lean:634,2.1;2.2;2.3;2.4;2.5;2.6;2.7;2.8;2.9;2.10;2.11;2.12;2.13;2.14;2.15;2.16;2.17;2.18;2.38;2.39;2.40;2.41;2.42;2.43;2.44;2.45;2.46;2.47;2.48
BoCa.Derives.below.immSub,BoCa.Derives.below.immSub,no,ctor,Paper/S2_Statics/Definitions.lean,BoCa/Derives.lean:634,2.1;2.2;2.3;2.4;2.5;2.6;2.7;2.8;2.9;2.10;2.11;2.12;2.13;2.14;2.15;2.16;2.17;2.18;2.38;2.39;2.40;2.41;2.42;2.43;2.44;2.45;2.46;2.47;2.48
BoCa.Derives.below.lolliE,BoCa.Derives.below.lolliE,no,ctor,Paper/S2_Statics/Definitions.lean,BoCa/Derives.lean:634,2.1;2.2;2.3;2.4;2.5;2.6;2.7;2.8;2.9;2.10;2.11;2.12;2.13;2.14;2.15;2.16;2.17;2.18;2.38;2.39;2.40;2.41;2.42;2.43;2.44;2.45;2.46;2.47;2.48
BoCa.Derives.below.lolliI,BoCa.Derives.below.lolliI,no,ctor,Paper/S2_Statics/Definitions.lean,BoCa/Derives.lean:634,2.1;2.2;2.3;2.4;2.5;2.6;2.7;2.8;2.9;2.10;2.11;2.12;2.13;2.14;2.15;2.16;2.17;2.18;2.38;2.39;2.40;2.41;2.42;2.43;2.44;2.45;2.46;2.47;2.48
BoCa.Derives.below.mutSub,BoCa.Derives.below.mutSub,no,ctor,Paper/S2_Statics/Definitions.lean,BoCa/Derives.lean:634,2.1;2.2;2.3;2.4;2.5;2.6;2.7;2.8;2.9;2.10;2.11;2.12;2.13;2.14;2.15;2.16;2.17;2.18;2.38;2.39;2.40;2.41;2.42;2.43;2.44;2.45;2.46;2.47;2.48
BoCa.Derives.below.sumE,BoCa.Derives.below.sumE,no,ctor,Paper/S2_Statics/Definitions.lean,BoCa/Derives.lean:634,2.1;2.2;2.3;2.4;2.5;2.6;2.7;2.8;2.9;2.10;2.11;2.12;2.13;2.14;2.15;2.16;2.17;2.18;2.38;2.39;2.40;2.41;2.42;2.43;2.44;2.45;2.46;2.47;2.48
BoCa.Derives.below.sumI₁,BoCa.Derives.below.sumI₁,no,ctor,Paper/S2_Statics/Definitions.lean,BoCa/Derives.lean:634,2.1;2.2;2.3;2.4;2.5;2.6;2.7;2.8;2.9;2.10;2.11;2.12;2.13;2.14;2.15;2.16;2.17;2.18;2.38;2.39;2.40;2.41;2.42;2.43;2.44;2.45;2.46;2.47;2.48
BoCa.Derives.below.sumI₂,BoCa.Derives.below.sumI₂,no,ctor,Paper/S2_Statics/Definitions.lean,BoCa/Derives.lean:634,2.1;2.2;2.3;2.4;2.5;2.6;2.7;2.8;2.9;2.10;2.11;2.12;2.13;2.14;2.15;2.16;2.17;2.18;2.38;2.39;2.40;2.41;2.42;2.43;2.44;2.45;2.46;2.47;2.48
BoCa.Derives.below.swapAx,BoCa.Derives.below.swapAx,no,ctor,Paper/S2_Statics/Definitions.lean,BoCa/Derives.lean:634,2.1;2.2;2.3;2.4;2.5;2.6;2.7;2.8;2.9;2.10;2.11;2.12;2.13;2.14;2.15;2.16;2.17;2.18;2.38;2.39;2.40;2.41;2.42;2.43;2.44;2.45;2.46;2.47;2.48
BoCa.Derives.below.tensorE,BoCa.Derives.below.tensorE,no,ctor,Paper/S2_Statics/Definitions.lean,BoCa/Derives.lean:634,2.1;2.2;2.3;2.4;2.5;2.6;2.7;2.8;2.9;2.10;2.11;2.12;2.13;2.14;2.15;2.16;2.17;2.18;2.38;2.39;2.40;2.41;2.42;2.43;2.44;2.45;2.46;2.47;2.48
BoCa.Derives.below.tensorI,BoCa.Derives.below.tensorI,no,ctor,Paper/S2_Statics/Definitions.lean,BoCa/Derives.lean:634,2.1;2.2;2.3;2.4;2.5;2.6;2.7;2.8;2.9;2.10;2.11;2.12;2.13;2.14;2.15;2.16;2.17;2.18;2.38;2.39;2.40;2.41;2.42;2.43;2.44;2.45;2.46;2.47;2.48
BoCa.Derives.below.unitE,BoCa.Derives.below.unitE,no,ctor,Paper/S2_Statics/Definitions.lean,BoCa/Derives.lean:634,2.1;2.2;2.3;2.4;2.5;2.6;2.7;2.8;2.9;2.10;2.11;2.12;2.13;2.14;2.15;2.16;2.17;2.18;2.38;2.39;2.40;2.41;2.42;2.43;2.44;2.45;2.46;2.47;2.48
BoCa.Derives.below.unitI,BoCa.Derives.below.unitI,no,ctor,Paper/S2_Statics/Definitions.lean,BoCa/Derives.lean:634,2.1;2.2;2.3;2.4;2.5;2.6;2.7;2.8;2.9;2.10;2.11;2.12;2.13;2.14;2.15;2.16;2.17;2.18;2.38;2.39;2.40;2.41;2.42;2.43;2.44;2.45;2.46;2.47;2.48
BoCa.Derives.below.var,BoCa.Derives.below.var,no,ctor,Paper/S2_Statics/Definitions.lean,BoCa/Derives.lean:634,2.1;2.2;2.3;2.4;2.5;2.6;2.7;2.8;2.9;2.10;2.11;2.12;2.13;2.14;2.15;2.16;2.17;2.18;2.38;2.39;2.40;2.41;2.42;2.43;2.44;2.45;2.46;2.47;2.48
BoCa.Derives.below.withbor1Ax,BoCa.Derives.below.withbor1Ax,no,ctor,Paper/S2_Statics/Definitions.lean,BoCa/Derives.lean:634,2.1;2.2;2.3;2.4;2.5;2.6;2.7;2.8;2.9;2.10;2.11;2.12;2.13;2.14;2.15;2.16;2.17;2.18;2.38;2.39;2.40;2.41;2.42;2.43;2.44;2.45;2.46;2.47;2.48
BoCa.Derives.below.withbor2Ax,BoCa.Derives.below.withbor2Ax,no,ctor,Paper/S2_Statics/Definitions.lean,BoCa/Derives.lean:634,2.1;2.2;2.3;2.4;2.5;2.6;2.7;2.8;2.9;2.10;2.11;2.12;2.13;2.14;2.15;2.16;2.17;2.18;2.38;2.39;2.40;2.41;2.42;2.43;2.44;2.45;2.46;2.47;2.48
BoCa.Derives.below.withbor3Ax,BoCa.Derives.below.withbor3Ax,no,ctor,Paper/S2_Statics/Definitions.lean,BoCa/Derives.lean:634,2.1;2.2;2.3;2.4;2.5;2.6;2.7;2.8;2.9;2.10;2.11;2.12;2.13;2.14;2.15;2.16;2.17;2.18;2.38;2.39;2.40;2.41;2.42;2.43;2.44;2.45;2.46;2.47;2.48
BoCa.Derives.below.withloadAx,BoCa.Derives.below.withloadAx,no,ctor,Paper/S2_Statics/Definitions.lean,BoCa/Derives.lean:634,2.1;2.2;2.3;2.4;2.5;2.6;2.7;2.8;2.9;2.10;2.11;2.12;2.13;2.14;2.15;2.16;2.17;2.18;2.38;2.39;2.40;2.41;2.42;2.43;2.44;2.45;2.46;2.47;2.48
BoCa.Derives.below.withswapAx,BoCa.Derives.below.withswapAx,no,ctor,Paper/S2_Statics/Definitions.lean,BoCa/Derives.lean:634,2.1;2.2;2.3;2.4;2.5;2.6;2.7;2.8;2.9;2.10;2.11;2.12;2.13;2.14;2.15;2.16;2.17;2.18;2.38;2.39;2.40;2.41;2.42;2.43;2.44;2.45;2.46;2.47;2.48
BoCa.Derives.boxE,BoCa.Derives.boxE,no,ctor,Paper/S2_Statics/Definitions.lean,BoCa/Derives.lean:715,2.1;2.2;2.3;2.4;2.5;2.6;2.7;2.8;2.9;2.10;2.11;2.12;2.13;2.14;2.15;2.16;2.17;2.18;2.38;2.39;2.40;2.41;2.42;2.43;2.44;2.45;2.46;2.47;2.48
BoCa.Derives.boxIctx,BoCa.Derives.boxIctx,no,ctor,Paper/S2_Statics/Definitions.lean,BoCa/Derives.lean:701,2.1;2.2;2.3;2.4;2.5;2.6;2.7;2.8;2.9;2.10;2.11;2.12;2.13;2.14;2.15;2.16;2.17;2.18;2.38;2.39;2.40;2.41;2.42;2.43;2.44;2.45;2.46;2.47;2.48
BoCa.Derives.copyAx,BoCa.Derives.copyAx,no,ctor,Paper/S2_Statics/Definitions.lean,BoCa/Derives.lean:754,2.1;2.2;2.3;2.4;2.5;2.6;2.7;2.8;2.9;2.10;2.11;2.12;2.13;2.14;2.15;2.16;2.17;2.18;2.38;2.39;2.40;2.41;2.42;2.43;2.44;2.45;2.46;2.47;2.48
BoCa.Derives.forgetImmAx,BoCa.Derives.forgetImmAx,no,ctor,Paper/S2_Statics/Definitions.lean,BoCa/Derives.lean:756,2.1;2.2;2.3;2.4;2.5;2.6;2.7;2.8;2.9;2.10;2.11;2.12;2.13;2.14;2.15;2.16;2.17;2.18;2.38;2.39;2.40;2.41;2.42;2.43;2.44;2.45;2.46;2.47;2.48
BoCa.Derives.forgetMutAx,BoCa.Derives.forgetMutAx,no,ctor,Paper/S2_Statics/Definitions.lean,BoCa/Derives.lean:758,2.1;2.2;2.3;2.4;2.5;2.6;2.7;2.8;2.9;2.10;2.11;2.12;2.13;2.14;2.15;2.16;2.17;2.18;2.38;2.39;2.40;2.41;2.42;2.43;2.44;2.45;2.46;2.47;2.48
BoCa.Derives.forgetUnkAx,BoCa.Derives.forgetUnkAx,no,ctor,Paper/S2_Statics/Definitions.lean,BoCa/Derives.lean:760,2.1;2.2;2.3;2.4;2.5;2.6;2.7;2.8;2.9;2.10;2.11;2.12;2.13;2.14;2.15;2.16;2.17;2.18;2.38;2.39;2.40;2.41;2.42;2.43;2.44;2.45;2.46;2.47;2.48
BoCa.Derives.freeAx,BoCa.Derives.freeAx,no,ctor,Paper/S2_Statics/Definitions.lean,BoCa/Derives.lean:736,2.1;2.2;2.3;2.4;2.5;2.6;2.7;2.8;2.9;2.10;2.11;2.12;2.13;2.14;2.15;2.16;2.17;2.18;2.38;2.39;2.40;2.41;2.42;2.43;2.44;2.45;2.46;2.47;2.48
BoCa.Derives.immSub,BoCa.Derives.immSub,no,ctor,Paper/S2_Statics/Definitions.lean,BoCa/Derives.lean:717,2.1;2.2;2.3;2.4;2.5;2.6;2.7;2.8;2.9;2.10;2.11;2.12;2.13;2.14;2.15;2.16;2.17;2.18;2.38;2.39;2.40;2.41;2.42;2.43;2.44;2.45;2.46;2.47;2.48
BoCa.Derives.lolliE,BoCa.Derives.lolliE,no,ctor,Paper/S2_Statics/Definitions.lean,BoCa/Derives.lean:679,2.1;2.2;2.3;2.4;2.5;2.6;2.7;2.8;2.9;2.10;2.11;2.12;2.13;2.14;2.15;2.16;2.17;2.18;2.38;2.39;2.40;2.41;2.42;2.43;2.44;2.45;2.46;2.47;2.48
BoCa.Derives.lolliI,BoCa.Derives.lolliI,no,ctor,Paper/S2_Statics/Definitions.lean,BoCa/Derives.lean:672,2.1;2.2;2.3;2.4;2.5;2.6;2.7;2.8;2.9;2.10;2.11;2.12;2.13;2.14;2.15;2.16;2.17;2.18;2.38;2.39;2.40;2.41;2.42;2.43;2.44;2.45;2.46;2.47;2.48
BoCa.Derives.mutSub,BoCa.Derives.mutSub,no,ctor,Paper/S2_Statics/Definitions.lean,BoCa/Derives.lean:726,2.1;2.2;2.3;2.4;2.5;2.6;2.7;2.8;2.9;2.10;2.11;2.12;2.13;2.14;2.15;2.16;2.17;2.18;2.38;2.39;2.40;2.41;2.42;2.43;2.44;2.45;2.46;2.47;2.48
BoCa.Derives.sumE,BoCa.Derives.sumE,no,ctor,Paper/S2_Statics/Definitions.lean,BoCa/Derives.lean:666,2.1;2.2;2.3;2.4;2.5;2.6;2.7;2.8;2.9;2.10;2.11;2.12;2.13;2.14;2.15;2.16;2.17;2.18;2.38;2.39;2.40;2.41;2.42;2.43;2.44;2.45;2.46;2.47;2.48
BoCa.Derives.sumI₁,BoCa.Derives.sumI₁,no,ctor,Paper/S2_Statics/Definitions.lean,BoCa/Derives.lean:658,2.1;2.2;2.3;2.4;2.5;2.6;2.7;2.8;2.9;2.10;2.11;2.12;2.13;2.14;2.15;2.16;2.17;2.18;2.38;2.39;2.40;2.41;2.42;2.43;2.44;2.45;2.46;2.47;2.48
BoCa.Derives.sumI₂,BoCa.Derives.sumI₂,no,ctor,Paper/S2_Statics/Definitions.lean,BoCa/Derives.lean:662,2.1;2.2;2.3;2.4;2.5;2.6;2.7;2.8;2.9;2.10;2.11;2.12;2.13;2.14;2.15;2.16;2.17;2.18;2.38;2.39;2.40;2.41;2.42;2.43;2.44;2.45;2.46;2.47;2.48
BoCa.Derives.swapAx,BoCa.Derives.swapAx,no,ctor,Paper/S2_Statics/Definitions.lean,BoCa/Derives.lean:752,2.1;2.2;2.3;2.4;2.5;2.6;2.7;2.8;2.9;2.10;2.11;2.12;2.13;2.14;2.15;2.16;2.17;2.18;2.38;2.39;2.40;2.41;2.42;2.43;2.44;2.45;2.46;2.47;2.48
BoCa.Derives.tensorE,BoCa.Derives.tensorE,no,ctor,Paper/S2_Statics/Definitions.lean,BoCa/Derives.lean:653,2.1;2.2;2.3;2.4;2.5;2.6;2.7;2.8;2.9;2.10;2.11;2.12;2.13;2.14;2.15;2.16;2.17;2.18;2.38;2.39;2.40;2.41;2.42;2.43;2.44;2.45;2.46;2.47;2.48
BoCa.Derives.tensorI,BoCa.Derives.tensorI,no,ctor,Paper/S2_Statics/Definitions.lean,BoCa/Derives.lean:649,2.1;2.2;2.3;2.4;2.5;2.6;2.7;2.8;2.9;2.10;2.11;2.12;2.13;2.14;2.15;2.16;2.17;2.18;2.38;2.39;2.40;2.41;2.42;2.43;2.44;2.45;2.46;2.47;2.48
BoCa.Derives.unitE,BoCa.Derives.unitE,no,ctor,Paper/S2_Statics/Definitions.lean,BoCa/Derives.lean:645,2.1;2.2;2.3;2.4;2.5;2.6;2.7;2.8;2.9;2.10;2.11;2.12;2.13;2.14;2.15;2.16;2.17;2.18;2.38;2.39;2.40;2.41;2.42;2.43;2.44;2.45;2.46;2.47;2.48
BoCa.Derives.unitI,BoCa.Derives.unitI,no,ctor,Paper/S2_Statics/Definitions.lean,BoCa/Derives.lean:643,2.1;2.2;2.3;2.4;2.5;2.6;2.7;2.8;2.9;2.10;2.11;2.12;2.13;2.14;2.15;2.16;2.17;2.18;2.38;2.39;2.40;2.41;2.42;2.43;2.44;2.45;2.46;2.47;2.48
BoCa.Derives.var,BoCa.Derives.var,no,ctor,Paper/S2_Statics/Definitions.lean,BoCa/Derives.lean:641,2.1;2.2;2.3;2.4;2.5;2.6;2.7;2.8;2.9;2.10;2.11;2.12;2.13;2.14;2.15;2.16;2.17;2.18;2.38;2.39;2.40;2.41;2.42;2.43;2.44;2.45;2.46;2.47;2.48
BoCa.Derives.withbor1Ax,BoCa.Derives.withbor1Ax,no,ctor,Paper/S2_Statics/Definitions.lean,BoCa/Derives.lean:761,2.1;2.2;2.3;2.4;2.5;2.6;2.7;2.8;2.9;2.10;2.11;2.12;2.13;2.14;2.15;2.16;2.17;2.18;2.38;2.39;2.40;2.41;2.42;2.43;2.44;2.45;2.46;2.47;2.48
BoCa.Derives.withbor2Ax,BoCa.Derives.withbor2Ax,no,ctor,Paper/S2_Statics/Definitions.lean,BoCa/Derives.lean:768,2.1;2.2;2.3;2.4;2.5;2.6;2.7;2.8;2.9;2.10;2.11;2.12;2.13;2.14;2.15;2.16;2.17;2.18;2.38;2.39;2.40;2.41;2.42;2.43;2.44;2.45;2.46;2.47;2.48
BoCa.Derives.withbor3Ax,BoCa.Derives.withbor3Ax,no,ctor,Paper/S2_Statics/Definitions.lean,BoCa/Derives.lean:774,2.1;2.2;2.3;2.4;2.5;2.6;2.7;2.8;2.9;2.10;2.11;2.12;2.13;2.14;2.15;2.16;2.17;2.18;2.38;2.39;2.40;2.41;2.42;2.43;2.44;2.45;2.46;2.47;2.48
BoCa.Derives.withloadAx,BoCa.Derives.withloadAx,no,ctor,Paper/S2_Statics/Definitions.lean,BoCa/Derives.lean:782,2.1;2.2;2.3;2.4;2.5;2.6;2.7;2.8;2.9;2.10;2.11;2.12;2.13;2.14;2.15;2.16;2.17;2.18;2.38;2.39;2.40;2.41;2.42;2.43;2.44;2.45;2.46;2.47;2.48
BoCa.Derives.withswapAx,BoCa.Derives.withswapAx,no,ctor,Paper/S2_Statics/Definitions.lean,BoCa/Derives.lean:784,2.1;2.2;2.3;2.4;2.5;2.6;2.7;2.8;2.9;2.10;2.11;2.12;2.13;2.14;2.15;2.16;2.17;2.18;2.38;2.39;2.40;2.41;2.42;2.43;2.44;2.45;2.46;2.47;2.48
BoCa.Lifetime.LSub,BoCa.Lifetime.LSub,no,induct,Paper/S2_Statics/Definitions.lean,BoCa/Life.lean:230,2.51
BoCa.Lifetime.LSub.entries,BoCa.Lifetime.LSub.entries,no,def,Paper/S2_Statics/Definitions.lean,BoCa/Life.lean:231,2.51
BoCa.Lifetime.LSub.find?,BoCa.Lifetime.LSub.find?,no,def,Paper/S2_Statics/Definitions.lean,BoCa/Life.lean:236,
BoCa.Lifetime.LSub.mk,BoCa.Lifetime.LSub.mk,no,ctor,Paper/S2_Statics/Definitions.lean,BoCa/Life.lean:230,2.51
BoCa.Lifetime.Life.interp,BoCa.Lifetime.Life.interp,no,def,Paper/S2_Statics/Definitions.lean,BoCa/Life.lean:267,2.54
BoCa.Lifetime.Life.interp_top,BoCa.Lifetime.Life.interp_top,no,thm,Paper/S2_Statics/Definitions.lean,BoCa/Life.lean:277,
BoCa.Lifetime.Life.interp_var,BoCa.Lifetime.Life.interp_var,no,thm,Paper/S2_Statics/Definitions.lean,BoCa/Life.lean:274,
BoCa.Lifetime.LifeCtx.Defines,BoCa.Lifetime.LifeCtx.Defines,no,def,Paper/S2_Statics/Definitions.lean,BoCa/Life.lean:357,2.55
BoCa.Lifetime.LifeCtx.EntailsLe,BoCa.Lifetime.LifeCtx.EntailsLe,no,def,Paper/S2_Statics/Definitions.lean,BoCa/Life.lean:686,2.57
BoCa.Lifetime.LifeCtx.EntailsLt,BoCa.Lifetime.LifeCtx.EntailsLt,no,def,Paper/S2_Statics/Definitions.lean,BoCa/Life.lean:681,2.56
BoCa.Lifetime.LifeCtx.Models,BoCa.Lifetime.LifeCtx.Models,no,def,Paper/S2_Statics/Definitions.lean,BoCa/Life.lean:346,2.52;4.12
BoCa.Lifetime.LifeCtx.Sat,BoCa.Lifetime.LifeCtx.Sat,no,def,Paper/S2_Statics/Definitions.lean,BoCa/Life.lean:350,2.53
BoCa.Lifetime.LifeCtx.freshVar,BoCa.Lifetime.LifeCtx.freshVar,no,def,Paper/S2_Statics/Definitions.lean,BoCa/Life.lean:903,2.59
BoCa.Lifetime.LifeCtx.meetOfDom,BoCa.Lifetime.LifeCtx.meetOfDom,no,def,Paper/S2_Statics/Definitions.lean,BoCa/Life.lean:896,2.59
BoCa.Lifetime.instDecidableEqLSub,BoCa.Lifetime.instDecidableEqLSub,no,def,Paper/S2_Statics/Definitions.lean,BoCa/Life.lean:232,2.51
BoCa.Lifetime.instDecidableEqLSub.decEq,BoCa.Lifetime.instDecidableEqLSub.decEq,no,def,Paper/S2_Statics/Definitions.lean,BoCa/Life.lean:232,2.51
BoCa.Lifetime.instInhabitedLSub,BoCa.Lifetime.instInhabitedLSub,no,def,Paper/S2_Statics/Definitions.lean,BoCa/Life.lean:232,2.51
BoCa.Lifetime.instInhabitedLSub.default,BoCa.Lifetime.instInhabitedLSub.default,no,def,Paper/S2_Statics/Definitions.lean,BoCa/Life.lean:232,2.51
BoCa.Lifetime.instReprLSub,BoCa.Lifetime.instReprLSub,no,def,Paper/S2_Statics/Definitions.lean,BoCa/Life.lean:232,2.51
BoCa.Lifetime.instReprLSub.repr,BoCa.Lifetime.instReprLSub.repr,no,def,Paper/S2_Statics/Definitions.lean,BoCa/Life.lean:232,2.51
BoCa.Lifetime.meetOfDomL,BoCa.Lifetime.meetOfDomL,no,def,Paper/S2_Statics/Definitions.lean,BoCa/Life.lean:891,2.59
BoCa.Outlives,BoCa.Outlives,no,def,Paper/S2_Statics/Definitions.lean,BoCa/Derives.lean:501,2.30
BoCa.OutlivesRules,BoCa.OutlivesRules,no,induct,Paper/S2_Statics/Definitions.lean,BoCa/Derives.lean:481,2.30;2.31;2.32;2.33;2.34;2.35;2.36;2.37
BoCa.OutlivesRules.below.box,BoCa.OutlivesRules.below.box,no,ctor,Paper/S2_Statics/Definitions.lean,BoCa/Derives.lean:481,2.30;2.31;2.32;2.33;2.34;2.35;2.36;2.37
BoCa.OutlivesRules.below.imm,BoCa.OutlivesRules.below.imm,no,ctor,Paper/S2_Statics/Definitions.lean,BoCa/Derives.lean:481,2.30;2.31;2.32;2.33;2.34;2.35;2.36;2.37
BoCa.OutlivesRules.below.mut,BoCa.OutlivesRules.below.mut,no,ctor,Paper/S2_Statics/Definitions.lean,BoCa/Derives.lean:481,2.30;2.31;2.32;2.33;2.34;2.35;2.36;2.37
BoCa.OutlivesRules.below.ref,BoCa.OutlivesRules.below.ref,no,ctor,Paper/S2_Statics/Definitions.lean,BoCa/Derives.lean:481,2.30;2.31;2.32;2.33;2.34;2.35;2.36;2.37
BoCa.OutlivesRules.below.sum,BoCa.OutlivesRules.below.sum,no,ctor,Paper/S2_Statics/Definitions.lean,BoCa/Derives.lean:481,2.30;2.31;2.32;2.33;2.34;2.35;2.36;2.37
BoCa.OutlivesRules.below.tensor,BoCa.OutlivesRules.below.tensor,no,ctor,Paper/S2_Statics/Definitions.lean,BoCa/Derives.lean:481,2.30;2.31;2.32;2.33;2.34;2.35;2.36;2.37
BoCa.OutlivesRules.below.unit,BoCa.OutlivesRules.below.unit,no,ctor,Paper/S2_Statics/Definitions.lean,BoCa/Derives.lean:481,2.30;2.31;2.32;2.33;2.34;2.35;2.36;2.37
BoCa.OutlivesRules.box,BoCa.OutlivesRules.box,no,ctor,Paper/S2_Statics/Definitions.lean,BoCa/Derives.lean:496,2.30;2.31;2.32;2.33;2.34;2.35;2.36;2.37
BoCa.OutlivesRules.imm,BoCa.OutlivesRules.imm,no,ctor,Paper/S2_Statics/Definitions.lean,BoCa/Derives.lean:498,2.30;2.31;2.32;2.33;2.34;2.35;2.36;2.37
BoCa.OutlivesRules.mut,BoCa.OutlivesRules.mut,no,ctor,Paper/S2_Statics/Definitions.lean,BoCa/Derives.lean:499,2.30;2.31;2.32;2.33;2.34;2.35;2.36;2.37
BoCa.OutlivesRules.ref,BoCa.OutlivesRules.ref,no,ctor,Paper/S2_Statics/Definitions.lean,BoCa/Derives.lean:495,2.30;2.31;2.32;2.33;2.34;2.35;2.36;2.37
BoCa.OutlivesRules.sum,BoCa.OutlivesRules.sum,no,ctor,Paper/S2_Statics/Definitions.lean,BoCa/Derives.lean:493,2.30;2.31;2.32;2.33;2.34;2.35;2.36;2.37
BoCa.OutlivesRules.tensor,BoCa.OutlivesRules.tensor,no,ctor,Paper/S2_Statics/Definitions.lean,BoCa/Derives.lean:491,2.30;2.31;2.32;2.33;2.34;2.35;2.36;2.37
BoCa.OutlivesRules.unit,BoCa.OutlivesRules.unit,no,ctor,Paper/S2_Statics/Definitions.lean,BoCa/Derives.lean:490,2.30;2.31;2.32;2.33;2.34;2.35;2.36;2.37
BoCa.Ty.immReborrow,BoCa.Ty.immReborrow,no,def,Paper/S2_Statics/Definitions.lean,BoCa/Ty.lean:195,2.49;2.50
BoCa.WfTy,BoCa.WfTy,no,induct,Paper/S2_Statics/Definitions.lean,BoCa/Derives.lean:431,2.19;2.20;2.21;2.22;2.23;2.24;2.25;2.26;2.27;2.28;2.29
BoCa.WfTy.all,BoCa.WfTy.all,no,ctor,Paper/S2_Statics/Definitions.lean,BoCa/Derives.lean:444,2.19;2.20;2.21;2.22;2.23;2.24;2.25;2.26;2.27;2.28;2.29
BoCa.WfTy.below.all,BoCa.WfTy.below.all,no,ctor,Paper/S2_Statics/Definitions.lean,BoCa/Derives.lean:431,2.19;2.20;2.21;2.22;2.23;2.24;2.25;2.26;2.27;2.28;2.29
BoCa.WfTy.below.box,BoCa.WfTy.below.box,no,ctor,Paper/S2_Statics/Definitions.lean,BoCa/Derives.lean:431,2.19;2.20;2.21;2.22;2.23;2.24;2.25;2.26;2.27;2.28;2.29
BoCa.WfTy.below.imm,BoCa.WfTy.below.imm,no,ctor,Paper/S2_Statics/Definitions.lean,BoCa/Derives.lean:431,2.19;2.20;2.21;2.22;2.23;2.24;2.25;2.26;2.27;2.28;2.29
BoCa.WfTy.below.lolli,BoCa.WfTy.below.lolli,no,ctor,Paper/S2_Statics/Definitions.lean,BoCa/Derives.lean:431,2.19;2.20;2.21;2.22;2.23;2.24;2.25;2.26;2.27;2.28;2.29
BoCa.WfTy.below.mut,BoCa.WfTy.below.mut,no,ctor,Paper/S2_Statics/Definitions.lean,BoCa/Derives.lean:431,2.19;2.20;2.21;2.22;2.23;2.24;2.25;2.26;2.27;2.28;2.29
BoCa.WfTy.below.ref,BoCa.WfTy.below.ref,no,ctor,Paper/S2_Statics/Definitions.lean,BoCa/Derives.lean:431,2.19;2.20;2.21;2.22;2.23;2.24;2.25;2.26;2.27;2.28;2.29
BoCa.WfTy.below.sum,BoCa.WfTy.below.sum,no,ctor,Paper/S2_Statics/Definitions.lean,BoCa/Derives.lean:431,2.19;2.20;2.21;2.22;2.23;2.24;2.25;2.26;2.27;2.28;2.29
BoCa.WfTy.below.tensor,BoCa.WfTy.below.tensor,no,ctor,Paper/S2_Statics/Definitions.lean,BoCa/Derives.lean:431,2.19;2.20;2.21;2.22;2.23;2.24;2.25;2.26;2.27;2.28;2.29
BoCa.WfTy.below.unit,BoCa.WfTy.below.unit,no,ctor,Paper/S2_Statics/Definitions.lean,BoCa/Derives.lean:431,2.19;2.20;2.21;2.22;2.23;2.24;2.25;2.26;2.27;2.28;2.29
BoCa.WfTy.box,BoCa.WfTy.box,no,ctor,Paper/S2_Statics/Definitions.lean,BoCa/Derives.lean:445,2.19;2.20;2.21;2.22;2.23;2.24;2.25;2.26;2.27;2.28;2.29
BoCa.WfTy.imm,BoCa.WfTy.imm,no,ctor,Paper/S2_Statics/Definitions.lean,BoCa/Derives.lean:446,2.19;2.20;2.21;2.22;2.23;2.24;2.25;2.26;2.27;2.28;2.29
BoCa.WfTy.lolli,BoCa.WfTy.lolli,no,ctor,Paper/S2_Statics/Definitions.lean,BoCa/Derives.lean:442,2.19;2.20;2.21;2.22;2.23;2.24;2.25;2.26;2.27;2.28;2.29
BoCa.WfTy.mut,BoCa.WfTy.mut,no,ctor,Paper/S2_Statics/Definitions.lean,BoCa/Derives.lean:447,2.19;2.20;2.21;2.22;2.23;2.24;2.25;2.26;2.27;2.28;2.29
BoCa.WfTy.ref,BoCa.WfTy.ref,no,ctor,Paper/S2_Statics/Definitions.lean,BoCa/Derives.lean:443,2.19;2.20;2.21;2.22;2.23;2.24;2.25;2.26;2.27;2.28;2.29
BoCa.WfTy.sum,BoCa.WfTy.sum,no,ctor,Paper/S2_Statics/Definitions.lean,BoCa/Derives.lean:441,2.19;2.20;2.21;2.22;2.23;2.24;2.25;2.26;2.27;2.28;2.29
BoCa.WfTy.tensor,BoCa.WfTy.tensor,no,ctor,Paper/S2_Statics/Definitions.lean,BoCa/Derives.lean:440,2.19;2.20;2.21;2.22;2.23;2.24;2.25;2.26;2.27;2.28;2.29
BoCa.WfTy.unit,BoCa.WfTy.unit,no,ctor,Paper/S2_Statics/Definitions.lean,BoCa/Derives.lean:439,2.19;2.20;2.21;2.22;2.23;2.24;2.25;2.26;2.27;2.28;2.29
BoCa.axCopyTy,BoCa.axCopyTy,no,def,Paper/S2_Statics/Definitions.lean,BoCa/Derives.lean:523,2.40
BoCa.axForgetImmTy,BoCa.axForgetImmTy,no,def,Paper/S2_Statics/Definitions.lean,BoCa/Derives.lean:526,2.41
BoCa.axForgetMutTy,BoCa.axForgetMutTy,no,def,Paper/S2_Statics/Definitions.lean,BoCa/Derives.lean:527,2.42
BoCa.axForgetUnkTy,BoCa.axForgetUnkTy,no,def,Paper/S2_Statics/Definitions.lean,BoCa/Derives.lean:528,2.43
BoCa.axSwapTy,BoCa.axSwapTy,no,def,Paper/S2_Statics/Definitions.lean,BoCa/Derives.lean:520,2.39
BoCa.axWithbor1Ty,BoCa.axWithbor1Ty,no,def,Paper/S2_Statics/Definitions.lean,BoCa/Derives.lean:530,2.44
BoCa.axWithbor2Ty,BoCa.axWithbor2Ty,no,def,Paper/S2_Statics/Definitions.lean,BoCa/Derives.lean:536,2.45
BoCa.axWithbor3Ty,BoCa.axWithbor3Ty,no,def,Paper/S2_Statics/Definitions.lean,BoCa/Derives.lean:543,2.46
BoCa.axWithloadTy,BoCa.axWithloadTy,no,def,Paper/S2_Statics/Definitions.lean,BoCa/Derives.lean:549,2.47
BoCa.axWithswapTy,BoCa.axWithswapTy,no,def,Paper/S2_Statics/Definitions.lean,BoCa/Derives.lean:557,2.48
BoCa.swap,BoCa.swap,no,def,Paper/S2_Statics/Definitions.lean,BoCa/Notation.lean:24,2.39;3.24
BoCa.withbor,BoCa.withbor,no,def,Paper/S2_Statics/Definitions.lean,BoCa/Notation.lean:62,2.44;3.27
BoCa.withload,BoCa.withload,no,def,Paper/S2_Statics/Definitions.lean,BoCa/Notation.lean:93,2.47;3.28
BoCa.BoLo.Head,BoCa.BoLo.Head,no,induct,Paper/S3_Dynamics/Definitions.lean,BoCa/Wp.lean:268,3.11;3.14;3.15;3.16;3.17;3.18;3.19;3.20;3.21
BoCa.BoLo.Head.alloc,BoCa.BoLo.Head.alloc,no,ctor,Paper/S3_Dynamics/Definitions.lean,BoCa/Wp.lean:273,3.11;3.14;3.15;3.16;3.17;3.18;3.19;3.20;3.21
BoCa.BoLo.Head.beta,BoCa.BoLo.Head.beta,no,ctor,Paper/S3_Dynamics/Definitions.lean,BoCa/Wp.lean:271,3.11;3.14;3.15;3.16;3.17;3.18;3.19;3.20;3.21
BoCa.BoLo.Head.case₁,BoCa.BoLo.Head.case₁,no,ctor,Paper/S3_Dynamics/Definitions.lean,BoCa/Wp.lean:292,3.11;3.14;3.15;3.16;3.17;3.18;3.19;3.20;3.21
BoCa.BoLo.Head.case₂,BoCa.BoLo.Head.case₂,no,ctor,Paper/S3_Dynamics/Definitions.lean,BoCa/Wp.lean:294,3.11;3.14;3.15;3.16;3.17;3.18;3.19;3.20;3.21
BoCa.BoLo.Head.free,BoCa.BoLo.Head.free,no,ctor,Paper/S3_Dynamics/Definitions.lean,BoCa/Wp.lean:275,3.11;3.14;3.15;3.16;3.17;3.18;3.19;3.20;3.21
BoCa.BoLo.Head.letpair,BoCa.BoLo.Head.letpair,no,ctor,Paper/S3_Dynamics/Definitions.lean,BoCa/Wp.lean:290,3.11;3.14;3.15;3.16;3.17;3.18;3.19;3.20;3.21
BoCa.BoLo.Head.load,BoCa.BoLo.Head.load,no,ctor,Paper/S3_Dynamics/Definitions.lean,BoCa/Wp.lean:277,3.11;3.14;3.15;3.16;3.17;3.18;3.19;3.20;3.21
BoCa.BoLo.Head.seq,BoCa.BoLo.Head.seq,no,ctor,Paper/S3_Dynamics/Definitions.lean,BoCa/Wp.lean:286,3.11;3.14;3.15;3.16;3.17;3.18;3.19;3.20;3.21
BoCa.BoLo.Head.store,BoCa.BoLo.Head.store,no,ctor,Paper/S3_Dynamics/Definitions.lean,BoCa/Wp.lean:279,3.11;3.14;3.15;3.16;3.17;3.18;3.19;3.20;3.21
BoCa.BoLo.Heap,BoCa.BoLo.Heap,no,def,Paper/S3_Dynamics/Definitions.lean,BoCa/Wp.lean:175,3.9
BoCa.BoLo.Heap.del,BoCa.BoLo.Heap.del,no,def,Paper/S3_Dynamics/Definitions.lean,BoCa/Wp.lean:183,
BoCa.BoLo.Heap.del_other,BoCa.BoLo.Heap.del_other,no,thm,Paper/S3_Dynamics/Definitions.lean,BoCa/Wp.lean:195,
BoCa.BoLo.Heap.del_same,BoCa.BoLo.Heap.del_same,no,thm,Paper/S3_Dynamics/Definitions.lean,BoCa/Wp.lean:193,
BoCa.BoLo.Heap.upd,BoCa.BoLo.Heap.upd,no,def,Paper/S3_Dynamics/Definitions.lean,BoCa/Wp.lean:180,3.23
BoCa.BoLo.Heap.upd_other,BoCa.BoLo.Heap.upd_other,no,thm,Paper/S3_Dynamics/Definitions.lean,BoCa/Wp.lean:190,
BoCa.BoLo.Heap.upd_same,BoCa.BoLo.Heap.upd_same,no,thm,Paper/S3_Dynamics/Definitions.lean,BoCa/Wp.lean:187,
BoCa.BoLo.Kont,BoCa.BoLo.Kont,no,induct,Paper/S3_Dynamics/Definitions.lean,BoCa/Wp.lean:209,3.1;3.2;3.3;3.4;3.5;3.6;3.7;3.30;3.31
BoCa.BoLo.Kont.appL,BoCa.BoLo.Kont.appL,no,ctor,Paper/S3_Dynamics/Definitions.lean,BoCa/Wp.lean:217,3.1;3.2;3.3;3.4;3.5;3.6;3.7;3.30;3.31
BoCa.BoLo.Kont.appL.elim,BoCa.BoLo.Kont.appL.elim,no,def,Paper/S3_Dynamics/Definitions.lean,BoCa/Wp.lean:217,3.1;3.2;3.3;3.4;3.5;3.6;3.7;3.30;3.31
BoCa.BoLo.Kont.appR,BoCa.BoLo.Kont.appR,no,ctor,Paper/S3_Dynamics/Definitions.lean,BoCa/Wp.lean:216,3.1;3.2;3.3;3.4;3.5;3.6;3.7;3.30;3.31
BoCa.BoLo.Kont.appR.elim,BoCa.BoLo.Kont.appR.elim,no,def,Paper/S3_Dynamics/Definitions.lean,BoCa/Wp.lean:216,3.1;3.2;3.3;3.4;3.5;3.6;3.7;3.30;3.31
BoCa.BoLo.Kont.brecOn.eq,BoCa.BoLo.Kont.brecOn.eq,no,thm,Paper/S3_Dynamics/Definitions.lean,BoCa/Wp.lean:209,3.1;3.2;3.3;3.4;3.5;3.6;3.7;3.30;3.31
BoCa.BoLo.Kont.brecOn.go,BoCa.BoLo.Kont.brecOn.go,no,def,Paper/S3_Dynamics/Definitions.lean,BoCa/Wp.lean:209,3.1;3.2;3.3;3.4;3.5;3.6;3.7;3.30;3.31
BoCa.BoLo.Kont.case,BoCa.BoLo.Kont.case,no,ctor,Paper/S3_Dynamics/Definitions.lean,BoCa/Wp.lean:215,3.1;3.2;3.3;3.4;3.5;3.6;3.7;3.30;3.31
BoCa.BoLo.Kont.case.elim,BoCa.BoLo.Kont.case.elim,no,def,Paper/S3_Dynamics/Definitions.lean,BoCa/Wp.lean:215,3.1;3.2;3.3;3.4;3.5;3.6;3.7;3.30;3.31
BoCa.BoLo.Kont.hole,BoCa.BoLo.Kont.hole,no,ctor,Paper/S3_Dynamics/Definitions.lean,BoCa/Wp.lean:211,3.1;3.2;3.3;3.4;3.5;3.6;3.7;3.30;3.31
BoCa.BoLo.Kont.hole.elim,BoCa.BoLo.Kont.hole.elim,no,def,Paper/S3_Dynamics/Definitions.lean,BoCa/Wp.lean:211,3.1;3.2;3.3;3.4;3.5;3.6;3.7;3.30;3.31
BoCa.BoLo.Kont.inj₁,BoCa.BoLo.Kont.inj₁,no,ctor,Paper/S3_Dynamics/Definitions.lean,BoCa/Wp.lean:219,3.1;3.2;3.3;3.4;3.5;3.6;3.7;3.30;3.31
BoCa.BoLo.Kont.inj₁.elim,BoCa.BoLo.Kont.inj₁.elim,no,def,Paper/S3_Dynamics/Definitions.lean,BoCa/Wp.lean:219,3.1;3.2;3.3;3.4;3.5;3.6;3.7;3.30;3.31
BoCa.BoLo.Kont.inj₂,BoCa.BoLo.Kont.inj₂,no,ctor,Paper/S3_Dynamics/Definitions.lean,BoCa/Wp.lean:220,3.1;3.2;3.3;3.4;3.5;3.6;3.7;3.30;3.31
BoCa.BoLo.Kont.inj₂.elim,BoCa.BoLo.Kont.inj₂.elim,no,def,Paper/S3_Dynamics/Definitions.lean,BoCa/Wp.lean:220,3.1;3.2;3.3;3.4;3.5;3.6;3.7;3.30;3.31
BoCa.BoLo.Kont.letpair,BoCa.BoLo.Kont.letpair,no,ctor,Paper/S3_Dynamics/Definitions.lean,BoCa/Wp.lean:214,3.1;3.2;3.3;3.4;3.5;3.6;3.7;3.30;3.31
BoCa.BoLo.Kont.letpair.elim,BoCa.BoLo.Kont.letpair.elim,no,def,Paper/S3_Dynamics/Definitions.lean,BoCa/Wp.lean:214,3.1;3.2;3.3;3.4;3.5;3.6;3.7;3.30;3.31
BoCa.BoLo.Kont.pairL,BoCa.BoLo.Kont.pairL,no,ctor,Paper/S3_Dynamics/Definitions.lean,BoCa/Wp.lean:212,3.1;3.2;3.3;3.4;3.5;3.6;3.7;3.30;3.31
BoCa.BoLo.Kont.pairL.elim,BoCa.BoLo.Kont.pairL.elim,no,def,Paper/S3_Dynamics/Definitions.lean,BoCa/Wp.lean:212,3.1;3.2;3.3;3.4;3.5;3.6;3.7;3.30;3.31
BoCa.BoLo.Kont.pairR,BoCa.BoLo.Kont.pairR,no,ctor,Paper/S3_Dynamics/Definitions.lean,BoCa/Wp.lean:213,3.1;3.2;3.3;3.4;3.5;3.6;3.7;3.30;3.31
BoCa.BoLo.Kont.pairR.elim,BoCa.BoLo.Kont.pairR.elim,no,def,Paper/S3_Dynamics/Definitions.lean,BoCa/Wp.lean:213,3.1;3.2;3.3;3.4;3.5;3.6;3.7;3.30;3.31
BoCa.BoLo.Kont.plug,BoCa.BoLo.Kont.plug,no,def,Paper/S3_Dynamics/Definitions.lean,BoCa/Wp.lean:225,3.8
BoCa.BoLo.Kont.plug_hole,BoCa.BoLo.Kont.plug_hole,no,thm,Paper/S3_Dynamics/Definitions.lean,BoCa/Wp.lean:251,
BoCa.BoLo.Kont.seq,BoCa.BoLo.Kont.seq,no,ctor,Paper/S3_Dynamics/Definitions.lean,BoCa/Wp.lean:218,3.1;3.2;3.3;3.4;3.5;3.6;3.7;3.30;3.31
BoCa.BoLo.Kont.seq.elim,BoCa.BoLo.Kont.seq.elim,no,def,Paper/S3_Dynamics/Definitions.lean,BoCa/Wp.lean:218,3.1;3.2;3.3;3.4;3.5;3.6;3.7;3.30;3.31
BoCa.BoLo.Step1,BoCa.BoLo.Step1,no,def,Paper/S3_Dynamics/Definitions.lean,BoCa/Wp.lean:297,3.11;3.12
BoCa.BoLo.instReprKont,BoCa.BoLo.instReprKont,no,def,Paper/S3_Dynamics/Definitions.lean,BoCa/Wp.lean:221,3.1;3.2;3.3;3.4;3.5;3.6;3.7;3.30;3.31
BoCa.BoLo.instReprKont.repr,BoCa.BoLo.instReprKont.repr,no,def,Paper/S3_Dynamics/Definitions.lean,BoCa/Wp.lean:221,3.1;3.2;3.3;3.4;3.5;3.6;3.7;3.30;3.31
BoCa.TR3.Head,BoCa.TR3.Head,no,induct,Paper/S3_Dynamics/Definitions.lean,BoCa/TR3.lean:245,3.11;3.13;3.15;3.16;3.17;3.18;3.19;3.20;3.22
BoCa.TR3.Head.alloc,BoCa.TR3.Head.alloc,no,ctor,Paper/S3_Dynamics/Definitions.lean,BoCa/TR3.lean:272,3.11;3.13;3.15;3.16;3.17;3.18;3.19;3.20;3.22
BoCa.TR3.Head.free,BoCa.TR3.Head.free,no,ctor,Paper/S3_Dynamics/Definitions.lean,BoCa/TR3.lean:275,3.11;3.13;3.15;3.16;3.17;3.18;3.19;3.20;3.22
BoCa.TR3.Head.load,BoCa.TR3.Head.load,no,ctor,Paper/S3_Dynamics/Definitions.lean,BoCa/TR3.lean:278,3.11;3.13;3.15;3.16;3.17;3.18;3.19;3.20;3.22
BoCa.TR3.Head.lolli,BoCa.TR3.Head.lolli,no,ctor,Paper/S3_Dynamics/Definitions.lean,BoCa/TR3.lean:269,3.11;3.13;3.15;3.16;3.17;3.18;3.19;3.20;3.22
BoCa.TR3.Head.one,BoCa.TR3.Head.one,no,ctor,Paper/S3_Dynamics/Definitions.lean,BoCa/TR3.lean:257,3.11;3.13;3.15;3.16;3.17;3.18;3.19;3.20;3.22
BoCa.TR3.Head.store,BoCa.TR3.Head.store,no,ctor,Paper/S3_Dynamics/Definitions.lean,BoCa/TR3.lean:281,3.11;3.13;3.15;3.16;3.17;3.18;3.19;3.20;3.22
BoCa.TR3.Head.sum₁,BoCa.TR3.Head.sum₁,no,ctor,Paper/S3_Dynamics/Definitions.lean,BoCa/TR3.lean:263,3.11;3.13;3.15;3.16;3.17;3.18;3.19;3.20;3.22
BoCa.TR3.Head.sum₂,BoCa.TR3.Head.sum₂,no,ctor,Paper/S3_Dynamics/Definitions.lean,BoCa/TR3.lean:266,3.11;3.13;3.15;3.16;3.17;3.18;3.19;3.20;3.22
BoCa.TR3.Head.tensor,BoCa.TR3.Head.tensor,no,ctor,Paper/S3_Dynamics/Definitions.lean,BoCa/TR3.lean:259,3.11;3.13;3.15;3.16;3.17;3.18;3.19;3.20;3.22
BoCa.TR3.Kont,BoCa.TR3.Kont,no,induct,Paper/S3_Dynamics/Definitions.lean,BoCa/TR3.lean:171,3.1;3.2;3.3;3.4;3.5;3.6;3.7
BoCa.TR3.Kont.appL,BoCa.TR3.Kont.appL,no,ctor,Paper/S3_Dynamics/Definitions.lean,BoCa/TR3.lean:191,3.1;3.2;3.3;3.4;3.5;3.6;3.7
BoCa.TR3.Kont.appL.elim,BoCa.TR3.Kont.appL.elim,no,def,Paper/S3_Dynamics/Definitions.lean,BoCa/TR3.lean:191,3.1;3.2;3.3;3.4;3.5;3.6;3.7
BoCa.TR3.Kont.appR,BoCa.TR3.Kont.appR,no,ctor,Paper/S3_Dynamics/Definitions.lean,BoCa/TR3.lean:189,3.1;3.2;3.3;3.4;3.5;3.6;3.7
BoCa.TR3.Kont.appR.elim,BoCa.TR3.Kont.appR.elim,no,def,Paper/S3_Dynamics/Definitions.lean,BoCa/TR3.lean:189,3.1;3.2;3.3;3.4;3.5;3.6;3.7
BoCa.TR3.Kont.brecOn.eq,BoCa.TR3.Kont.brecOn.eq,no,thm,Paper/S3_Dynamics/Definitions.lean,BoCa/TR3.lean:171,3.1;3.2;3.3;3.4;3.5;3.6;3.7
BoCa.TR3.Kont.brecOn.go,BoCa.TR3.Kont.brecOn.go,no,def,Paper/S3_Dynamics/Definitions.lean,BoCa/TR3.lean:171,3.1;3.2;3.3;3.4;3.5;3.6;3.7
BoCa.TR3.Kont.case,BoCa.TR3.Kont.case,no,ctor,Paper/S3_Dynamics/Definitions.lean,BoCa/TR3.lean:187,3.1;3.2;3.3;3.4;3.5;3.6;3.7
BoCa.TR3.Kont.case.elim,BoCa.TR3.Kont.case.elim,no,def,Paper/S3_Dynamics/Definitions.lean,BoCa/TR3.lean:187,3.1;3.2;3.3;3.4;3.5;3.6;3.7
BoCa.TR3.Kont.hole,BoCa.TR3.Kont.hole,no,ctor,Paper/S3_Dynamics/Definitions.lean,BoCa/TR3.lean:179,3.1;3.2;3.3;3.4;3.5;3.6;3.7
BoCa.TR3.Kont.hole.elim,BoCa.TR3.Kont.hole.elim,no,def,Paper/S3_Dynamics/Definitions.lean,BoCa/TR3.lean:179,3.1;3.2;3.3;3.4;3.5;3.6;3.7
BoCa.TR3.Kont.letpair,BoCa.TR3.Kont.letpair,no,ctor,Paper/S3_Dynamics/Definitions.lean,BoCa/TR3.lean:185,3.1;3.2;3.3;3.4;3.5;3.6;3.7
BoCa.TR3.Kont.letpair.elim,BoCa.TR3.Kont.letpair.elim,no,def,Paper/S3_Dynamics/Definitions.lean,BoCa/TR3.lean:185,3.1;3.2;3.3;3.4;3.5;3.6;3.7
BoCa.TR3.Kont.pairL,BoCa.TR3.Kont.pairL,no,ctor,Paper/S3_Dynamics/Definitions.lean,BoCa/TR3.lean:181,3.1;3.2;3.3;3.4;3.5;3.6;3.7
BoCa.TR3.Kont.pairL.elim,BoCa.TR3.Kont.pairL.elim,no,def,Paper/S3_Dynamics/Definitions.lean,BoCa/TR3.lean:181,3.1;3.2;3.3;3.4;3.5;3.6;3.7
BoCa.TR3.Kont.pairR,BoCa.TR3.Kont.pairR,no,ctor,Paper/S3_Dynamics/Definitions.lean,BoCa/TR3.lean:183,3.1;3.2;3.3;3.4;3.5;3.6;3.7
BoCa.TR3.Kont.pairR.elim,BoCa.TR3.Kont.pairR.elim,no,def,Paper/S3_Dynamics/Definitions.lean,BoCa/TR3.lean:183,3.1;3.2;3.3;3.4;3.5;3.6;3.7
BoCa.TR3.Kont.plug,BoCa.TR3.Kont.plug,no,def,Paper/S3_Dynamics/Definitions.lean,BoCa/TR3.lean:197,3.8
BoCa.TR3.Kont.plug_hole,BoCa.TR3.Kont.plug_hole,no,thm,Paper/S3_Dynamics/Definitions.lean,BoCa/TR3.lean:217,
BoCa.TR3.Step1,BoCa.TR3.Step1,no,def,Paper/S3_Dynamics/Definitions.lean,BoCa/TR3.lean:289,3.11;3.12
BoCa.TR3.instReprKont,BoCa.TR3.instReprKont,no,def,Paper/S3_Dynamics/Definitions.lean,BoCa/TR3.lean:193,3.1;3.2;3.3;3.4;3.5;3.6;3.7
BoCa.TR3.instReprKont.repr,BoCa.TR3.instReprKont.repr,no,def,Paper/S3_Dynamics/Definitions.lean,BoCa/TR3.lean:193,3.1;3.2;3.3;3.4;3.5;3.6;3.7
BoCa.copy,BoCa.copy,no,def,Paper/S3_Dynamics/Definitions.lean,BoCa/Notation.lean:55,3.25
BoCa.elet,BoCa.elet,no,def,Paper/S3_Dynamics/Definitions.lean,BoCa/Notation.lean:18,3.36
BoCa.forget,BoCa.forget,no,def,Paper/S3_Dynamics/Definitions.lean,BoCa/Notation.lean:59,3.26
BoCa.lam2,BoCa.lam2,no,def,Paper/S3_Dynamics/Definitions.lean,BoCa/Notation.lean:22,3.36
BoCa.withswap,BoCa.withswap,no,def,Paper/S3_Dynamics/Definitions.lean,BoCa/Notation.lean:130,3.29
BoCa.Ctx.LiveWithin,BoCa.Ctx.LiveWithin,no,def,Paper/S4_LogicalRelation/Definitions.lean,BoCa/Derives.lean:360,4.13
BoCa.Ctx.liveWithin_cons,BoCa.Ctx.liveWithin_cons,no,thm,Paper/S4_LogicalRelation/Definitions.lean,BoCa/Derives.lean:372,
BoCa.Ctx.liveWithin_cons_nil,BoCa.Ctx.liveWithin_cons_nil,no,thm,Paper/S4_LogicalRelation/Definitions.lean,BoCa/Derives.lean:376,
BoCa.Ctx.liveWithin_nil,BoCa.Ctx.liveWithin_nil,no,thm,Paper/S4_LogicalRelation/Definitions.lean,BoCa/Derives.lean:369,
BoCa.Fig16.LogRel.LtLife,BoCa.Fig16.LogRel.LtLife,no,def,Paper/S4_LogicalRelation/Definitions.lean,BoCa/Fig16LogRel.lean:121,4.15
BoCa.Fig16.LogRel.SemTy,BoCa.Fig16.LogRel.SemTy,no,def,Paper/S4_LogicalRelation/Definitions.lean,BoCa/Fig16LogRel.lean:966,4.14
BoCa.Fig16.LogRel.Supported,BoCa.Fig16.LogRel.Supported,no,def,Paper/S4_LogicalRelation/Definitions.lean,BoCa/Fig16LogRel.lean:572,4.16
BoCa.Fig16.LogRel.atLife,BoCa.Fig16.LogRel.atLife,no,def,Paper/S4_LogicalRelation/Definitions.lean,BoCa/Fig16LogRel.lean:116,4.6;4.15
BoCa.Fig16.LogRel.dDen,BoCa.Fig16.LogRel.dDen,no,def,Paper/S4_LogicalRelation/Definitions.lean,BoCa/Fig16LogRel.lean:941,4.12
BoCa.Fig16.LogRel.eDen,BoCa.Fig16.LogRel.eDen,no,def,Paper/S4_LogicalRelation/Definitions.lean,BoCa/Fig16LogRel.lean:938,4.11
BoCa.Fig16.LogRel.gDen,BoCa.Fig16.LogRel.gDen,no,def,Paper/S4_LogicalRelation/Definitions.lean,BoCa/Fig16LogRel.lean:952,4.13
BoCa.Fig16.LogRel.gSep,BoCa.Fig16.LogRel.gSep,no,def,Paper/S4_LogicalRelation/Definitions.lean,BoCa/Fig16LogRel.lean:944,4.13
BoCa.Fig16.LogRel.supported_iff,BoCa.Fig16.LogRel.supported_iff,no,thm,Paper/S4_LogicalRelation/Definitions.lean,BoCa/Fig16LogRel.lean:578,4.16
BoCa.Fig16.LogRel.vDen,BoCa.Fig16.LogRel.vDen,no,def,Paper/S4_LogicalRelation/Definitions.lean,BoCa/Fig16LogRel.lean:137,4.1
BoCa.Fig16.LogRel.vDen_all,BoCa.Fig16.LogRel.vDen_all,no,thm,Paper/S4_LogicalRelation/Definitions.lean,BoCa/Fig16LogRel.lean:190,4.5
BoCa.Fig16.LogRel.vDen_box,BoCa.Fig16.LogRel.vDen_box,no,thm,Paper/S4_LogicalRelation/Definitions.lean,BoCa/Fig16LogRel.lean:196,4.6
BoCa.Fig16.LogRel.vDen_imm,BoCa.Fig16.LogRel.vDen_imm,no,thm,Paper/S4_LogicalRelation/Definitions.lean,BoCa/Fig16LogRel.lean:203,4.8
BoCa.Fig16.LogRel.vDen_lolli,BoCa.Fig16.LogRel.vDen_lolli,no,thm,Paper/S4_LogicalRelation/Definitions.lean,BoCa/Fig16LogRel.lean:186,4.4
BoCa.Fig16.LogRel.vDen_mut,BoCa.Fig16.LogRel.vDen_mut,no,thm,Paper/S4_LogicalRelation/Definitions.lean,BoCa/Fig16LogRel.lean:207,4.9
BoCa.Fig16.LogRel.vDen_ref,BoCa.Fig16.LogRel.vDen_ref,no,thm,Paper/S4_LogicalRelation/Definitions.lean,BoCa/Fig16LogRel.lean:199,4.7
BoCa.Fig16.LogRel.vDen_sum,BoCa.Fig16.LogRel.vDen_sum,no,thm,Paper/S4_LogicalRelation/Definitions.lean,BoCa/Fig16LogRel.lean:181,4.3
BoCa.Fig16.LogRel.vDen_tensor,BoCa.Fig16.LogRel.vDen_tensor,no,thm,Paper/S4_LogicalRelation/Definitions.lean,BoCa/Fig16LogRel.lean:176,4.2
BoCa.Fig16.LogRel.vDen_unit,BoCa.Fig16.LogRel.vDen_unit,no,thm,Paper/S4_LogicalRelation/Definitions.lean,BoCa/Fig16LogRel.lean:174,4.1
BoCa.Fig16.LogRel.vDen_unk,BoCa.Fig16.LogRel.vDen_unk,no,thm,Paper/S4_LogicalRelation/Definitions.lean,BoCa/Fig16LogRel.lean:214,4.10
BoCa.Fig16.LogRel.sem_iff,BoCa.Fig16.LogRel.sem_iff,no,thm,Paper/S4_LogicalRelation/Remarks.lean,BoCa/Fig16LogRel.lean:977,4.18
BoCa.Fig16.LogRel.vDen_mut_of_supported,BoCa.Fig16.LogRel.vDen_mut_of_supported,no,thm,Paper/S4_LogicalRelation/Remarks.lean,BoCa/Fig16LogRel.lean:602,4.16
BoCa.Fig16.LogRel.vDen_mut_supported,BoCa.Fig16.LogRel.vDen_mut_supported,no,thm,Paper/S4_LogicalRelation/Remarks.lean,BoCa/Fig16LogRel.lean:586,4.16
BoCa.Fig16.AgW,BoCa.Fig16.AgW,no,induct,Paper/S5_Model/Definitions.lean,BoCa/Fig16.lean:2770,5.21
BoCa.Fig16.AgW.below.mk,BoCa.Fig16.AgW.below.mk,no,ctor,Paper/S5_Model/Definitions.lean,BoCa/Fig16.lean:2770,5.21
BoCa.Fig16.AgW.mk,BoCa.Fig16.AgW.mk,no,ctor,Paper/S5_Model/Definitions.lean,BoCa/Fig16.lean:2775,5.21
BoCa.Fig16.AgWitsI,BoCa.Fig16.AgWitsI,no,induct,Paper/S5_Model/Definitions.lean,BoCa/Fig16.lean:2794,5.21
BoCa.Fig16.AgWitsI.below.cons,BoCa.Fig16.AgWitsI.below.cons,no,ctor,Paper/S5_Model/Definitions.lean,BoCa/Fig16.lean:2794,5.21
BoCa.Fig16.AgWitsI.below.nil,BoCa.Fig16.AgWitsI.below.nil,no,ctor,Paper/S5_Model/Definitions.lean,BoCa/Fig16.lean:2794,5.21
BoCa.Fig16.AgWitsI.cons,BoCa.Fig16.AgWitsI.cons,no,ctor,Paper/S5_Model/Definitions.lean,BoCa/Fig16.lean:2798,5.21
BoCa.Fig16.AgWitsI.nil,BoCa.Fig16.AgWitsI.nil,no,ctor,Paper/S5_Model/Definitions.lean,BoCa/Fig16.lean:2797,5.21
BoCa.Fig16.AgWitsM,BoCa.Fig16.AgWitsM,no,induct,Paper/S5_Model/Definitions.lean,BoCa/Fig16.lean:2786,5.21
BoCa.Fig16.AgWitsM.below.cons,BoCa.Fig16.AgWitsM.below.cons,no,ctor,Paper/S5_Model/Definitions.lean,BoCa/Fig16.lean:2786,5.21
BoCa.Fig16.AgWitsM.below.nil,BoCa.Fig16.AgWitsM.below.nil,no,ctor,Paper/S5_Model/Definitions.lean,BoCa/Fig16.lean:2786,5.21
BoCa.Fig16.AgWitsM.cons,BoCa.Fig16.AgWitsM.cons,no,ctor,Paper/S5_Model/Definitions.lean,BoCa/Fig16.lean:2789,5.21
BoCa.Fig16.AgWitsM.nil,BoCa.Fig16.AgWitsM.nil,no,ctor,Paper/S5_Model/Definitions.lean,BoCa/Fig16.lean:2788,5.21
BoCa.Fig16.BigComp,BoCa.Fig16.BigComp,no,induct,Paper/S5_Model/Definitions.lean,BoCa/Fig16.lean:2518,5.56
BoCa.Fig16.BigComp.below.cons,BoCa.Fig16.BigComp.below.cons,no,ctor,Paper/S5_Model/Definitions.lean,BoCa/Fig16.lean:2518,5.56
BoCa.Fig16.BigComp.below.nil,BoCa.Fig16.BigComp.below.nil,no,ctor,Paper/S5_Model/Definitions.lean,BoCa/Fig16.lean:2518,5.56
BoCa.Fig16.BigComp.cons,BoCa.Fig16.BigComp.cons,no,ctor,Paper/S5_Model/Definitions.lean,BoCa/Fig16.lean:2531,5.56
BoCa.Fig16.BigComp.nil,BoCa.Fig16.BigComp.nil,no,ctor,Paper/S5_Model/Definitions.lean,BoCa/Fig16.lean:2530,5.56
BoCa.Fig16.BoLo.NoOwn,BoCa.Fig16.BoLo.NoOwn,no,def,Paper/S5_Model/Definitions.lean,BoCa/Fig16Wp.lean:78,5.63
BoCa.Fig16.BoLo.Outlives,BoCa.Fig16.BoLo.Outlives,no,def,Paper/S5_Model/Definitions.lean,BoCa/Fig16.lean:10316,5.32
BoCa.Fig16.BoLo.WProp,BoCa.Fig16.BoLo.WProp,no,def,Paper/S5_Model/Definitions.lean,BoCa/Fig16Wp.lean:75,
BoCa.Fig16.BoLo.WRes,BoCa.Fig16.BoLo.WRes,no,def,Paper/S5_Model/Definitions.lean,BoCa/Fig16Wp.lean:72,
BoCa.Fig16.BoLo.all,BoCa.Fig16.BoLo.all,no,def,Paper/S5_Model/Definitions.lean,BoCa/Fig16.lean:10256,5.44
BoCa.Fig16.BoLo.and,BoCa.Fig16.BoLo.and,no,def,Paper/S5_Model/Definitions.lean,BoCa/Fig16.lean:10247,5.41
BoCa.Fig16.BoLo.bang,BoCa.Fig16.BoLo.bang,no,def,Paper/S5_Model/Definitions.lean,BoCa/Fig16.lean:10276,5.38
BoCa.Fig16.BoLo.bot,BoCa.Fig16.BoLo.bot,no,def,Paper/S5_Model/Definitions.lean,BoCa/Fig16.lean:10244,5.40
BoCa.Fig16.BoLo.box,BoCa.Fig16.BoLo.box,no,def,Paper/S5_Model/Definitions.lean,BoCa/Fig16.lean:10333,5.32
BoCa.Fig16.BoLo.emp,BoCa.Fig16.BoLo.emp,no,def,Paper/S5_Model/Definitions.lean,BoCa/Fig16.lean:10238,5.37
BoCa.Fig16.BoLo.ex,BoCa.Fig16.BoLo.ex,no,def,Paper/S5_Model/Definitions.lean,BoCa/Fig16.lean:10259,5.45
BoCa.Fig16.BoLo.fresh,BoCa.Fig16.BoLo.fresh,no,def,Paper/S5_Model/Definitions.lean,BoCa/Fig16.lean:10340,5.46
BoCa.Fig16.BoLo.imp,BoCa.Fig16.BoLo.imp,no,def,Paper/S5_Model/Definitions.lean,BoCa/Fig16.lean:10253,5.43
BoCa.Fig16.BoLo.noOwn_compS,BoCa.Fig16.BoLo.noOwn_compS,no,thm,Paper/S5_Model/Definitions.lean,BoCa/Fig16Wp.lean:102,5.63
BoCa.Fig16.BoLo.noOwn_iff,BoCa.Fig16.BoLo.noOwn_iff,no,thm,Paper/S5_Model/Definitions.lean,BoCa/Fig16Wp.lean:81,
BoCa.Fig16.BoLo.ofS,BoCa.Fig16.BoLo.ofS,no,def,Paper/S5_Model/Definitions.lean,BoCa/Fig16.lean:10221,5.57
BoCa.Fig16.BoLo.or,BoCa.Fig16.BoLo.or,no,def,Paper/S5_Model/Definitions.lean,BoCa/Fig16.lean:10250,5.42
BoCa.Fig16.BoLo.ptoAny,BoCa.Fig16.BoLo.ptoAny,no,def,Paper/S5_Model/Definitions.lean,BoCa/Fig16.lean:10288,5.63
BoCa.Fig16.BoLo.ptoImm,BoCa.Fig16.BoLo.ptoImm,no,def,Paper/S5_Model/Definitions.lean,BoCa/Fig16.lean:10292,5.30
BoCa.Fig16.BoLo.ptoMut,BoCa.Fig16.BoLo.ptoMut,no,def,Paper/S5_Model/Definitions.lean,BoCa/Fig16.lean:10309,5.31
BoCa.Fig16.BoLo.ptoOwn,BoCa.Fig16.BoLo.ptoOwn,no,def,Paper/S5_Model/Definitions.lean,BoCa/Fig16.lean:10284,5.29
BoCa.Fig16.BoLo.pure,BoCa.Fig16.BoLo.pure,no,def,Paper/S5_Model/Definitions.lean,BoCa/Fig16.lean:10235,5.34
BoCa.Fig16.BoLo.reborrow,BoCa.Fig16.BoLo.reborrow,no,def,Paper/S5_Model/Definitions.lean,BoCa/Fig16.lean:10351,5.47
BoCa.Fig16.BoLo.sep,BoCa.Fig16.BoLo.sep,no,def,Paper/S5_Model/Definitions.lean,BoCa/Fig16.lean:10262,5.35
BoCa.Fig16.BoLo.top,BoCa.Fig16.BoLo.top,no,def,Paper/S5_Model/Definitions.lean,BoCa/Fig16.lean:10241,5.39
BoCa.Fig16.BoLo.wand,BoCa.Fig16.BoLo.wand,no,def,Paper/S5_Model/Definitions.lean,BoCa/Fig16.lean:10269,5.36
BoCa.Fig16.BoLo.wp,BoCa.Fig16.BoLo.wp,no,def,Paper/S5_Model/Definitions.lean,BoCa/Fig16Wp.lean:170,5.33
BoCa.Fig16.BoLo.wpU,BoCa.Fig16.BoLo.wpU,no,def,Paper/S5_Model/Definitions.lean,BoCa/Fig16Wp.lean:214,5.62
BoCa.Fig16.Cell,BoCa.Fig16.Cell,no,def,Paper/S5_Model/Definitions.lean,BoCa/Fig16.lean:573,5.3;5.58
BoCa.Fig16.Cell.ofF,BoCa.Fig16.Cell.ofF,no,def,Paper/S5_Model/Definitions.lean,BoCa/Fig16.lean:626,5.58
BoCa.Fig16.Cell.ofF_toF,BoCa.Fig16.Cell.ofF_toF,no,thm,Paper/S5_Model/Definitions.lean,BoCa/Fig16.lean:633,
BoCa.Fig16.Cell.stratumEquiv,BoCa.Fig16.Cell.stratumEquiv,no,def,Paper/S5_Model/Definitions.lean,BoCa/Fig16.lean:980,5.48
BoCa.Fig16.Cell.toF,BoCa.Fig16.Cell.toF,no,def,Paper/S5_Model/Definitions.lean,BoCa/Fig16.lean:622,5.58
BoCa.Fig16.Cell.toF_ofF,BoCa.Fig16.Cell.toF_ofF,no,thm,Paper/S5_Model/Definitions.lean,BoCa/Fig16.lean:630,
BoCa.Fig16.Cell.toStratum_toU,BoCa.Fig16.Cell.toStratum_toU,no,thm,Paper/S5_Model/Definitions.lean,BoCa/Fig16.lean:828,
BoCa.Fig16.Cell.toU,BoCa.Fig16.Cell.toU,no,def,Paper/S5_Model/Definitions.lean,BoCa/Fig16.lean:813,
BoCa.Fig16.Cell.toU_inStratum,BoCa.Fig16.Cell.toU_inStratum,no,thm,Paper/S5_Model/Definitions.lean,BoCa/Fig16.lean:820,
BoCa.Fig16.CellF,BoCa.Fig16.CellF,no,induct,Paper/S5_Model/Definitions.lean,BoCa/Fig16.lean:563,5.3
BoCa.Fig16.CellF.imm,BoCa.Fig16.CellF.imm,no,ctor,Paper/S5_Model/Definitions.lean,BoCa/Fig16.lean:568,5.3
BoCa.Fig16.CellF.imm.elim,BoCa.Fig16.CellF.imm.elim,no,def,Paper/S5_Model/Definitions.lean,BoCa/Fig16.lean:568,5.3
BoCa.Fig16.CellF.mut,BoCa.Fig16.CellF.mut,no,ctor,Paper/S5_Model/Definitions.lean,BoCa/Fig16.lean:570,5.3
BoCa.Fig16.CellF.mut.elim,BoCa.Fig16.CellF.mut.elim,no,def,Paper/S5_Model/Definitions.lean,BoCa/Fig16.lean:570,5.3
BoCa.Fig16.CellF.own,BoCa.Fig16.CellF.own,no,ctor,Paper/S5_Model/Definitions.lean,BoCa/Fig16.lean:566,5.3
BoCa.Fig16.CellF.own.elim,BoCa.Fig16.CellF.own.elim,no,def,Paper/S5_Model/Definitions.lean,BoCa/Fig16.lean:566,5.3
BoCa.Fig16.CellF.toLayer_toU,BoCa.Fig16.CellF.toLayer_toU,no,thm,Paper/S5_Model/Definitions.lean,BoCa/Fig16.lean:809,
BoCa.Fig16.CellF.toU,BoCa.Fig16.CellF.toU,no,def,Paper/S5_Model/Definitions.lean,BoCa/Fig16.lean:785,
BoCa.Fig16.CellF.toU_inStratum,BoCa.Fig16.CellF.toU_inStratum,no,thm,Paper/S5_Model/Definitions.lean,BoCa/Fig16.lean:799,
BoCa.Fig16.CellS,BoCa.Fig16.CellS,no,def,Paper/S5_Model/Definitions.lean,BoCa/Fig16.lean:969,
BoCa.Fig16.CellU,BoCa.Fig16.CellU,no,induct,Paper/S5_Model/Definitions.lean,BoCa/Fig16.lean:694,5.8
BoCa.Fig16.CellU.CompR,BoCa.Fig16.CellU.CompR,no,induct,Paper/S5_Model/Definitions.lean,BoCa/Fig16.lean:1600,5.16
BoCa.Fig16.CellU.CompR.immMut,BoCa.Fig16.CellU.CompR.immMut,no,ctor,Paper/S5_Model/Definitions.lean,BoCa/Fig16.lean:1633,5.16
BoCa.Fig16.CellU.CompR.immOwn,BoCa.Fig16.CellU.CompR.immOwn,no,ctor,Paper/S5_Model/Definitions.lean,BoCa/Fig16.lean:1627,5.16
BoCa.Fig16.CellU.CompR.mutImm,BoCa.Fig16.CellU.CompR.mutImm,no,ctor,Paper/S5_Model/Definitions.lean,BoCa/Fig16.lean:1638,5.16
BoCa.Fig16.CellU.CompR.mutMut,BoCa.Fig16.CellU.CompR.mutMut,no,ctor,Paper/S5_Model/Definitions.lean,BoCa/Fig16.lean:1609,5.16
BoCa.Fig16.CellU.CompR.mutOwn,BoCa.Fig16.CellU.CompR.mutOwn,no,ctor,Paper/S5_Model/Definitions.lean,BoCa/Fig16.lean:1617,5.16
BoCa.Fig16.CellU.CompR.ownImm,BoCa.Fig16.CellU.CompR.ownImm,no,ctor,Paper/S5_Model/Definitions.lean,BoCa/Fig16.lean:1630,5.16
BoCa.Fig16.CellU.CompR.ownMut,BoCa.Fig16.CellU.CompR.ownMut,no,ctor,Paper/S5_Model/Definitions.lean,BoCa/Fig16.lean:1622,5.16
BoCa.Fig16.CellU.CompR.same,BoCa.Fig16.CellU.CompR.same,no,ctor,Paper/S5_Model/Definitions.lean,BoCa/Fig16.lean:1604,5.16
BoCa.Fig16.CellU.CompR.strict,BoCa.Fig16.CellU.CompR.strict,no,ctor,Paper/S5_Model/Definitions.lean,BoCa/Fig16.lean:1606,5.16
BoCa.Fig16.CellU.CompS,BoCa.Fig16.CellU.CompS,no,def,Paper/S5_Model/Definitions.lean,BoCa/Fig16.lean:1500,5.15
BoCa.Fig16.CellU.CompS.functional,BoCa.Fig16.CellU.CompS.functional,no,thm,Paper/S5_Model/Definitions.lean,BoCa/Fig16.lean:1529,
BoCa.Fig16.CellU.CompatR,BoCa.Fig16.CellU.CompatR,no,def,Paper/S5_Model/Definitions.lean,BoCa/Fig16.lean:2225,5.14
BoCa.Fig16.CellU.CompatS,BoCa.Fig16.CellU.CompatS,no,def,Paper/S5_Model/Definitions.lean,BoCa/Fig16.lean:1434,5.13
BoCa.Fig16.CellU.CompatS.imm_imm,BoCa.Fig16.CellU.CompatS.imm_imm,no,thm,Paper/S5_Model/Definitions.lean,BoCa/Fig16.lean:1453,5.67
BoCa.Fig16.CellU.InStratum,BoCa.Fig16.CellU.InStratum,no,def,Paper/S5_Model/Definitions.lean,BoCa/Fig16.lean:776,5.48
BoCa.Fig16.CellU.InStratum.mono,BoCa.Fig16.CellU.InStratum.mono,no,thm,Paper/S5_Model/Definitions.lean,BoCa/Fig16.lean:853,
BoCa.Fig16.CellU.InStratum.sup,BoCa.Fig16.CellU.InStratum.sup,no,thm,Paper/S5_Model/Definitions.lean,BoCa/Fig16.lean:862,
BoCa.Fig16.CellU.at,BoCa.Fig16.CellU.at,no,def,Paper/S5_Model/Definitions.lean,BoCa/Fig16.lean:768,5.10
BoCa.Fig16.CellU.at_immOf,BoCa.Fig16.CellU.at_immOf,no,thm,Paper/S5_Model/Definitions.lean,BoCa/Fig16.lean:1082,
BoCa.Fig16.CellU.at_mutOf,BoCa.Fig16.CellU.at_mutOf,no,thm,Paper/S5_Model/Definitions.lean,BoCa/Fig16.lean:1084,
BoCa.Fig16.CellU.at_ownOf,BoCa.Fig16.CellU.at_ownOf,no,thm,Paper/S5_Model/Definitions.lean,BoCa/Fig16.lean:1081,
BoCa.Fig16.CellU.compR,BoCa.Fig16.CellU.compR,no,def,Paper/S5_Model/Definitions.lean,BoCa/Fig16.lean:2304,
BoCa.Fig16.CellU.compS,BoCa.Fig16.CellU.compS,no,def,Paper/S5_Model/Definitions.lean,BoCa/Fig16.lean:1465,5.15
BoCa.Fig16.CellU.compS.congr_simp,BoCa.Fig16.CellU.compS.congr_simp,no,thm,Paper/S5_Model/Definitions.lean,BoCa/Fig16.lean:1465,5.15
BoCa.Fig16.CellU.compS_immOf,BoCa.Fig16.CellU.compS_immOf,no,thm,Paper/S5_Model/Definitions.lean,BoCa/Fig16.lean:1546,5.15
BoCa.Fig16.CellU.compS_spec,BoCa.Fig16.CellU.compS_spec,no,thm,Paper/S5_Model/Definitions.lean,BoCa/Fig16.lean:1509,
BoCa.Fig16.CellU.erase,BoCa.Fig16.CellU.erase,no,def,Paper/S5_Model/Definitions.lean,BoCa/Fig16.lean:2012,5.24
BoCa.Fig16.CellU.erase_immOf,BoCa.Fig16.CellU.erase_immOf,no,thm,Paper/S5_Model/Definitions.lean,BoCa/Fig16.lean:2019,
BoCa.Fig16.CellU.erase_mutOf,BoCa.Fig16.CellU.erase_mutOf,no,thm,Paper/S5_Model/Definitions.lean,BoCa/Fig16.lean:2021,
BoCa.Fig16.CellU.erase_ownOf,BoCa.Fig16.CellU.erase_ownOf,no,thm,Paper/S5_Model/Definitions.lean,BoCa/Fig16.lean:2018,
BoCa.Fig16.CellU.imm,BoCa.Fig16.CellU.imm,no,ctor,Paper/S5_Model/Definitions.lean,BoCa/Fig16.lean:702,5.8
BoCa.Fig16.CellU.imm.elim,BoCa.Fig16.CellU.imm.elim,no,def,Paper/S5_Model/Definitions.lean,BoCa/Fig16.lean:702,5.8
BoCa.Fig16.CellU.immOf,BoCa.Fig16.CellU.immOf,no,def,Paper/S5_Model/Definitions.lean,BoCa/Fig16.lean:1062,
BoCa.Fig16.CellU.immOf.congr_simp,BoCa.Fig16.CellU.immOf.congr_simp,no,thm,Paper/S5_Model/Definitions.lean,BoCa/Fig16.lean:1062,
BoCa.Fig16.CellU.immOf_congr,BoCa.Fig16.CellU.immOf_congr,no,thm,Paper/S5_Model/Definitions.lean,BoCa/Fig16.lean:1480,
BoCa.Fig16.CellU.immOf_inj,BoCa.Fig16.CellU.immOf_inj,no,thm,Paper/S5_Model/Definitions.lean,BoCa/Fig16.lean:1114,
BoCa.Fig16.CellU.inStratum_immOf,BoCa.Fig16.CellU.inStratum_immOf,no,thm,Paper/S5_Model/Definitions.lean,BoCa/Fig16.lean:1089,
BoCa.Fig16.CellU.inStratum_mutOf,BoCa.Fig16.CellU.inStratum_mutOf,no,thm,Paper/S5_Model/Definitions.lean,BoCa/Fig16.lean:1091,
BoCa.Fig16.CellU.inStratum_ownOf,BoCa.Fig16.CellU.inStratum_ownOf,no,thm,Paper/S5_Model/Definitions.lean,BoCa/Fig16.lean:1087,
BoCa.Fig16.CellU.kind,BoCa.Fig16.CellU.kind,no,def,Paper/S5_Model/Definitions.lean,BoCa/Fig16.lean:1211,5.49
BoCa.Fig16.CellU.kind_immOf,BoCa.Fig16.CellU.kind_immOf,no,thm,Paper/S5_Model/Definitions.lean,BoCa/Fig16.lean:1219,
BoCa.Fig16.CellU.kind_mutOf,BoCa.Fig16.CellU.kind_mutOf,no,thm,Paper/S5_Model/Definitions.lean,BoCa/Fig16.lean:1221,
BoCa.Fig16.CellU.kind_ownOf,BoCa.Fig16.CellU.kind_ownOf,no,thm,Paper/S5_Model/Definitions.lean,BoCa/Fig16.lean:1217,
BoCa.Fig16.CellU.mut,BoCa.Fig16.CellU.mut,no,ctor,Paper/S5_Model/Definitions.lean,BoCa/Fig16.lean:704,5.8
BoCa.Fig16.CellU.mut.elim,BoCa.Fig16.CellU.mut.elim,no,def,Paper/S5_Model/Definitions.lean,BoCa/Fig16.lean:704,5.8
BoCa.Fig16.CellU.mutOf,BoCa.Fig16.CellU.mutOf,no,def,Paper/S5_Model/Definitions.lean,BoCa/Fig16.lean:1068,
BoCa.Fig16.CellU.mutOf.congr_simp,BoCa.Fig16.CellU.mutOf.congr_simp,no,thm,Paper/S5_Model/Definitions.lean,BoCa/Fig16.lean:1068,
BoCa.Fig16.CellU.own,BoCa.Fig16.CellU.own,no,ctor,Paper/S5_Model/Definitions.lean,BoCa/Fig16.lean:700,5.8
BoCa.Fig16.CellU.own.elim,BoCa.Fig16.CellU.own.elim,no,def,Paper/S5_Model/Definitions.lean,BoCa/Fig16.lean:700,5.8
BoCa.Fig16.CellU.ownOf,BoCa.Fig16.CellU.ownOf,no,def,Paper/S5_Model/Definitions.lean,BoCa/Fig16.lean:1059,
BoCa.Fig16.CellU.toLayer,BoCa.Fig16.CellU.toLayer,no,def,Paper/S5_Model/Definitions.lean,BoCa/Fig16.lean:792,
BoCa.Fig16.CellU.toStratum,BoCa.Fig16.CellU.toStratum,no,def,Paper/S5_Model/Definitions.lean,BoCa/Fig16.lean:816,
BoCa.Fig16.CellU.toU_toLayer,BoCa.Fig16.CellU.toU_toLayer,no,thm,Paper/S5_Model/Definitions.lean,BoCa/Fig16.lean:806,
BoCa.Fig16.CellU.toU_toStratum,BoCa.Fig16.CellU.toU_toStratum,no,thm,Paper/S5_Model/Definitions.lean,BoCa/Fig16.lean:823,
BoCa.Fig16.CellU.wit,BoCa.Fig16.CellU.wit,no,def,Paper/S5_Model/Definitions.lean,BoCa/Fig16.lean:2032,5.50
BoCa.Fig16.CellU.wit_immOf,BoCa.Fig16.CellU.wit_immOf,no,thm,Paper/S5_Model/Definitions.lean,BoCa/Fig16.lean:2042,
BoCa.Fig16.CellU.wit_mutOf,BoCa.Fig16.CellU.wit_mutOf,no,thm,Paper/S5_Model/Definitions.lean,BoCa/Fig16.lean:2045,
BoCa.Fig16.CellU.wit_ownOf,BoCa.Fig16.CellU.wit_ownOf,no,thm,Paper/S5_Model/Definitions.lean,BoCa/Fig16.lean:2040,
BoCa.Fig16.Cell_eq,BoCa.Fig16.Cell_eq,no,thm,Paper/S5_Model/Definitions.lean,BoCa/Fig16.lean:595,5.3;5.58
BoCa.Fig16.ExR,BoCa.Fig16.ExR,no,def,Paper/S5_Model/Definitions.lean,BoCa/Fig16.lean:2752,5.20
BoCa.Fig16.ExS,BoCa.Fig16.ExS,no,def,Paper/S5_Model/Definitions.lean,BoCa/Fig16.lean:2749,5.20
BoCa.Fig16.ExW,BoCa.Fig16.ExW,no,induct,Paper/S5_Model/Definitions.lean,BoCa/Fig16.lean:2576,5.20
BoCa.Fig16.ExW.below.mk,BoCa.Fig16.ExW.below.mk,no,ctor,Paper/S5_Model/Definitions.lean,BoCa/Fig16.lean:2576,5.20
BoCa.Fig16.ExW.mk,BoCa.Fig16.ExW.mk,no,ctor,Paper/S5_Model/Definitions.lean,BoCa/Fig16.lean:2587,5.20
BoCa.Fig16.ExWits,BoCa.Fig16.ExWits,no,induct,Paper/S5_Model/Definitions.lean,BoCa/Fig16.lean:2595,5.20
BoCa.Fig16.ExWits.below.cons,BoCa.Fig16.ExWits.below.cons,no,ctor,Paper/S5_Model/Definitions.lean,BoCa/Fig16.lean:2595,5.20
BoCa.Fig16.ExWits.below.nil,BoCa.Fig16.ExWits.below.nil,no,ctor,Paper/S5_Model/Definitions.lean,BoCa/Fig16.lean:2595,5.20
BoCa.Fig16.ExWits.cons,BoCa.Fig16.ExWits.cons,no,ctor,Paper/S5_Model/Definitions.lean,BoCa/Fig16.lean:2600,5.20
BoCa.Fig16.ExWits.nil,BoCa.Fig16.ExWits.nil,no,ctor,Paper/S5_Model/Definitions.lean,BoCa/Fig16.lean:2599,5.20
BoCa.Fig16.Imm,BoCa.Fig16.Imm,no,def,Paper/S5_Model/Definitions.lean,BoCa/Fig16.lean:603,5.4
BoCa.Fig16.ImmF,BoCa.Fig16.ImmF,no,induct,Paper/S5_Model/Definitions.lean,BoCa/Fig16.lean:523,5.4
BoCa.Fig16.ImmF.hls,BoCa.Fig16.ImmF.hls,no,thm,Paper/S5_Model/Definitions.lean,BoCa/Fig16.lean:538,5.4
BoCa.Fig16.ImmF.ls,BoCa.Fig16.ImmF.ls,no,def,Paper/S5_Model/Definitions.lean,BoCa/Fig16.lean:536,5.4
BoCa.Fig16.ImmF.mk,BoCa.Fig16.ImmF.mk,no,ctor,Paper/S5_Model/Definitions.lean,BoCa/Fig16.lean:534,5.4
BoCa.Fig16.ImmF.v,BoCa.Fig16.ImmF.v,no,def,Paper/S5_Model/Definitions.lean,BoCa/Fig16.lean:540,5.4
BoCa.Fig16.ImmF.ρ,BoCa.Fig16.ImmF.ρ,no,def,Paper/S5_Model/Definitions.lean,BoCa/Fig16.lean:542,5.4
BoCa.Fig16.ImmU,BoCa.Fig16.ImmU,no,induct,Paper/S5_Model/Definitions.lean,BoCa/Fig16.lean:658,5.8
BoCa.Fig16.ImmU.ext,BoCa.Fig16.ImmU.ext,no,thm,Paper/S5_Model/Definitions.lean,BoCa/Fig16.lean:724,
BoCa.Fig16.ImmU.immOf_eta,BoCa.Fig16.ImmU.immOf_eta,no,thm,Paper/S5_Model/Definitions.lean,BoCa/Fig16.lean:1411,
BoCa.Fig16.ImmU.ls,BoCa.Fig16.ImmU.ls,no,def,Paper/S5_Model/Definitions.lean,BoCa/Fig16.lean:670,5.8
BoCa.Fig16.ImmU.mk,BoCa.Fig16.ImmU.mk,no,ctor,Paper/S5_Model/Definitions.lean,BoCa/Fig16.lean:668,5.8
BoCa.Fig16.ImmU.res,BoCa.Fig16.ImmU.res,no,def,Paper/S5_Model/Definitions.lean,BoCa/Fig16.lean:1041,
BoCa.Fig16.ImmU.v,BoCa.Fig16.ImmU.v,no,def,Paper/S5_Model/Definitions.lean,BoCa/Fig16.lean:672,5.8
BoCa.Fig16.ImmU.ρ,BoCa.Fig16.ImmU.ρ,no,def,Paper/S5_Model/Definitions.lean,BoCa/Fig16.lean:674,5.8
BoCa.Fig16.LSet,BoCa.Fig16.LSet,no,induct,Paper/S5_Model/Definitions.lean,BoCa/Fig16.lean:249,
BoCa.Fig16.LSet.join,BoCa.Fig16.LSet.join,no,def,Paper/S5_Model/Definitions.lean,BoCa/Fig16.lean:255,
BoCa.Fig16.LSet.join_greatest,BoCa.Fig16.LSet.join_greatest,no,thm,Paper/S5_Model/Definitions.lean,BoCa/Fig16.lean:263,
BoCa.Fig16.LSet.join_mem,BoCa.Fig16.LSet.join_mem,no,thm,Paper/S5_Model/Definitions.lean,BoCa/Fig16.lean:259,
BoCa.Fig16.LSet.meet,BoCa.Fig16.LSet.meet,no,def,Paper/S5_Model/Definitions.lean,BoCa/Fig16.lean:257,
BoCa.Fig16.LSet.meet_le_join,BoCa.Fig16.LSet.meet_le_join,no,thm,Paper/S5_Model/Definitions.lean,BoCa/Fig16.lean:269,
BoCa.Fig16.LSet.meet_least,BoCa.Fig16.LSet.meet_least,no,thm,Paper/S5_Model/Definitions.lean,BoCa/Fig16.lean:265,
BoCa.Fig16.LSet.meet_mem,BoCa.Fig16.LSet.meet_mem,no,thm,Paper/S5_Model/Definitions.lean,BoCa/Fig16.lean:261,
BoCa.Fig16.LSet.mem,BoCa.Fig16.LSet.mem,no,def,Paper/S5_Model/Definitions.lean,BoCa/Fig16.lean:253,
BoCa.Fig16.LSet.mk,BoCa.Fig16.LSet.mk,no,ctor,Paper/S5_Model/Definitions.lean,BoCa/Fig16.lean:251,
BoCa.Fig16.LSet.mk.congr_simp,BoCa.Fig16.LSet.mk.congr_simp,no,thm,Paper/S5_Model/Definitions.lean,BoCa/Fig16.lean:251,
BoCa.Fig16.LSet.singleton,BoCa.Fig16.LSet.singleton,no,def,Paper/S5_Model/Definitions.lean,BoCa/Fig16.lean:341,
BoCa.Fig16.LSet.union,BoCa.Fig16.LSet.union,no,def,Paper/S5_Model/Definitions.lean,BoCa/Fig16.lean:291,
BoCa.Fig16.Life,BoCa.Fig16.Life,no,def,Paper/S5_Model/Definitions.lean,BoCa/Fig16.lean:181,5.9
BoCa.Fig16.Life.Sqsubset,BoCa.Fig16.Life.Sqsubset,no,def,Paper/S5_Model/Definitions.lean,BoCa/Fig16.lean:198,5.9
BoCa.Fig16.Life.Sqsubseteq,BoCa.Fig16.Life.Sqsubseteq,no,def,Paper/S5_Model/Definitions.lean,BoCa/Fig16.lean:206,5.59
BoCa.Fig16.Life.Sqsupset,BoCa.Fig16.Life.Sqsupset,no,def,Paper/S5_Model/Definitions.lean,BoCa/Fig16.lean:202,5.9
BoCa.Fig16.Life.down,BoCa.Fig16.Life.down,no,def,Paper/S5_Model/Definitions.lean,BoCa/Fig16.lean:211,5.12
BoCa.Fig16.Life.join,BoCa.Fig16.Life.join,no,def,Paper/S5_Model/Definitions.lean,BoCa/Fig16.lean:192,5.9
BoCa.Fig16.Life.meet,BoCa.Fig16.Life.meet,no,def,Paper/S5_Model/Definitions.lean,BoCa/Fig16.lean:195,5.9
BoCa.Fig16.Life.top,BoCa.Fig16.Life.top,no,def,Paper/S5_Model/Definitions.lean,BoCa/Fig16.lean:185,5.9
BoCa.Fig16.Mut,BoCa.Fig16.Mut,no,def,Paper/S5_Model/Definitions.lean,BoCa/Fig16.lean:607,5.5
BoCa.Fig16.MutF,BoCa.Fig16.MutF,no,induct,Paper/S5_Model/Definitions.lean,BoCa/Fig16.lean:544,5.5
BoCa.Fig16.MutF.P,BoCa.Fig16.MutF.P,no,def,Paper/S5_Model/Definitions.lean,BoCa/Fig16.lean:559,5.5
BoCa.Fig16.MutF.hw,BoCa.Fig16.MutF.hw,no,thm,Paper/S5_Model/Definitions.lean,BoCa/Fig16.lean:561,5.5
BoCa.Fig16.MutF.hβ,BoCa.Fig16.MutF.hβ,no,thm,Paper/S5_Model/Definitions.lean,BoCa/Fig16.lean:553,5.5
BoCa.Fig16.MutF.mk,BoCa.Fig16.MutF.mk,no,ctor,Paper/S5_Model/Definitions.lean,BoCa/Fig16.lean:548,5.5
BoCa.Fig16.MutF.v,BoCa.Fig16.MutF.v,no,def,Paper/S5_Model/Definitions.lean,BoCa/Fig16.lean:555,5.5
BoCa.Fig16.MutF.β,BoCa.Fig16.MutF.β,no,def,Paper/S5_Model/Definitions.lean,BoCa/Fig16.lean:550,5.5
BoCa.Fig16.MutF.ρ,BoCa.Fig16.MutF.ρ,no,def,Paper/S5_Model/Definitions.lean,BoCa/Fig16.lean:557,5.5
BoCa.Fig16.MutU,BoCa.Fig16.MutU,no,induct,Paper/S5_Model/Definitions.lean,BoCa/Fig16.lean:676,5.8
BoCa.Fig16.MutU.P,BoCa.Fig16.MutU.P,no,def,Paper/S5_Model/Definitions.lean,BoCa/Fig16.lean:690,5.8
BoCa.Fig16.MutU.hw,BoCa.Fig16.MutU.hw,no,thm,Paper/S5_Model/Definitions.lean,BoCa/Fig16.lean:692,5.8
BoCa.Fig16.MutU.mk,BoCa.Fig16.MutU.mk,no,ctor,Paper/S5_Model/Definitions.lean,BoCa/Fig16.lean:682,5.8
BoCa.Fig16.MutU.mk.congr_simp,BoCa.Fig16.MutU.mk.congr_simp,no,thm,Paper/S5_Model/Definitions.lean,BoCa/Fig16.lean:682,5.8
BoCa.Fig16.MutU.res,BoCa.Fig16.MutU.res,no,def,Paper/S5_Model/Definitions.lean,BoCa/Fig16.lean:1044,
BoCa.Fig16.MutU.v,BoCa.Fig16.MutU.v,no,def,Paper/S5_Model/Definitions.lean,BoCa/Fig16.lean:686,5.8
BoCa.Fig16.MutU.β,BoCa.Fig16.MutU.β,no,def,Paper/S5_Model/Definitions.lean,BoCa/Fig16.lean:684,5.8
BoCa.Fig16.MutU.ρ,BoCa.Fig16.MutU.ρ,no,def,Paper/S5_Model/Definitions.lean,BoCa/Fig16.lean:688,5.8
BoCa.Fig16.OptComp,BoCa.Fig16.OptComp,no,def,Paper/S5_Model/Definitions.lean,BoCa/Fig16.lean:1837,5.18
BoCa.Fig16.PMap,BoCa.Fig16.PMap,no,induct,Paper/S5_Model/Definitions.lean,BoCa/Fig16.lean:442,5.2;5.7
BoCa.Fig16.PMap.empty,BoCa.Fig16.PMap.empty,no,def,Paper/S5_Model/Definitions.lean,BoCa/Fig16.lean:463,
BoCa.Fig16.PMap.empty_get,BoCa.Fig16.PMap.empty_get,no,thm,Paper/S5_Model/Definitions.lean,BoCa/Fig16.lean:468,
BoCa.Fig16.PMap.ext,BoCa.Fig16.PMap.ext,no,thm,Paper/S5_Model/Definitions.lean,BoCa/Fig16.lean:454,
BoCa.Fig16.PMap.finite,BoCa.Fig16.PMap.finite,no,thm,Paper/S5_Model/Definitions.lean,BoCa/Fig16.lean:449,5.2;5.7
BoCa.Fig16.PMap.get,BoCa.Fig16.PMap.get,no,def,Paper/S5_Model/Definitions.lean,BoCa/Fig16.lean:447,5.2;5.7
BoCa.Fig16.PMap.map,BoCa.Fig16.PMap.map,no,def,Paper/S5_Model/Definitions.lean,BoCa/Fig16.lean:470,
BoCa.Fig16.PMap.map_get,BoCa.Fig16.PMap.map_get,no,thm,Paper/S5_Model/Definitions.lean,BoCa/Fig16.lean:480,
BoCa.Fig16.PMap.mk,BoCa.Fig16.PMap.mk,no,ctor,Paper/S5_Model/Definitions.lean,BoCa/Fig16.lean:445,5.2;5.7
BoCa.Fig16.PMap.mk.congr_simp,BoCa.Fig16.PMap.mk.congr_simp,no,thm,Paper/S5_Model/Definitions.lean,BoCa/Fig16.lean:445,5.2;5.7
BoCa.Fig16.Res,BoCa.Fig16.Res,no,def,Paper/S5_Model/Definitions.lean,BoCa/Fig16.lean:583,5.2
BoCa.Fig16.Res.stratumEquiv,BoCa.Fig16.Res.stratumEquiv,no,def,Paper/S5_Model/Definitions.lean,BoCa/Fig16.lean:990,5.48
BoCa.Fig16.Res.toRes_toS,BoCa.Fig16.Res.toRes_toS,no,thm,Paper/S5_Model/Definitions.lean,BoCa/Fig16.lean:1017,
BoCa.Fig16.Res.toS,BoCa.Fig16.Res.toS,no,def,Paper/S5_Model/Definitions.lean,BoCa/Fig16.lean:1008,
BoCa.Fig16.Res.toStratum_toU,BoCa.Fig16.Res.toStratum_toU,no,thm,Paper/S5_Model/Definitions.lean,BoCa/Fig16.lean:938,
BoCa.Fig16.Res.toU,BoCa.Fig16.Res.toU,no,def,Paper/S5_Model/Definitions.lean,BoCa/Fig16.lean:890,
BoCa.Fig16.Res.toU_inStratum,BoCa.Fig16.Res.toU_inStratum,no,thm,Paper/S5_Model/Definitions.lean,BoCa/Fig16.lean:928,
BoCa.Fig16.Res.val_toS,BoCa.Fig16.Res.val_toS,no,thm,Paper/S5_Model/Definitions.lean,BoCa/Fig16.lean:1020,
BoCa.Fig16.ResS,BoCa.Fig16.ResS,no,def,Paper/S5_Model/Definitions.lean,BoCa/Fig16.lean:972,
BoCa.Fig16.ResS.toRes,BoCa.Fig16.ResS.toRes,no,def,Paper/S5_Model/Definitions.lean,BoCa/Fig16.lean:1011,
BoCa.Fig16.ResS.toS_toRes,BoCa.Fig16.ResS.toS_toRes,no,thm,Paper/S5_Model/Definitions.lean,BoCa/Fig16.lean:1014,
BoCa.Fig16.ResS.toU_toRes,BoCa.Fig16.ResS.toU_toRes,no,thm,Paper/S5_Model/Definitions.lean,BoCa/Fig16.lean:1047,
BoCa.Fig16.ResU,BoCa.Fig16.ResU,no,def,Paper/S5_Model/Definitions.lean,BoCa/Fig16.lean:707,5.7
BoCa.Fig16.ResU.AtLife,BoCa.Fig16.ResU.AtLife,no,def,Paper/S5_Model/Definitions.lean,BoCa/Fig16.lean:1292,5.11
BoCa.Fig16.ResU.Comp,BoCa.Fig16.ResU.Comp,no,def,Paper/S5_Model/Definitions.lean,BoCa/Fig16.lean:1846,5.18
BoCa.Fig16.ResU.CompR,BoCa.Fig16.ResU.CompR,no,def,Paper/S5_Model/Definitions.lean,BoCa/Fig16.lean:2290,5.18
BoCa.Fig16.ResU.CompS,BoCa.Fig16.ResU.CompS,no,def,Paper/S5_Model/Definitions.lean,BoCa/Fig16.lean:1883,5.18
BoCa.Fig16.ResU.Compat,BoCa.Fig16.ResU.Compat,no,def,Paper/S5_Model/Definitions.lean,BoCa/Fig16.lean:1815,5.17
BoCa.Fig16.ResU.CompatR,BoCa.Fig16.ResU.CompatR,no,def,Paper/S5_Model/Definitions.lean,BoCa/Fig16.lean:2285,5.17
BoCa.Fig16.ResU.CompatS,BoCa.Fig16.ResU.CompatS,no,def,Paper/S5_Model/Definitions.lean,BoCa/Fig16.lean:1875,5.17
BoCa.Fig16.ResU.Dom,BoCa.Fig16.ResU.Dom,no,def,Paper/S5_Model/Definitions.lean,BoCa/Fig16.lean:8315,5.55
BoCa.Fig16.ResU.Flat,BoCa.Fig16.ResU.Flat,no,def,Paper/S5_Model/Definitions.lean,BoCa/Fig16.lean:2806,5.22
BoCa.Fig16.ResU.FlatAt,BoCa.Fig16.ResU.FlatAt,no,def,Paper/S5_Model/Definitions.lean,BoCa/Fig16.lean:7787,5.60
BoCa.Fig16.ResU.Hash,BoCa.Fig16.ResU.Hash,no,def,Paper/S5_Model/Definitions.lean,BoCa/Fig16.lean:2826,5.26
BoCa.Fig16.ResU.InStratum,BoCa.Fig16.ResU.InStratum,no,def,Paper/S5_Model/Definitions.lean,BoCa/Fig16.lean:871,5.48
BoCa.Fig16.ResU.InStratum.inf_left,BoCa.Fig16.ResU.InStratum.inf_left,no,thm,Paper/S5_Model/Definitions.lean,BoCa/Fig16.lean:882,
BoCa.Fig16.ResU.InStratum.mono,BoCa.Fig16.ResU.InStratum.mono,no,thm,Paper/S5_Model/Definitions.lean,BoCa/Fig16.lean:875,
BoCa.Fig16.ResU.InStratum.sup,BoCa.Fig16.ResU.InStratum.sup,no,thm,Paper/S5_Model/Definitions.lean,BoCa/Fig16.lean:878,
BoCa.Fig16.ResU.Le,BoCa.Fig16.ResU.Le,no,def,Paper/S5_Model/Definitions.lean,BoCa/Fig16.lean:2489,5.54
BoCa.Fig16.ResU.Lower,BoCa.Fig16.ResU.Lower,no,def,Paper/S5_Model/Definitions.lean,BoCa/Fig16.lean:2818,5.25
BoCa.Fig16.ResU.Reb,BoCa.Fig16.ResU.Reb,no,def,Paper/S5_Model/Definitions.lean,BoCa/Fig16.lean:8402,5.28
BoCa.Fig16.ResU.RebAt,BoCa.Fig16.ResU.RebAt,no,def,Paper/S5_Model/Definitions.lean,BoCa/Fig16.lean:8358,5.28
BoCa.Fig16.ResU.Sites,BoCa.Fig16.ResU.Sites,no,def,Paper/S5_Model/Definitions.lean,BoCa/Fig16.lean:2510,5.55
BoCa.Fig16.ResU.Upd,BoCa.Fig16.ResU.Upd,no,def,Paper/S5_Model/Definitions.lean,BoCa/Fig16.lean:7835,5.27;5.62
BoCa.Fig16.ResU.UpdImm,BoCa.Fig16.ResU.UpdImm,no,def,Paper/S5_Model/Definitions.lean,BoCa/Fig16.lean:7813,5.27
BoCa.Fig16.ResU.UpdMut,BoCa.Fig16.ResU.UpdMut,no,def,Paper/S5_Model/Definitions.lean,BoCa/Fig16.lean:7822,5.27
BoCa.Fig16.ResU.UpdV,BoCa.Fig16.ResU.UpdV,no,def,Paper/S5_Model/Definitions.lean,BoCa/Fig16.lean:7850,5.27
BoCa.Fig16.ResU.Valid,BoCa.Fig16.ResU.Valid,no,def,Paper/S5_Model/Definitions.lean,BoCa/Fig16.lean:2815,5.23
BoCa.Fig16.ResU.at,BoCa.Fig16.ResU.at,no,def,Paper/S5_Model/Definitions.lean,BoCa/Fig16.lean:1378,5.11
BoCa.Fig16.ResU.atLife_atOn,BoCa.Fig16.ResU.atLife_atOn,no,thm,Paper/S5_Model/Definitions.lean,BoCa/Fig16.lean:1343,5.11
BoCa.Fig16.ResU.atOn,BoCa.Fig16.ResU.atOn,no,def,Paper/S5_Model/Definitions.lean,BoCa/Fig16.lean:1317,
BoCa.Fig16.ResU.atOn_lub,BoCa.Fig16.ResU.atOn_lub,no,thm,Paper/S5_Model/Definitions.lean,BoCa/Fig16.lean:1333,
BoCa.Fig16.ResU.atOn_ub,BoCa.Fig16.ResU.atOn_ub,no,thm,Paper/S5_Model/Definitions.lean,BoCa/Fig16.lean:1322,
BoCa.Fig16.ResU.compR,BoCa.Fig16.ResU.compR,no,def,Paper/S5_Model/Definitions.lean,BoCa/Fig16.lean:2337,5.18
BoCa.Fig16.ResU.compS,BoCa.Fig16.ResU.compS,no,def,Paper/S5_Model/Definitions.lean,BoCa/Fig16.lean:1923,5.18
BoCa.Fig16.ResU.del,BoCa.Fig16.ResU.del,no,def,Paper/S5_Model/Definitions.lean,BoCa/Fig16.lean:8334,5.53
BoCa.Fig16.ResU.delDom,BoCa.Fig16.ResU.delDom,no,def,Paper/S5_Model/Definitions.lean,BoCa/Reborrow.lean:1780,5.64
BoCa.Fig16.ResU.del_get_self,BoCa.Fig16.ResU.del_get_self,no,thm,Paper/S5_Model/Definitions.lean,BoCa/Fig16.lean:8351,
BoCa.Fig16.ResU.exclPart,BoCa.Fig16.ResU.exclPart,no,def,Paper/S5_Model/Definitions.lean,BoCa/Fig16.lean:2434,5.51
BoCa.Fig16.ResU.exists_atLife,BoCa.Fig16.ResU.exists_atLife,no,thm,Paper/S5_Model/Definitions.lean,BoCa/Fig16.lean:1347,
BoCa.Fig16.ResU.restrict,BoCa.Fig16.ResU.restrict,no,def,Paper/S5_Model/Definitions.lean,BoCa/Fig16.lean:1958,5.19
BoCa.Fig16.ResU.restrictDom,BoCa.Fig16.ResU.restrictDom,no,def,Paper/S5_Model/Definitions.lean,BoCa/Reborrow.lean:1770,5.64
BoCa.Fig16.ResU.restrictOn,BoCa.Fig16.ResU.restrictOn,no,def,Paper/S5_Model/Definitions.lean,BoCa/Fig16.lean:2404,5.51
BoCa.Fig16.ResU.restrict_eq_some,BoCa.Fig16.ResU.restrict_eq_some,no,thm,Paper/S5_Model/Definitions.lean,BoCa/Fig16.lean:1971,
BoCa.Fig16.ResU.single,BoCa.Fig16.ResU.single,no,def,Paper/S5_Model/Definitions.lean,BoCa/Fig16.lean:2441,5.52
BoCa.Fig16.ResU.single_get_self,BoCa.Fig16.ResU.single_get_self,no,thm,Paper/S5_Model/Definitions.lean,BoCa/Fig16.lean:2457,
BoCa.Fig16.ResU.toStratum,BoCa.Fig16.ResU.toStratum,no,def,Paper/S5_Model/Definitions.lean,BoCa/Fig16.lean:917,
BoCa.Fig16.ResU.toStratum.congr_simp,BoCa.Fig16.ResU.toStratum.congr_simp,no,thm,Paper/S5_Model/Definitions.lean,BoCa/Fig16.lean:917,
BoCa.Fig16.ResU.toU_toStratum,BoCa.Fig16.ResU.toU_toStratum,no,thm,Paper/S5_Model/Definitions.lean,BoCa/Fig16.lean:924,
BoCa.Fig16.SProp,BoCa.Fig16.SProp,no,def,Paper/S5_Model/Definitions.lean,BoCa/Fig16.lean:591,5.1
BoCa.Fig16.SPropS,BoCa.Fig16.SPropS,no,def,Paper/S5_Model/Definitions.lean,BoCa/Fig16.lean:975,
BoCa.Fig16.SPropS.conj,BoCa.Fig16.SPropS.conj,no,def,Paper/S5_Model/Definitions.lean,BoCa/Fig16.lean:1261,5.57
BoCa.Fig16.SPropS.conj_holds,BoCa.Fig16.SPropS.conj_holds,no,thm,Paper/S5_Model/Definitions.lean,BoCa/Fig16.lean:1266,
BoCa.Fig16.SPropS.embed,BoCa.Fig16.SPropS.embed,no,def,Paper/S5_Model/Definitions.lean,BoCa/Fig16.lean:1247,5.57
BoCa.Fig16.SPropS.toU,BoCa.Fig16.SPropS.toU,no,def,Paper/S5_Model/Definitions.lean,BoCa/Fig16.lean:10119,5.57
BoCa.Fig16.SPropS.toU_range,BoCa.Fig16.SPropS.toU_range,no,thm,Paper/S5_Model/Definitions.lean,BoCa/Fig16.lean:10142,5.57
BoCa.Fig16.SPropU,BoCa.Fig16.SPropU,no,def,Paper/S5_Model/Definitions.lean,BoCa/Fig16.lean:715,5.6
BoCa.Fig16.SPropU.toS,BoCa.Fig16.SPropU.toS,no,def,Paper/S5_Model/Definitions.lean,BoCa/Fig16.lean:10124,5.57
BoCa.Fig16.SPropU.toU_toS_iff,BoCa.Fig16.SPropU.toU_toS_iff,no,thm,Paper/S5_Model/Definitions.lean,BoCa/Fig16.lean:10138,
BoCa.Fig16.optCompR,BoCa.Fig16.optCompR,no,def,Paper/S5_Model/Definitions.lean,BoCa/Fig16.lean:2314,
BoCa.Fig16.optCompR_eq_none,BoCa.Fig16.optCompR_eq_none,no,thm,Paper/S5_Model/Definitions.lean,BoCa/Fig16.lean:2321,
BoCa.Fig16.optCompS,BoCa.Fig16.optCompS,no,def,Paper/S5_Model/Definitions.lean,BoCa/Fig16.lean:1899,
BoCa.Fig16.optCompS_eq_none,BoCa.Fig16.optCompS_eq_none,no,thm,Paper/S5_Model/Definitions.lean,BoCa/Fig16.lean:1907,
BoCa.Fig16.optRestrict_eq_none,BoCa.Fig16.optRestrict_eq_none,no,thm,Paper/S5_Model/Definitions.lean,BoCa/Fig16.lean:1955,
BoCa.Fig16.optToStratum,BoCa.Fig16.optToStratum,no,def,Paper/S5_Model/Definitions.lean,BoCa/Fig16.lean:894,
BoCa.Fig16.optToStratum_eq_none,BoCa.Fig16.optToStratum_eq_none,no,thm,Paper/S5_Model/Definitions.lean,BoCa/Fig16.lean:899,
BoCa.Fig16.optToStratum_map,BoCa.Fig16.optToStratum_map,no,thm,Paper/S5_Model/Definitions.lean,BoCa/Fig16.lean:910,
BoCa.Fig16.optToStratum_toU,BoCa.Fig16.optToStratum_toU,no,thm,Paper/S5_Model/Definitions.lean,BoCa/Fig16.lean:903,
BoCa.Fig16.BoLo.wp_eq_wpU,BoCa.Fig16.BoLo.wp_eq_wpU,no,thm,Paper/S5_Model/Remarks.lean,BoCa/Fig16Wp.lean:256,5.62
BoCa.Fig16.AgW.functional,BoCa.Fig16.AgW.functional,no,thm,Paper/S6_1_StandardLemmas/Lemmas.lean,BoCa/Fig16.lean:4431,
BoCa.Fig16.AgW.split,BoCa.Fig16.AgW.split,no,thm,Paper/S6_1_StandardLemmas/Lemmas.lean,BoCa/Fig16.lean:5862,6.20
BoCa.Fig16.AgWitsI.assemble,BoCa.Fig16.AgWitsI.assemble,no,thm,Paper/S6_1_StandardLemmas/Lemmas.lean,BoCa/Fig16.lean:5704,
BoCa.Fig16.AgWitsI.of_compS_right,BoCa.Fig16.AgWitsI.of_compS_right,no,thm,Paper/S6_1_StandardLemmas/Lemmas.lean,BoCa/Fig16.lean:5422,
BoCa.Fig16.AgWitsI.to_compS_right,BoCa.Fig16.AgWitsI.to_compS_right,no,thm,Paper/S6_1_StandardLemmas/Lemmas.lean,BoCa/Fig16.lean:5463,
BoCa.Fig16.AgWitsI.value_functional,BoCa.Fig16.AgWitsI.value_functional,no,thm,Paper/S6_1_StandardLemmas/Lemmas.lean,BoCa/Fig16.lean:5470,
BoCa.Fig16.AgWitsM.of_compS_right,BoCa.Fig16.AgWitsM.of_compS_right,no,thm,Paper/S6_1_StandardLemmas/Lemmas.lean,BoCa/Fig16.lean:5407,
BoCa.Fig16.AgWitsM.to_compS_right,BoCa.Fig16.AgWitsM.to_compS_right,no,thm,Paper/S6_1_StandardLemmas/Lemmas.lean,BoCa/Fig16.lean:5441,
BoCa.Fig16.BigComp.append,BoCa.Fig16.BigComp.append,no,thm,Paper/S6_1_StandardLemmas/Lemmas.lean,BoCa/Fig16.lean:4955,
BoCa.Fig16.BigComp.dupR,BoCa.Fig16.BigComp.dupR,no,thm,Paper/S6_1_StandardLemmas/Lemmas.lean,BoCa/Fig16.lean:5622,
BoCa.Fig16.BigComp.dup_of_perm,BoCa.Fig16.BigComp.dup_of_perm,no,thm,Paper/S6_1_StandardLemmas/Lemmas.lean,BoCa/Fig16.lean:5642,
BoCa.Fig16.BigComp.of_perm,BoCa.Fig16.BigComp.of_perm,no,thm,Paper/S6_1_StandardLemmas/Lemmas.lean,BoCa/Fig16.lean:4226,
BoCa.Fig16.BigComp.pair,BoCa.Fig16.BigComp.pair,no,thm,Paper/S6_1_StandardLemmas/Lemmas.lean,BoCa/Fig16.lean:4942,
BoCa.Fig16.BigComp.perm,BoCa.Fig16.BigComp.perm,no,thm,Paper/S6_1_StandardLemmas/Lemmas.lean,BoCa/Fig16.lean:4242,5.56
BoCa.Fig16.BigComp.singleton_iff,BoCa.Fig16.BigComp.singleton_iff,no,thm,Paper/S6_1_StandardLemmas/Lemmas.lean,BoCa/Fig16.lean:4929,
BoCa.Fig16.BigComp.sites,BoCa.Fig16.BigComp.sites,no,thm,Paper/S6_1_StandardLemmas/Lemmas.lean,BoCa/Fig16.lean:4253,
BoCa.Fig16.BigComp.swap,BoCa.Fig16.BigComp.swap,no,thm,Paper/S6_1_StandardLemmas/Lemmas.lean,BoCa/Fig16.lean:4205,
BoCa.Fig16.CellU.CompatR.of_compR,BoCa.Fig16.CellU.CompatR.of_compR,no,thm,Paper/S6_1_StandardLemmas/Lemmas.lean,BoCa/Fig16.lean:7023,
BoCa.Fig16.CellU.compatR_iff,BoCa.Fig16.CellU.compatR_iff,no,thm,Paper/S6_1_StandardLemmas/Lemmas.lean,BoCa/Fig16.lean:6868,5.67
BoCa.Fig16.ExR.functional,BoCa.Fig16.ExR.functional,no,thm,Paper/S6_1_StandardLemmas/Lemmas.lean,BoCa/Fig16.lean:4385,
BoCa.Fig16.ExS.functional,BoCa.Fig16.ExS.functional,no,thm,Paper/S6_1_StandardLemmas/Lemmas.lean,BoCa/Fig16.lean:4379,
BoCa.Fig16.ExS.immFree,BoCa.Fig16.ExS.immFree,no,thm,Paper/S6_1_StandardLemmas/Lemmas.lean,BoCa/Fig16.lean:2756,
BoCa.Fig16.ExS.split,BoCa.Fig16.ExS.split,no,thm,Paper/S6_1_StandardLemmas/Lemmas.lean,BoCa/Fig16.lean:5262,6.18
BoCa.Fig16.ExW.functional,BoCa.Fig16.ExW.functional,no,thm,Paper/S6_1_StandardLemmas/Lemmas.lean,BoCa/Fig16.lean:4308,
BoCa.Fig16.ExW.immFree,BoCa.Fig16.ExW.immFree,no,thm,Paper/S6_1_StandardLemmas/Lemmas.lean,BoCa/Fig16.lean:2691,5.67;6.36
BoCa.Fig16.ExWits.of_compS_right,BoCa.Fig16.ExWits.of_compS_right,no,thm,Paper/S6_1_StandardLemmas/Lemmas.lean,BoCa/Fig16.lean:5201,
BoCa.Fig16.ExWits.to_compS_right,BoCa.Fig16.ExWits.to_compS_right,no,thm,Paper/S6_1_StandardLemmas/Lemmas.lean,BoCa/Fig16.lean:5226,
BoCa.Fig16.ResU.Comp.assoc,BoCa.Fig16.ResU.Comp.assoc,no,thm,Paper/S6_1_StandardLemmas/Lemmas.lean,BoCa/Fig16.lean:3751,6.3
BoCa.Fig16.ResU.Comp.comm,BoCa.Fig16.ResU.Comp.comm,no,thm,Paper/S6_1_StandardLemmas/Lemmas.lean,BoCa/Fig16.lean:3126,6.2
BoCa.Fig16.ResU.Comp.exchange₄,BoCa.Fig16.ResU.Comp.exchange₄,no,thm,Paper/S6_1_StandardLemmas/Lemmas.lean,BoCa/Fig16.lean:4987,
BoCa.Fig16.ResU.CompR.exchange₃dup,BoCa.Fig16.ResU.CompR.exchange₃dup,no,thm,Paper/S6_1_StandardLemmas/Lemmas.lean,BoCa/Fig16.lean:5819,
BoCa.Fig16.ResU.CompR.exchange₄,BoCa.Fig16.ResU.CompR.exchange₄,no,thm,Paper/S6_1_StandardLemmas/Lemmas.lean,BoCa/Fig16.lean:5666,
BoCa.Fig16.ResU.CompS.assoc,BoCa.Fig16.ResU.CompS.assoc,no,thm,Paper/S6_1_StandardLemmas/Lemmas.lean,BoCa/Fig16.lean:3776,
BoCa.Fig16.ResU.CompS.comm,BoCa.Fig16.ResU.CompS.comm,no,thm,Paper/S6_1_StandardLemmas/Lemmas.lean,BoCa/Fig16.lean:3144,
BoCa.Fig16.ResU.CompS.exchange₄,BoCa.Fig16.ResU.CompS.exchange₄,no,thm,Paper/S6_1_StandardLemmas/Lemmas.lean,BoCa/Fig16.lean:5024,
BoCa.Fig16.ResU.CompS.get_right,BoCa.Fig16.ResU.CompS.get_right,no,thm,Paper/S6_1_StandardLemmas/Lemmas.lean,BoCa/Fig16.lean:4763,
BoCa.Fig16.ResU.CompS.get_right_of_ne_imm,BoCa.Fig16.ResU.CompS.get_right_of_ne_imm,no,thm,Paper/S6_1_StandardLemmas/Lemmas.lean,BoCa/Fig16.lean:4779,
BoCa.Fig16.ResU.CompS.imm_site_iff,BoCa.Fig16.ResU.CompS.imm_site_iff,no,thm,Paper/S6_1_StandardLemmas/Lemmas.lean,BoCa/Fig16.lean:5524,
BoCa.Fig16.ResU.CompS.restrictR,BoCa.Fig16.ResU.CompS.restrictR,no,thm,Paper/S6_1_StandardLemmas/Lemmas.lean,BoCa/Fig16.lean:4892,
BoCa.Fig16.ResU.CompS.toCompR,BoCa.Fig16.ResU.CompS.toCompR,no,thm,Paper/S6_1_StandardLemmas/Lemmas.lean,BoCa/Fig16.lean:4885,
BoCa.Fig16.ResU.CompatS.disjoint_of_immFree,BoCa.Fig16.ResU.CompatS.disjoint_of_immFree,no,thm,Paper/S6_1_StandardLemmas/Lemmas.lean,BoCa/Fig16.lean:6307,5.67
BoCa.Fig16.ResU.CompatS.of_compR_left,BoCa.Fig16.ResU.CompatS.of_compR_left,no,thm,Paper/S6_1_StandardLemmas/Lemmas.lean,BoCa/Fig16.lean:6322,6.30
BoCa.Fig16.ResU.CompatS.of_compS_left_immFree,BoCa.Fig16.ResU.CompatS.of_compS_left_immFree,no,thm,Paper/S6_1_StandardLemmas/Lemmas.lean,BoCa/Fig16.lean:6343,
BoCa.Fig16.ResU.Flat.functional,BoCa.Fig16.ResU.Flat.functional,no,thm,Paper/S6_1_StandardLemmas/Lemmas.lean,BoCa/Fig16.lean:4544,
BoCa.Fig16.ResU.Flat.split,BoCa.Fig16.ResU.Flat.split,no,thm,Paper/S6_1_StandardLemmas/Lemmas.lean,BoCa/Fig16.lean:6012,
BoCa.Fig16.ResU.Flat.split_factors,BoCa.Fig16.ResU.Flat.split_factors,no,thm,Paper/S6_1_StandardLemmas/Lemmas.lean,BoCa/Fig16.lean:6369,
BoCa.Fig16.ResU.Hash.split,BoCa.Fig16.ResU.Hash.split,no,thm,Paper/S6_1_StandardLemmas/Lemmas.lean,BoCa/Fig16.lean:6413,6.11
BoCa.Fig16.ResU.Hash.walks,BoCa.Fig16.ResU.Hash.walks,no,thm,Paper/S6_1_StandardLemmas/Lemmas.lean,BoCa/Fig16.lean:7215,
BoCa.Fig16.ResU.Lower.congr,BoCa.Fig16.ResU.Lower.congr,no,thm,Paper/S6_1_StandardLemmas/Lemmas.lean,BoCa/Fig16.lean:6624,6.8
BoCa.Fig16.ResU.Lower.functional,BoCa.Fig16.ResU.Lower.functional,no,thm,Paper/S6_1_StandardLemmas/Lemmas.lean,BoCa/Fig16.lean:4568,
BoCa.Fig16.ResU.Lower.split,BoCa.Fig16.ResU.Lower.split,no,thm,Paper/S6_1_StandardLemmas/Lemmas.lean,BoCa/Fig16.lean:6596,6.7
BoCa.Fig16.ResU.Lower.split_left,BoCa.Fig16.ResU.Lower.split_left,no,thm,Paper/S6_1_StandardLemmas/Lemmas.lean,BoCa/Fig16.lean:6551,
BoCa.Fig16.ResU.Sites.append_of_compS,BoCa.Fig16.ResU.Sites.append_of_compS,no,thm,Paper/S6_1_StandardLemmas/Lemmas.lean,BoCa/Fig16.lean:5084,
BoCa.Fig16.ResU.Sites.split_pairs,BoCa.Fig16.ResU.Sites.split_pairs,no,thm,Paper/S6_1_StandardLemmas/Lemmas.lean,BoCa/Fig16.lean:5108,
BoCa.Fig16.ResU.Sites.split_pairs_imm,BoCa.Fig16.ResU.Sites.split_pairs_imm,no,thm,Paper/S6_1_StandardLemmas/Lemmas.lean,BoCa/Fig16.lean:5550,
BoCa.Fig16.ResU.Valid.split,BoCa.Fig16.ResU.Valid.split,no,thm,Paper/S6_1_StandardLemmas/Lemmas.lean,BoCa/Fig16.lean:6399,6.10;6.35
BoCa.Fig16.ResU.compR_iff_compS,BoCa.Fig16.ResU.compR_iff_compS,no,thm,Paper/S6_1_StandardLemmas/Lemmas.lean,BoCa/Fig16.lean:3827,6.31
BoCa.Fig16.ResU.compS_defined_iff,BoCa.Fig16.ResU.compS_defined_iff,no,thm,Paper/S6_1_StandardLemmas/Lemmas.lean,BoCa/Fig16.lean:1942,6.9
BoCa.Fig16.ResU.comp_empty_right,BoCa.Fig16.ResU.comp_empty_right,no,thm,Paper/S6_1_StandardLemmas/Lemmas.lean,BoCa/Fig16.lean:3795,6.4
BoCa.Fig16.ResU.compatR_of_pairwise,BoCa.Fig16.ResU.compatR_of_pairwise,no,thm,Paper/S6_1_StandardLemmas/Lemmas.lean,BoCa/Fig16.lean:7042,6.14
BoCa.Fig16.ResU.compatS_of_compR,BoCa.Fig16.ResU.compatS_of_compR,no,thm,Paper/S6_1_StandardLemmas/Lemmas.lean,BoCa/Fig16.lean:6996,6.12
BoCa.Fig16.ResU.compatS_of_pairwise,BoCa.Fig16.ResU.compatS_of_pairwise,no,thm,Paper/S6_1_StandardLemmas/Lemmas.lean,BoCa/Fig16.lean:4004,6.13
BoCa.Fig16.ResU.compat_comm_iff,BoCa.Fig16.ResU.compat_comm_iff,no,thm,Paper/S6_1_StandardLemmas/Lemmas.lean,BoCa/Fig16.lean:3107,6.1
BoCa.Fig16.ResU.hash_empty_right,BoCa.Fig16.ResU.hash_empty_right,no,thm,Paper/S6_1_StandardLemmas/Lemmas.lean,BoCa/Fig16.lean:4025,6.5
BoCa.Fig16.ResU.hash_of_pairwise,BoCa.Fig16.ResU.hash_of_pairwise,no,thm,Paper/S6_1_StandardLemmas/Lemmas.lean,BoCa/Fig16.lean:7247,6.15
BoCa.Fig16.ResU.hash_symm,BoCa.Fig16.ResU.hash_symm,no,thm,Paper/S6_1_StandardLemmas/Lemmas.lean,BoCa/Fig16.lean:4030,
BoCa.Fig16.ResU.hash_symm_iff,BoCa.Fig16.ResU.hash_symm_iff,no,thm,Paper/S6_1_StandardLemmas/Lemmas.lean,BoCa/Fig16.lean:4037,6.6
TR.lemma_6_1,BoCa.Fig16.ResU.compat_comm_iff,no,thm,Paper/S6_1_StandardLemmas/Lemmas.lean,BoCa/Fig16.lean:3107,6.1
TR.lemma_6_10,BoCa.Fig16.ResU.Valid.split,no,thm,Paper/S6_1_StandardLemmas/Lemmas.lean,BoCa/Fig16.lean:6399,6.10
TR.lemma_6_11,BoCa.Fig16.ResU.Hash.split,no,thm,Paper/S6_1_StandardLemmas/Lemmas.lean,BoCa/Fig16.lean:6413,6.11
TR.lemma_6_12,BoCa.Fig16.ResU.compatS_of_compR,no,thm,Paper/S6_1_StandardLemmas/Lemmas.lean,BoCa/Fig16.lean:6996,6.12
TR.lemma_6_13,BoCa.Fig16.ResU.compatS_of_pairwise,no,thm,Paper/S6_1_StandardLemmas/Lemmas.lean,BoCa/Fig16.lean:4004,6.13
TR.lemma_6_14,BoCa.Fig16.ResU.compatR_of_pairwise,no,thm,Paper/S6_1_StandardLemmas/Lemmas.lean,BoCa/Fig16.lean:7042,6.14
TR.lemma_6_15,BoCa.Fig16.ResU.hash_of_pairwise,no,thm,Paper/S6_1_StandardLemmas/Lemmas.lean,BoCa/Fig16.lean:7247,6.15
TR.lemma_6_2,BoCa.Fig16.ResU.Comp.comm,no,thm,Paper/S6_1_StandardLemmas/Lemmas.lean,BoCa/Fig16.lean:3126,6.2
TR.lemma_6_3,BoCa.Fig16.ResU.Comp.assoc,no,thm,Paper/S6_1_StandardLemmas/Lemmas.lean,BoCa/Fig16.lean:3751,6.3
TR.lemma_6_4,BoCa.Fig16.ResU.comp_empty_right,no,thm,Paper/S6_1_StandardLemmas/Lemmas.lean,BoCa/Fig16.lean:3795,6.4
TR.lemma_6_5,BoCa.Fig16.ResU.hash_empty_right,no,thm,Paper/S6_1_StandardLemmas/Lemmas.lean,BoCa/Fig16.lean:4025,6.5
TR.lemma_6_6,BoCa.Fig16.ResU.hash_symm_iff,no,thm,Paper/S6_1_StandardLemmas/Lemmas.lean,BoCa/Fig16.lean:4037,6.6
TR.lemma_6_7,BoCa.Fig16.ResU.Lower.split,no,thm,Paper/S6_1_StandardLemmas/Lemmas.lean,BoCa/Fig16.lean:6596,6.7
TR.lemma_6_8,BoCa.Fig16.ResU.Lower.congr,no,thm,Paper/S6_1_StandardLemmas/Lemmas.lean,BoCa/Fig16.lean:6624,6.8
TR.lemma_6_9,BoCa.Fig16.ResU.compS_defined_iff,no,thm,Paper/S6_1_StandardLemmas/Lemmas.lean,BoCa/Fig16.lean:1942,6.9
BoCa.Fig16.CellU.Sim,BoCa.Fig16.CellU.Sim,no,def,Paper/S6_2_NonStandardLemmas/Definitions.lean,BoCa/Reborrow.lean:5071,5.65
BoCa.Fig16.CellU.Sim.refl,BoCa.Fig16.CellU.Sim.refl,no,thm,Paper/S6_2_NonStandardLemmas/Definitions.lean,BoCa/Reborrow.lean:5094,5.65
BoCa.Fig16.ResU.FlatR,BoCa.Fig16.ResU.FlatR,no,def,Paper/S6_2_NonStandardLemmas/Definitions.lean,BoCa/Fig16.lean:2810,5.61
BoCa.Fig16.ResU.SimForm,BoCa.Fig16.ResU.SimForm,no,def,Paper/S6_2_NonStandardLemmas/Definitions.lean,BoCa/Reborrow.lean:5140,5.65
BoCa.Fig16.ResU.Sub,BoCa.Fig16.ResU.Sub,no,def,Paper/S6_2_NonStandardLemmas/Definitions.lean,BoCa/Fig16.lean:2957,5.66
BoCa.Fig16.ResU.SubClause,BoCa.Fig16.ResU.SubClause,no,def,Paper/S6_2_NonStandardLemmas/Definitions.lean,BoCa/Fig16.lean:2932,5.66
BoCa.Fig16.ResU.SubClauseL,BoCa.Fig16.ResU.SubClauseL,no,def,Paper/S6_2_NonStandardLemmas/Definitions.lean,BoCa/Fig16.lean:2946,5.66
BoCa.Fig16.ResU.SubKeep,BoCa.Fig16.ResU.SubKeep,no,def,Paper/S6_2_NonStandardLemmas/Definitions.lean,BoCa/Fig16.lean:2989,5.66
BoCa.Fig16.ResU.SubL,BoCa.Fig16.ResU.SubL,no,def,Paper/S6_2_NonStandardLemmas/Definitions.lean,BoCa/Fig16.lean:2973,5.66
BoCa.Fig16.ResU.borrowPart,BoCa.Fig16.ResU.borrowPart,no,def,Paper/S6_2_NonStandardLemmas/Definitions.lean,BoCa/Reborrow.lean:5123,5.65
BoCa.Fig16.AgW.dom_split,BoCa.Fig16.AgW.dom_split,no,thm,Paper/S6_2_NonStandardLemmas/Lemmas.lean,BoCa/Reborrow.lean:9655,
BoCa.Fig16.AgW.nonimm_beneath_imm,BoCa.Fig16.AgW.nonimm_beneath_imm,no,thm,Paper/S6_2_NonStandardLemmas/Lemmas.lean,BoCa/Ancestor.lean:398,5.67
BoCa.Fig16.BoLo.hash_shift,BoCa.Fig16.BoLo.hash_shift,no,thm,Paper/S6_2_NonStandardLemmas/Lemmas.lean,BoCa/Fig16Wp.lean:152,6.46
BoCa.Fig16.BoLo.updV_frame,BoCa.Fig16.BoLo.updV_frame,no,thm,Paper/S6_2_NonStandardLemmas/Lemmas.lean,BoCa/Fig16Wp.lean:1623,6.48
BoCa.Fig16.BoLo.updV_outlives,BoCa.Fig16.BoLo.updV_outlives,no,thm,Paper/S6_2_NonStandardLemmas/Lemmas.lean,BoCa/Fig16Wp.lean:1125,6.50
BoCa.Fig16.ExS.toExR,BoCa.Fig16.ExS.toExR,no,thm,Paper/S6_2_NonStandardLemmas/Lemmas.lean,BoCa/Reborrow.lean:2646,6.32
BoCa.Fig16.Life.down_sqsubset,BoCa.Fig16.Life.down_sqsubset,no,thm,Paper/S6_2_NonStandardLemmas/Lemmas.lean,BoCa/Fig16.lean:225,6.63
BoCa.Fig16.LogRel.gDen_box,BoCa.Fig16.LogRel.gDen_box,no,thm,Paper/S6_2_NonStandardLemmas/Lemmas.lean,BoCa/Fig16LogRel.lean:4535,6.62
BoCa.Fig16.LogRel.gSep_outlives,BoCa.Fig16.LogRel.gSep_outlives,no,thm,Paper/S6_2_NonStandardLemmas/Lemmas.lean,BoCa/Fig16LogRel.lean:4505,
BoCa.Fig16.LogRel.vDen_outlives,BoCa.Fig16.LogRel.vDen_outlives,no,thm,Paper/S6_2_NonStandardLemmas/Lemmas.lean,BoCa/Fig16LogRel.lean:884,6.60
BoCa.Fig16.ResU.CompatS.of_flat,BoCa.Fig16.ResU.CompatS.of_flat,no,thm,Paper/S6_2_NonStandardLemmas/Lemmas.lean,BoCa/Fig16.lean:7173,6.16
BoCa.Fig16.ResU.Upd.refl,BoCa.Fig16.ResU.Upd.refl,no,thm,Paper/S6_2_NonStandardLemmas/Lemmas.lean,BoCa/Fig16.lean:7913,6.47
BoCa.Fig16.ResU.Upd.trans,BoCa.Fig16.ResU.Upd.trans,no,thm,Paper/S6_2_NonStandardLemmas/Lemmas.lean,BoCa/Fig16.lean:7922,6.49
BoCa.Fig16.ResU.UpdV.refl,BoCa.Fig16.ResU.UpdV.refl,no,thm,Paper/S6_2_NonStandardLemmas/Lemmas.lean,BoCa/Fig16.lean:7930,6.47
BoCa.Fig16.ResU.UpdV.trans,BoCa.Fig16.ResU.UpdV.trans,no,thm,Paper/S6_2_NonStandardLemmas/Lemmas.lean,BoCa/Fig16.lean:7939,6.49
BoCa.Fig16.ResU.atLife_comp_sqsupset,BoCa.Fig16.ResU.atLife_comp_sqsupset,no,thm,Paper/S6_2_NonStandardLemmas/Lemmas.lean,BoCa/Fig16.lean:3951,6.45
BoCa.Fig16.ResU.compS_single_imm,BoCa.Fig16.ResU.compS_single_imm,no,thm,Paper/S6_2_NonStandardLemmas/Lemmas.lean,BoCa/Fig16.lean:3885,6.43
BoCa.Fig16.ResU.compatS_of_hash_mut,BoCa.Fig16.ResU.compatS_of_hash_mut,no,thm,Paper/S6_2_NonStandardLemmas/Lemmas.lean,BoCa/Fig16.lean:7530,6.17
BoCa.Fig16.ResU.compatS_single_imm_inv,BoCa.Fig16.ResU.compatS_single_imm_inv,no,thm,Paper/S6_2_NonStandardLemmas/Lemmas.lean,BoCa/Fig16.lean:3908,6.44
BoCa.Fig16.ResU.compatS_single_mut,BoCa.Fig16.ResU.compatS_single_mut,no,thm,Paper/S6_2_NonStandardLemmas/Lemmas.lean,BoCa/Fig16.lean:3876,6.42
BoCa.Fig16.ResU.compatS_single_own,BoCa.Fig16.ResU.compatS_single_own,no,thm,Paper/S6_2_NonStandardLemmas/Lemmas.lean,BoCa/Fig16.lean:3870,6.41
BoCa.Fig16.ResU.flatR_idem,BoCa.Fig16.ResU.flatR_idem,no,thm,Paper/S6_2_NonStandardLemmas/Lemmas.lean,BoCa/Fig16.lean:3819,6.19
BoCa.Fig16.ResU.flat_eq_ag_at,BoCa.Fig16.ResU.flat_eq_ag_at,no,thm,Paper/S6_2_NonStandardLemmas/Lemmas.lean,BoCa/Ancestor.lean:334,5.67
BoCa.Fig16.ResU.flat_imm_normal,BoCa.Fig16.ResU.flat_imm_normal,no,thm,Paper/S6_2_NonStandardLemmas/Lemmas.lean,BoCa/Reborrow.lean:5719,
BoCa.Fig16.ResU.flat_mut_own_agree_off,BoCa.Fig16.ResU.flat_mut_own_agree_off,no,thm,Paper/S6_2_NonStandardLemmas/Lemmas.lean,BoCa/Reborrow.lean:9239,
BoCa.Fig16.ResU.hash_self_single_imm,BoCa.Fig16.ResU.hash_self_single_imm,no,thm,Paper/S6_2_NonStandardLemmas/Lemmas.lean,BoCa/Reborrow.lean:1869,
BoCa.Fig16.ResU.reb_frame_absAnc,BoCa.Fig16.ResU.reb_frame_absAnc,no,thm,Paper/S6_2_NonStandardLemmas/Lemmas.lean,BoCa/Reborrow.lean:7393,
BoCa.Fig16.ResU.reb_frame_absImm,BoCa.Fig16.ResU.reb_frame_absImm,no,thm,Paper/S6_2_NonStandardLemmas/Lemmas.lean,BoCa/Reborrow.lean:7310,
BoCa.Fig16.ResU.reb_frame_ag_eq,BoCa.Fig16.ResU.reb_frame_ag_eq,no,thm,Paper/S6_2_NonStandardLemmas/Lemmas.lean,BoCa/Reborrow.lean:7450,
BoCa.Fig16.ResU.reb_frame_ag_le,BoCa.Fig16.ResU.reb_frame_ag_le,no,thm,Paper/S6_2_NonStandardLemmas/Lemmas.lean,BoCa/Reborrow.lean:7426,
BoCa.Fig16.ResU.reb_inStratum_down,BoCa.Fig16.ResU.reb_inStratum_down,no,thm,Paper/S6_2_NonStandardLemmas/Lemmas.lean,BoCa/Reborrow.lean:3722,
BoCa.Fig16.ResU.six21,BoCa.Fig16.ResU.six21,no,thm,Paper/S6_2_NonStandardLemmas/Lemmas.lean,BoCa/Reborrow.lean:8911,6.21
BoCa.Fig16.ResU.six22,BoCa.Fig16.ResU.six22,no,thm,Paper/S6_2_NonStandardLemmas/Lemmas.lean,BoCa/Reborrow.lean:9088,6.22
BoCa.Fig16.ResU.six23,BoCa.Fig16.ResU.six23,no,thm,Paper/S6_2_NonStandardLemmas/Lemmas.lean,BoCa/Reborrow.lean:9150,6.23
BoCa.Fig16.ResU.six24,BoCa.Fig16.ResU.six24,no,thm,Paper/S6_2_NonStandardLemmas/Lemmas.lean,BoCa/Reborrow.lean:9211,6.24
BoCa.Fig16.ResU.six25,BoCa.Fig16.ResU.six25,no,thm,Paper/S6_2_NonStandardLemmas/Lemmas.lean,BoCa/Reborrow.lean:8937,6.25
BoCa.Fig16.ResU.six26,BoCa.Fig16.ResU.six26,no,thm,Paper/S6_2_NonStandardLemmas/Lemmas.lean,BoCa/Reborrow.lean:8185,6.26
BoCa.Fig16.ResU.six27,BoCa.Fig16.ResU.six27,no,thm,Paper/S6_2_NonStandardLemmas/Lemmas.lean,BoCa/Reborrow.lean:9554,6.27
BoCa.Fig16.ResU.six28,BoCa.Fig16.ResU.six28,no,thm,Paper/S6_2_NonStandardLemmas/Lemmas.lean,BoCa/Reborrow.lean:9304,6.28
BoCa.Fig16.ResU.six29,BoCa.Fig16.ResU.six29,no,thm,Paper/S6_2_NonStandardLemmas/Lemmas.lean,BoCa/Reborrow.lean:3046,6.29
BoCa.Fig16.ResU.six29_borrows_off,BoCa.Fig16.ResU.six29_borrows_off,no,thm,Paper/S6_2_NonStandardLemmas/Lemmas.lean,BoCa/Reborrow.lean:2905,
BoCa.Fig16.ResU.six33,BoCa.Fig16.ResU.six33,no,thm,Paper/S6_2_NonStandardLemmas/Lemmas.lean,BoCa/Reborrow.lean:5575,6.33
BoCa.Fig16.ResU.six34,BoCa.Fig16.ResU.six34,no,thm,Paper/S6_2_NonStandardLemmas/Lemmas.lean,BoCa/Reborrow.lean:8368,6.34
BoCa.Fig16.ResU.six37,BoCa.Fig16.ResU.six37,no,thm,Paper/S6_2_NonStandardLemmas/Lemmas.lean,BoCa/Reborrow.lean:642,6.37
BoCa.Fig16.ResU.six38,BoCa.Fig16.ResU.six38,no,thm,Paper/S6_2_NonStandardLemmas/Lemmas.lean,BoCa/Reborrow.lean:10094,6.38
BoCa.Fig16.ResU.six38_steps_one_two,BoCa.Fig16.ResU.six38_steps_one_two,no,thm,Paper/S6_2_NonStandardLemmas/Lemmas.lean,BoCa/Reborrow.lean:8652,
BoCa.Fig16.ResU.six39,BoCa.Fig16.ResU.six39,no,thm,Paper/S6_2_NonStandardLemmas/Lemmas.lean,BoCa/Reborrow.lean:5808,6.39
BoCa.Fig16.ResU.six51,BoCa.Fig16.ResU.six51,no,thm,Paper/S6_2_NonStandardLemmas/Lemmas.lean,BoCa/Reborrow.lean:5590,6.51
BoCa.Fig16.ResU.six52,BoCa.Fig16.ResU.six52,no,thm,Paper/S6_2_NonStandardLemmas/Lemmas.lean,BoCa/Reborrow.lean:4218,6.52
BoCa.Fig16.ResU.six52_H1,BoCa.Fig16.ResU.six52_H1,no,thm,Paper/S6_2_NonStandardLemmas/Lemmas.lean,BoCa/Reborrow.lean:4038,
BoCa.Fig16.ResU.six52_sub_inStratum,BoCa.Fig16.ResU.six52_sub_inStratum,no,thm,Paper/S6_2_NonStandardLemmas/Lemmas.lean,BoCa/Reborrow.lean:4161,
BoCa.Fig16.ResU.six53,BoCa.Fig16.ResU.six53,no,thm,Paper/S6_2_NonStandardLemmas/Lemmas.lean,BoCa/Reborrow.lean:570,6.53
BoCa.Fig16.ResU.six54,BoCa.Fig16.ResU.six54,no,thm,Paper/S6_2_NonStandardLemmas/Lemmas.lean,BoCa/Reborrow.lean:1163,6.54
BoCa.Fig16.ResU.six55,BoCa.Fig16.ResU.six55,no,thm,Paper/S6_2_NonStandardLemmas/Lemmas.lean,BoCa/Reborrow.lean:1353,6.55
BoCa.Fig16.ResU.six55_self,BoCa.Fig16.ResU.six55_self,no,thm,Paper/S6_2_NonStandardLemmas/Lemmas.lean,BoCa/Reborrow.lean:1399,
BoCa.Fig16.ResU.six56,BoCa.Fig16.ResU.six56,no,thm,Paper/S6_2_NonStandardLemmas/Lemmas.lean,BoCa/Reborrow.lean:1885,6.56
BoCa.Fig16.ResU.six57,BoCa.Fig16.ResU.six57,no,thm,Paper/S6_2_NonStandardLemmas/Lemmas.lean,BoCa/Reborrow.lean:2169,6.57
BoCa.Fig16.ResU.six58_left,BoCa.Fig16.ResU.six58_left,no,thm,Paper/S6_2_NonStandardLemmas/Lemmas.lean,BoCa/Reborrow.lean:2332,6.58
BoCa.Fig16.ResU.six58_right,BoCa.Fig16.ResU.six58_right,no,thm,Paper/S6_2_NonStandardLemmas/Lemmas.lean,BoCa/Reborrow.lean:2417,6.58
BoCa.Fig16.ResU.six59,BoCa.Fig16.ResU.six59,no,thm,Paper/S6_2_NonStandardLemmas/Lemmas.lean,BoCa/Reborrow.lean:8077,6.59
BoCa.Fig16.ResU.six59_ag_eq,BoCa.Fig16.ResU.six59_ag_eq,no,thm,Paper/S6_2_NonStandardLemmas/Lemmas.lean,BoCa/Reborrow.lean:7586,
BoCa.Fig16.ResU.six59_offReb_at,BoCa.Fig16.ResU.six59_offReb_at,no,thm,Paper/S6_2_NonStandardLemmas/Lemmas.lean,BoCa/Reborrow.lean:7982,
BoCa.Fig16.ResU.six59_residual_at,BoCa.Fig16.ResU.six59_residual_at,no,thm,Paper/S6_2_NonStandardLemmas/Lemmas.lean,BoCa/Reborrow.lean:7706,
BoCa.Fig16.ResU.six61,BoCa.Fig16.ResU.six61,no,thm,Paper/S6_2_NonStandardLemmas/Lemmas.lean,BoCa/Reborrow.lean:1601,6.61
BoCa.Fig16.ResU.sixFiftyNineOffRebKeep,BoCa.Fig16.ResU.sixFiftyNineOffRebKeep,no,thm,Paper/S6_2_NonStandardLemmas/Lemmas.lean,BoCa/Reborrow.lean:8068,
BoCa.Fig16.ResU.sixFiftyNineResidualKeep,BoCa.Fig16.ResU.sixFiftyNineResidualKeep,no,thm,Paper/S6_2_NonStandardLemmas/Lemmas.lean,BoCa/Reborrow.lean:7935,
BoCa.Fig16.ResU.sixThirtyEightResidual,BoCa.Fig16.ResU.sixThirtyEightResidual,no,thm,Paper/S6_2_NonStandardLemmas/Lemmas.lean,BoCa/Reborrow.lean:9809,
BoCa.Fig16.ResU.sixThirtyEight_of_residual,BoCa.Fig16.ResU.sixThirtyEight_of_residual,no,thm,Paper/S6_2_NonStandardLemmas/Lemmas.lean,BoCa/Reborrow.lean:8715,
BoCa.Fig16.ResU.upd_ag_eq_of_ne_own,BoCa.Fig16.ResU.upd_ag_eq_of_ne_own,no,thm,Paper/S6_2_NonStandardLemmas/Lemmas.lean,BoCa/Ancestor.lean:728,
BoCa.Fig16.ResU.upd_ag_mut_eq,BoCa.Fig16.ResU.upd_ag_mut_eq,no,thm,Paper/S6_2_NonStandardLemmas/Lemmas.lean,BoCa/Ancestor.lean:597,
BoCa.Fig16.ResU.upd_ag_nonimm_transfer,BoCa.Fig16.ResU.upd_ag_nonimm_transfer,no,thm,Paper/S6_2_NonStandardLemmas/Lemmas.lean,BoCa/Ancestor.lean:568,
BoCa.Fig16.ResU.upd_ag_own_or_none,BoCa.Fig16.ResU.upd_ag_own_or_none,no,thm,Paper/S6_2_NonStandardLemmas/Lemmas.lean,BoCa/Ancestor.lean:766,
TR.lemma_6_16,BoCa.Fig16.ResU.CompatS.of_flat,no,thm,Paper/S6_2_NonStandardLemmas/Lemmas.lean,BoCa/Fig16.lean:7173,6.16
TR.lemma_6_17,BoCa.Fig16.ResU.compatS_of_hash_mut,no,thm,Paper/S6_2_NonStandardLemmas/Lemmas.lean,BoCa/Fig16.lean:7530,6.17
TR.lemma_6_18,BoCa.Fig16.ExS.split,no,thm,Paper/S6_2_NonStandardLemmas/Lemmas.lean,BoCa/Fig16.lean:5262,6.18
TR.lemma_6_19,BoCa.Fig16.ResU.flatR_idem,no,thm,Paper/S6_2_NonStandardLemmas/Lemmas.lean,BoCa/Fig16.lean:3819,6.19
TR.lemma_6_20,BoCa.Fig16.AgW.split,no,thm,Paper/S6_2_NonStandardLemmas/Lemmas.lean,BoCa/Fig16.lean:5862,6.20
TR.lemma_6_21,BoCa.Fig16.ResU.six21,no,thm,Paper/S6_2_NonStandardLemmas/Lemmas.lean,BoCa/Reborrow.lean:8911,6.21
TR.lemma_6_22,BoCa.Fig16.ResU.six22,no,thm,Paper/S6_2_NonStandardLemmas/Lemmas.lean,BoCa/Reborrow.lean:9088,6.22
TR.lemma_6_23,BoCa.Fig16.ResU.six23,no,thm,Paper/S6_2_NonStandardLemmas/Lemmas.lean,BoCa/Reborrow.lean:9150,6.23
TR.lemma_6_24,BoCa.Fig16.ResU.six24,no,thm,Paper/S6_2_NonStandardLemmas/Lemmas.lean,BoCa/Reborrow.lean:9211,6.24
TR.lemma_6_25,BoCa.Fig16.ResU.six25,no,thm,Paper/S6_2_NonStandardLemmas/Lemmas.lean,BoCa/Reborrow.lean:8937,6.25
TR.lemma_6_26,BoCa.Fig16.ResU.six26,no,thm,Paper/S6_2_NonStandardLemmas/Lemmas.lean,BoCa/Reborrow.lean:8185,6.26
TR.lemma_6_27,BoCa.Fig16.ResU.six27,no,thm,Paper/S6_2_NonStandardLemmas/Lemmas.lean,BoCa/Reborrow.lean:9554,6.27
TR.lemma_6_28,BoCa.Fig16.ResU.six28,no,thm,Paper/S6_2_NonStandardLemmas/Lemmas.lean,BoCa/Reborrow.lean:9304,6.28
TR.lemma_6_29,BoCa.Fig16.ResU.six29,no,thm,Paper/S6_2_NonStandardLemmas/Lemmas.lean,BoCa/Reborrow.lean:3046,6.29
TR.lemma_6_30,BoCa.Fig16.ResU.CompatS.of_compR_left,no,thm,Paper/S6_2_NonStandardLemmas/Lemmas.lean,BoCa/Fig16.lean:6322,6.30
TR.lemma_6_31,BoCa.Fig16.ResU.compR_iff_compS,no,thm,Paper/S6_2_NonStandardLemmas/Lemmas.lean,BoCa/Fig16.lean:3827,6.31
TR.lemma_6_32,BoCa.Fig16.ExS.toExR,no,thm,Paper/S6_2_NonStandardLemmas/Lemmas.lean,BoCa/Reborrow.lean:2646,6.32
TR.lemma_6_33,BoCa.Fig16.ResU.six33,no,thm,Paper/S6_2_NonStandardLemmas/Lemmas.lean,BoCa/Reborrow.lean:5575,6.33
TR.lemma_6_34,BoCa.Fig16.ResU.six34,no,thm,Paper/S6_2_NonStandardLemmas/Lemmas.lean,BoCa/Reborrow.lean:8368,6.34
TR.lemma_6_35,BoCa.Fig16.ResU.Valid.split,no,thm,Paper/S6_2_NonStandardLemmas/Lemmas.lean,BoCa/Fig16.lean:6399,6.35
TR.lemma_6_36,BoCa.Fig16.ExW.immFree,no,thm,Paper/S6_2_NonStandardLemmas/Lemmas.lean,BoCa/Fig16.lean:2691,6.36
TR.lemma_6_37,BoCa.Fig16.ResU.six37,no,thm,Paper/S6_2_NonStandardLemmas/Lemmas.lean,BoCa/Reborrow.lean:642,6.37
TR.lemma_6_38,BoCa.Fig16.ResU.six38,no,thm,Paper/S6_2_NonStandardLemmas/Lemmas.lean,BoCa/Reborrow.lean:10094,6.38
TR.lemma_6_39,BoCa.Fig16.ResU.six39,no,thm,Paper/S6_2_NonStandardLemmas/Lemmas.lean,BoCa/Reborrow.lean:5808,6.39
TR.lemma_6_41,BoCa.Fig16.ResU.compatS_single_own,no,thm,Paper/S6_2_NonStandardLemmas/Lemmas.lean,BoCa/Fig16.lean:3870,6.41
TR.lemma_6_42,BoCa.Fig16.ResU.compatS_single_mut,no,thm,Paper/S6_2_NonStandardLemmas/Lemmas.lean,BoCa/Fig16.lean:3876,6.42
TR.lemma_6_43,BoCa.Fig16.ResU.compS_single_imm,no,thm,Paper/S6_2_NonStandardLemmas/Lemmas.lean,BoCa/Fig16.lean:3885,6.43
TR.lemma_6_44,BoCa.Fig16.ResU.compatS_single_imm_inv,no,thm,Paper/S6_2_NonStandardLemmas/Lemmas.lean,BoCa/Fig16.lean:3908,6.44
TR.lemma_6_45,BoCa.Fig16.ResU.atLife_comp_sqsupset,no,thm,Paper/S6_2_NonStandardLemmas/Lemmas.lean,BoCa/Fig16.lean:3951,6.45
TR.lemma_6_46,BoCa.Fig16.BoLo.hash_shift,no,thm,Paper/S6_2_NonStandardLemmas/Lemmas.lean,BoCa/Fig16Wp.lean:152,6.46
TR.lemma_6_47,BoCa.Fig16.ResU.Upd.refl,no,thm,Paper/S6_2_NonStandardLemmas/Lemmas.lean,BoCa/Fig16.lean:7913,6.47
TR.lemma_6_48,BoCa.Fig16.BoLo.updV_frame,no,thm,Paper/S6_2_NonStandardLemmas/Lemmas.lean,BoCa/Fig16Wp.lean:1623,6.48
TR.lemma_6_49,BoCa.Fig16.ResU.UpdV.trans,no,thm,Paper/S6_2_NonStandardLemmas/Lemmas.lean,BoCa/Fig16.lean:7939,6.49
TR.lemma_6_50,BoCa.Fig16.BoLo.updV_outlives,no,thm,Paper/S6_2_NonStandardLemmas/Lemmas.lean,BoCa/Fig16Wp.lean:1125,6.50
TR.lemma_6_51,BoCa.Fig16.ResU.six51,no,thm,Paper/S6_2_NonStandardLemmas/Lemmas.lean,BoCa/Reborrow.lean:5590,6.51
TR.lemma_6_52,BoCa.Fig16.ResU.six52,no,thm,Paper/S6_2_NonStandardLemmas/Lemmas.lean,BoCa/Reborrow.lean:4218,6.52
TR.lemma_6_53,BoCa.Fig16.ResU.six53,no,thm,Paper/S6_2_NonStandardLemmas/Lemmas.lean,BoCa/Reborrow.lean:570,6.53
TR.lemma_6_54,BoCa.Fig16.ResU.six54,no,thm,Paper/S6_2_NonStandardLemmas/Lemmas.lean,BoCa/Reborrow.lean:1163,6.54
TR.lemma_6_55,BoCa.Fig16.ResU.six55,no,thm,Paper/S6_2_NonStandardLemmas/Lemmas.lean,BoCa/Reborrow.lean:1353,6.55
TR.lemma_6_56,BoCa.Fig16.ResU.six56,no,thm,Paper/S6_2_NonStandardLemmas/Lemmas.lean,BoCa/Reborrow.lean:1885,6.56
TR.lemma_6_57,BoCa.Fig16.ResU.six57,no,thm,Paper/S6_2_NonStandardLemmas/Lemmas.lean,BoCa/Reborrow.lean:2169,6.57
TR.lemma_6_58_left,BoCa.Fig16.ResU.six58_left,no,thm,Paper/S6_2_NonStandardLemmas/Lemmas.lean,BoCa/Reborrow.lean:2332,6.58
TR.lemma_6_58_right,BoCa.Fig16.ResU.six58_right,no,thm,Paper/S6_2_NonStandardLemmas/Lemmas.lean,BoCa/Reborrow.lean:2417,6.58
TR.lemma_6_59,BoCa.Fig16.ResU.six59,no,thm,Paper/S6_2_NonStandardLemmas/Lemmas.lean,BoCa/Reborrow.lean:8077,6.59
TR.lemma_6_60,BoCa.Fig16.LogRel.vDen_outlives,no,thm,Paper/S6_2_NonStandardLemmas/Lemmas.lean,BoCa/Fig16LogRel.lean:884,6.60
TR.lemma_6_61,BoCa.Fig16.ResU.six61,no,thm,Paper/S6_2_NonStandardLemmas/Lemmas.lean,BoCa/Reborrow.lean:1601,6.61
TR.lemma_6_62,BoCa.Fig16.LogRel.gDen_box,no,thm,Paper/S6_2_NonStandardLemmas/Lemmas.lean,BoCa/Fig16LogRel.lean:4535,6.62
TR.lemma_6_63,BoCa.Fig16.Life.down_sqsubset,no,thm,Paper/S6_2_NonStandardLemmas/Lemmas.lean,BoCa/Fig16.lean:225,6.63
BoCa.Fig16.CellU.Sim.trans,BoCa.Fig16.CellU.Sim.trans,no,thm,Paper/S6_2_NonStandardLemmas/Remarks.lean,BoCa/Reborrow.lean:5103,5.65
BoCa.Fig16.ResU.upd_iff_sim,BoCa.Fig16.ResU.upd_iff_sim,no,thm,Paper/S6_2_NonStandardLemmas/Remarks.lean,BoCa/Reborrow.lean:5163,5.65
BoCa.Fig16.BoLo.fresh_frame,BoCa.Fig16.BoLo.fresh_frame,no,thm,Paper/S6_3_FrameAndAntiFrame/Lemmas.lean,BoCa/Fig16.lean:10847,6.112
BoCa.Fig16.LogRel.wp_I_frame,BoCa.Fig16.LogRel.wp_I_frame,no,thm,Paper/S6_3_FrameAndAntiFrame/Lemmas.lean,BoCa/Fig16LogRel.lean:3479,6.64
BoCa.Fig16.LogRel.wp_M_antiFrame,BoCa.Fig16.LogRel.wp_M_antiFrame,no,thm,Paper/S6_3_FrameAndAntiFrame/Lemmas.lean,BoCa/Fig16LogRel.lean:2890,6.66
BoCa.Fig16.LogRel.wp_M_frame,BoCa.Fig16.LogRel.wp_M_frame,no,thm,Paper/S6_3_FrameAndAntiFrame/Lemmas.lean,BoCa/Fig16LogRel.lean:3153,6.65
TR.lemma_6_64,BoCa.Fig16.LogRel.wp_I_frame,no,thm,Paper/S6_3_FrameAndAntiFrame/Lemmas.lean,BoCa/Fig16LogRel.lean:3479,6.64
TR.lemma_6_65,BoCa.Fig16.LogRel.wp_M_frame,no,thm,Paper/S6_3_FrameAndAntiFrame/Lemmas.lean,BoCa/Fig16LogRel.lean:3153,6.65
TR.lemma_6_66,BoCa.Fig16.LogRel.wp_M_antiFrame,no,thm,Paper/S6_3_FrameAndAntiFrame/Lemmas.lean,BoCa/Fig16LogRel.lean:2890,6.66
TR.«Anti Frame»,BoCa.Fig16.LogRel.wp_M_antiFrame,no,thm,Paper/S6_3_FrameAndAntiFrame/Lemmas.lean,BoCa/Fig16LogRel.lean:2890,6.66
TR.«Imm Frame»,BoCa.Fig16.LogRel.wp_I_frame,no,thm,Paper/S6_3_FrameAndAntiFrame/Lemmas.lean,BoCa/Fig16LogRel.lean:3479,6.64
TR.«Mut Frame»,BoCa.Fig16.LogRel.wp_M_frame,no,thm,Paper/S6_3_FrameAndAntiFrame/Lemmas.lean,BoCa/Fig16LogRel.lean:3153,6.65
BoCa.Fig16.BoLo.Entails.refl,BoCa.Fig16.BoLo.Entails.refl,no,thm,Paper/S6_4_StandardEntailments/Lemmas.lean,BoCa/Fig16.lean:10394,6.67
BoCa.Fig16.BoLo.Entails.trans,BoCa.Fig16.BoLo.Entails.trans,no,thm,Paper/S6_4_StandardEntailments/Lemmas.lean,BoCa/Fig16.lean:10397,6.68
BoCa.Fig16.BoLo.all_L,BoCa.Fig16.BoLo.all_L,no,thm,Paper/S6_4_StandardEntailments/Lemmas.lean,BoCa/Fig16.lean:10457,6.78
BoCa.Fig16.BoLo.all_R,BoCa.Fig16.BoLo.all_R,no,thm,Paper/S6_4_StandardEntailments/Lemmas.lean,BoCa/Fig16.lean:10452,6.77
BoCa.Fig16.BoLo.and_L₁,BoCa.Fig16.BoLo.and_L₁,no,thm,Paper/S6_4_StandardEntailments/Lemmas.lean,BoCa/Fig16.lean:10424,6.72
BoCa.Fig16.BoLo.and_L₂,BoCa.Fig16.BoLo.and_L₂,no,thm,Paper/S6_4_StandardEntailments/Lemmas.lean,BoCa/Fig16.lean:10429,6.72
BoCa.Fig16.BoLo.and_R,BoCa.Fig16.BoLo.and_R,no,thm,Paper/S6_4_StandardEntailments/Lemmas.lean,BoCa/Fig16.lean:10419,6.71
BoCa.Fig16.BoLo.bang_4,BoCa.Fig16.BoLo.bang_4,no,thm,Paper/S6_4_StandardEntailments/Lemmas.lean,BoCa/Fig16.lean:10536,6.87
BoCa.Fig16.BoLo.bang_L,BoCa.Fig16.BoLo.bang_L,no,thm,Paper/S6_4_StandardEntailments/Lemmas.lean,BoCa/Fig16.lean:10490,6.84
BoCa.Fig16.BoLo.bang_L_dereliction,BoCa.Fig16.BoLo.bang_L_dereliction,no,thm,Paper/S6_4_StandardEntailments/Lemmas.lean,BoCa/Fig16.lean:10513,6.84
BoCa.Fig16.BoLo.bang_all,BoCa.Fig16.BoLo.bang_all,no,thm,Paper/S6_4_StandardEntailments/Lemmas.lean,BoCa/Fig16.lean:10539,6.88
BoCa.Fig16.BoLo.bang_and,BoCa.Fig16.BoLo.bang_and,no,thm,Paper/S6_4_StandardEntailments/Lemmas.lean,BoCa/Fig16.lean:10531,6.86
BoCa.Fig16.BoLo.bang_ex,BoCa.Fig16.BoLo.bang_ex,no,thm,Paper/S6_4_StandardEntailments/Lemmas.lean,BoCa/Fig16.lean:10562,6.89
BoCa.Fig16.BoLo.bang_mono,BoCa.Fig16.BoLo.bang_mono,no,thm,Paper/S6_4_StandardEntailments/Lemmas.lean,BoCa/Fig16.lean:10485,6.83
BoCa.Fig16.BoLo.bang_unr,BoCa.Fig16.BoLo.bang_unr,no,thm,Paper/S6_4_StandardEntailments/Lemmas.lean,BoCa/Fig16.lean:10520,6.85
BoCa.Fig16.BoLo.bot_L,BoCa.Fig16.BoLo.bot_L,no,thm,Paper/S6_4_StandardEntailments/Lemmas.lean,BoCa/Fig16.lean:10416,6.70
BoCa.Fig16.BoLo.ex_L,BoCa.Fig16.BoLo.ex_L,no,thm,Paper/S6_4_StandardEntailments/Lemmas.lean,BoCa/Fig16.lean:10468,6.80
BoCa.Fig16.BoLo.ex_R,BoCa.Fig16.BoLo.ex_R,no,thm,Paper/S6_4_StandardEntailments/Lemmas.lean,BoCa/Fig16.lean:10463,6.79
BoCa.Fig16.BoLo.imp_L,BoCa.Fig16.BoLo.imp_L,no,thm,Paper/S6_4_StandardEntailments/Lemmas.lean,BoCa/Fig16.lean:10449,6.76
BoCa.Fig16.BoLo.imp_R,BoCa.Fig16.BoLo.imp_R,no,thm,Paper/S6_4_StandardEntailments/Lemmas.lean,BoCa/Fig16.lean:10444,6.75
BoCa.Fig16.BoLo.or_L,BoCa.Fig16.BoLo.or_L,no,thm,Paper/S6_4_StandardEntailments/Lemmas.lean,BoCa/Fig16.lean:10439,6.74
BoCa.Fig16.BoLo.or_R₁,BoCa.Fig16.BoLo.or_R₁,no,thm,Paper/S6_4_StandardEntailments/Lemmas.lean,BoCa/Fig16.lean:10432,6.73
BoCa.Fig16.BoLo.or_R₂,BoCa.Fig16.BoLo.or_R₂,no,thm,Paper/S6_4_StandardEntailments/Lemmas.lean,BoCa/Fig16.lean:10436,6.73
BoCa.Fig16.BoLo.ptoOwn_excl,BoCa.Fig16.BoLo.ptoOwn_excl,no,thm,Paper/S6_4_StandardEntailments/Lemmas.lean,BoCa/Fig16.lean:10985,6.95
BoCa.Fig16.BoLo.ptoOwn_excl_own,BoCa.Fig16.BoLo.ptoOwn_excl_own,no,thm,Paper/S6_4_StandardEntailments/Lemmas.lean,BoCa/Fig16.lean:10996,6.95
BoCa.Fig16.BoLo.pure_L,BoCa.Fig16.BoLo.pure_L,no,thm,Paper/S6_4_StandardEntailments/Lemmas.lean,BoCa/Fig16.lean:10478,6.82
BoCa.Fig16.BoLo.pure_R,BoCa.Fig16.BoLo.pure_R,no,thm,Paper/S6_4_StandardEntailments/Lemmas.lean,BoCa/Fig16.lean:10473,6.81
BoCa.Fig16.BoLo.sep_assoc,BoCa.Fig16.BoLo.sep_assoc,no,thm,Paper/S6_4_StandardEntailments/Lemmas.lean,BoCa/Fig16.lean:10574,6.91
BoCa.Fig16.BoLo.sep_comm,BoCa.Fig16.BoLo.sep_comm,no,thm,Paper/S6_4_StandardEntailments/Lemmas.lean,BoCa/Fig16.lean:10569,6.90
BoCa.Fig16.BoLo.sep_mono,BoCa.Fig16.BoLo.sep_mono,no,thm,Paper/S6_4_StandardEntailments/Lemmas.lean,BoCa/Fig16.lean:10590,6.92
BoCa.Fig16.BoLo.top_R,BoCa.Fig16.BoLo.top_R,no,thm,Paper/S6_4_StandardEntailments/Lemmas.lean,BoCa/Fig16.lean:10413,6.69
BoCa.Fig16.BoLo.wand_L,BoCa.Fig16.BoLo.wand_L,no,thm,Paper/S6_4_StandardEntailments/Lemmas.lean,BoCa/Fig16.lean:10602,6.94
BoCa.Fig16.BoLo.wand_R,BoCa.Fig16.BoLo.wand_R,no,thm,Paper/S6_4_StandardEntailments/Lemmas.lean,BoCa/Fig16.lean:10597,6.93
TR.lemma_6_67,BoCa.Fig16.BoLo.Entails.refl,no,thm,Paper/S6_4_StandardEntailments/Lemmas.lean,BoCa/Fig16.lean:10394,6.67
TR.lemma_6_68,BoCa.Fig16.BoLo.Entails.trans,no,thm,Paper/S6_4_StandardEntailments/Lemmas.lean,BoCa/Fig16.lean:10397,6.68
TR.lemma_6_69,BoCa.Fig16.BoLo.top_R,no,thm,Paper/S6_4_StandardEntailments/Lemmas.lean,BoCa/Fig16.lean:10413,6.69
TR.lemma_6_70,BoCa.Fig16.BoLo.bot_L,no,thm,Paper/S6_4_StandardEntailments/Lemmas.lean,BoCa/Fig16.lean:10416,6.70
TR.lemma_6_71,BoCa.Fig16.BoLo.and_R,no,thm,Paper/S6_4_StandardEntailments/Lemmas.lean,BoCa/Fig16.lean:10419,6.71
TR.lemma_6_72_1,BoCa.Fig16.BoLo.and_L₁,no,thm,Paper/S6_4_StandardEntailments/Lemmas.lean,BoCa/Fig16.lean:10424,6.72
TR.lemma_6_72_2,BoCa.Fig16.BoLo.and_L₂,no,thm,Paper/S6_4_StandardEntailments/Lemmas.lean,BoCa/Fig16.lean:10429,6.72
TR.lemma_6_73_1,BoCa.Fig16.BoLo.or_R₁,no,thm,Paper/S6_4_StandardEntailments/Lemmas.lean,BoCa/Fig16.lean:10432,6.73
TR.lemma_6_73_2,BoCa.Fig16.BoLo.or_R₂,no,thm,Paper/S6_4_StandardEntailments/Lemmas.lean,BoCa/Fig16.lean:10436,6.73
TR.lemma_6_74,BoCa.Fig16.BoLo.or_L,no,thm,Paper/S6_4_StandardEntailments/Lemmas.lean,BoCa/Fig16.lean:10439,6.74
TR.lemma_6_75,BoCa.Fig16.BoLo.imp_R,no,thm,Paper/S6_4_StandardEntailments/Lemmas.lean,BoCa/Fig16.lean:10444,6.75
TR.lemma_6_76,BoCa.Fig16.BoLo.imp_L,no,thm,Paper/S6_4_StandardEntailments/Lemmas.lean,BoCa/Fig16.lean:10449,6.76
TR.lemma_6_77,BoCa.Fig16.BoLo.all_R,no,thm,Paper/S6_4_StandardEntailments/Lemmas.lean,BoCa/Fig16.lean:10452,6.77
TR.lemma_6_78,BoCa.Fig16.BoLo.all_L,no,thm,Paper/S6_4_StandardEntailments/Lemmas.lean,BoCa/Fig16.lean:10457,6.78
TR.lemma_6_79,BoCa.Fig16.BoLo.ex_R,no,thm,Paper/S6_4_StandardEntailments/Lemmas.lean,BoCa/Fig16.lean:10463,6.79
TR.lemma_6_80,BoCa.Fig16.BoLo.ex_L,no,thm,Paper/S6_4_StandardEntailments/Lemmas.lean,BoCa/Fig16.lean:10468,6.80
TR.lemma_6_81,BoCa.Fig16.BoLo.pure_R,no,thm,Paper/S6_4_StandardEntailments/Lemmas.lean,BoCa/Fig16.lean:10473,6.81
TR.lemma_6_82,BoCa.Fig16.BoLo.pure_L,no,thm,Paper/S6_4_StandardEntailments/Lemmas.lean,BoCa/Fig16.lean:10478,6.82
TR.lemma_6_83,BoCa.Fig16.BoLo.bang_mono,no,thm,Paper/S6_4_StandardEntailments/Lemmas.lean,BoCa/Fig16.lean:10485,6.83
TR.lemma_6_84,BoCa.Fig16.BoLo.bang_L,no,thm,Paper/S6_4_StandardEntailments/Lemmas.lean,BoCa/Fig16.lean:10490,6.84
TR.lemma_6_85,BoCa.Fig16.BoLo.bang_unr,no,thm,Paper/S6_4_StandardEntailments/Lemmas.lean,BoCa/Fig16.lean:10520,6.85
TR.lemma_6_86,BoCa.Fig16.BoLo.bang_and,no,thm,Paper/S6_4_StandardEntailments/Lemmas.lean,BoCa/Fig16.lean:10531,6.86
TR.lemma_6_87,BoCa.Fig16.BoLo.bang_4,no,thm,Paper/S6_4_StandardEntailments/Lemmas.lean,BoCa/Fig16.lean:10536,6.87
TR.lemma_6_88,BoCa.Fig16.BoLo.bang_all,no,thm,Paper/S6_4_StandardEntailments/Lemmas.lean,BoCa/Fig16.lean:10539,6.88
TR.lemma_6_89,BoCa.Fig16.BoLo.bang_ex,no,thm,Paper/S6_4_StandardEntailments/Lemmas.lean,BoCa/Fig16.lean:10562,6.89
TR.lemma_6_90,BoCa.Fig16.BoLo.sep_comm,no,thm,Paper/S6_4_StandardEntailments/Lemmas.lean,BoCa/Fig16.lean:10569,6.90
TR.lemma_6_91,BoCa.Fig16.BoLo.sep_assoc,no,thm,Paper/S6_4_StandardEntailments/Lemmas.lean,BoCa/Fig16.lean:10574,6.91
TR.lemma_6_92,BoCa.Fig16.BoLo.sep_mono,no,thm,Paper/S6_4_StandardEntailments/Lemmas.lean,BoCa/Fig16.lean:10590,6.92
TR.lemma_6_93,BoCa.Fig16.BoLo.wand_R,no,thm,Paper/S6_4_StandardEntailments/Lemmas.lean,BoCa/Fig16.lean:10597,6.93
TR.lemma_6_94,BoCa.Fig16.BoLo.wand_L,no,thm,Paper/S6_4_StandardEntailments/Lemmas.lean,BoCa/Fig16.lean:10602,6.94
TR.lemma_6_95,BoCa.Fig16.BoLo.ptoOwn_excl_own,no,thm,Paper/S6_4_StandardEntailments/Lemmas.lean,BoCa/Fig16.lean:10996,6.95
TR.refl,BoCa.Fig16.BoLo.Entails.refl,no,thm,Paper/S6_4_StandardEntailments/Lemmas.lean,BoCa/Fig16.lean:10394,6.67
TR.trans,BoCa.Fig16.BoLo.Entails.trans,no,thm,Paper/S6_4_StandardEntailments/Lemmas.lean,BoCa/Fig16.lean:10397,6.68
TR.«!4»,BoCa.Fig16.BoLo.bang_4,no,thm,Paper/S6_4_StandardEntailments/Lemmas.lean,BoCa/Fig16.lean:10536,6.87
TR.«!l»,BoCa.Fig16.BoLo.bang_L,no,thm,Paper/S6_4_StandardEntailments/Lemmas.lean,BoCa/Fig16.lean:10490,6.84
TR.«!mono»,BoCa.Fig16.BoLo.bang_mono,no,thm,Paper/S6_4_StandardEntailments/Lemmas.lean,BoCa/Fig16.lean:10485,6.83
TR.«!unr»,BoCa.Fig16.BoLo.bang_unr,no,thm,Paper/S6_4_StandardEntailments/Lemmas.lean,BoCa/Fig16.lean:10520,6.85
TR.«!∀»,BoCa.Fig16.BoLo.bang_all,no,thm,Paper/S6_4_StandardEntailments/Lemmas.lean,BoCa/Fig16.lean:10539,6.88
TR.«!∃»,BoCa.Fig16.BoLo.bang_ex,no,thm,Paper/S6_4_StandardEntailments/Lemmas.lean,BoCa/Fig16.lean:10562,6.89
TR.«!∧»,BoCa.Fig16.BoLo.bang_and,no,thm,Paper/S6_4_StandardEntailments/Lemmas.lean,BoCa/Fig16.lean:10531,6.86
TR.«–⋆l»,BoCa.Fig16.BoLo.wand_L,no,thm,Paper/S6_4_StandardEntailments/Lemmas.lean,BoCa/Fig16.lean:10602,6.94
TR.«–⋆r»,BoCa.Fig16.BoLo.wand_R,no,thm,Paper/S6_4_StandardEntailments/Lemmas.lean,BoCa/Fig16.lean:10597,6.93
TR.«↦ex»,BoCa.Fig16.BoLo.ptoOwn_excl_own,no,thm,Paper/S6_4_StandardEntailments/Lemmas.lean,BoCa/Fig16.lean:10996,6.95
TR.«⇒l»,BoCa.Fig16.BoLo.imp_L,no,thm,Paper/S6_4_StandardEntailments/Lemmas.lean,BoCa/Fig16.lean:10449,6.76
TR.«⇒r»,BoCa.Fig16.BoLo.imp_R,no,thm,Paper/S6_4_StandardEntailments/Lemmas.lean,BoCa/Fig16.lean:10444,6.75
TR.«∀l»,BoCa.Fig16.BoLo.all_L,no,thm,Paper/S6_4_StandardEntailments/Lemmas.lean,BoCa/Fig16.lean:10457,6.78
TR.«∀r»,BoCa.Fig16.BoLo.all_R,no,thm,Paper/S6_4_StandardEntailments/Lemmas.lean,BoCa/Fig16.lean:10452,6.77
TR.«∃l»,BoCa.Fig16.BoLo.ex_L,no,thm,Paper/S6_4_StandardEntailments/Lemmas.lean,BoCa/Fig16.lean:10468,6.80
TR.«∃r»,BoCa.Fig16.BoLo.ex_R,no,thm,Paper/S6_4_StandardEntailments/Lemmas.lean,BoCa/Fig16.lean:10463,6.79
TR.«∧l₁»,BoCa.Fig16.BoLo.and_L₁,no,thm,Paper/S6_4_StandardEntailments/Lemmas.lean,BoCa/Fig16.lean:10424,6.72
TR.«∧l₂»,BoCa.Fig16.BoLo.and_L₂,no,thm,Paper/S6_4_StandardEntailments/Lemmas.lean,BoCa/Fig16.lean:10429,6.72
TR.«∧r»,BoCa.Fig16.BoLo.and_R,no,thm,Paper/S6_4_StandardEntailments/Lemmas.lean,BoCa/Fig16.lean:10419,6.71
TR.«∨l»,BoCa.Fig16.BoLo.or_L,no,thm,Paper/S6_4_StandardEntailments/Lemmas.lean,BoCa/Fig16.lean:10439,6.74
TR.«∨r₁»,BoCa.Fig16.BoLo.or_R₁,no,thm,Paper/S6_4_StandardEntailments/Lemmas.lean,BoCa/Fig16.lean:10432,6.73
TR.«∨r₂»,BoCa.Fig16.BoLo.or_R₂,no,thm,Paper/S6_4_StandardEntailments/Lemmas.lean,BoCa/Fig16.lean:10436,6.73
TR.«⊤r»,BoCa.Fig16.BoLo.top_R,no,thm,Paper/S6_4_StandardEntailments/Lemmas.lean,BoCa/Fig16.lean:10413,6.69
TR.«⊥l»,BoCa.Fig16.BoLo.bot_L,no,thm,Paper/S6_4_StandardEntailments/Lemmas.lean,BoCa/Fig16.lean:10416,6.70
TR.«⋆asc»,BoCa.Fig16.BoLo.sep_assoc,no,thm,Paper/S6_4_StandardEntailments/Lemmas.lean,BoCa/Fig16.lean:10574,6.91
TR.«⋆com»,BoCa.Fig16.BoLo.sep_comm,no,thm,Paper/S6_4_StandardEntailments/Lemmas.lean,BoCa/Fig16.lean:10569,6.90
TR.«⋆mono»,BoCa.Fig16.BoLo.sep_mono,no,thm,Paper/S6_4_StandardEntailments/Lemmas.lean,BoCa/Fig16.lean:10590,6.92
TR.«⌜⌝l»,BoCa.Fig16.BoLo.pure_L,no,thm,Paper/S6_4_StandardEntailments/Lemmas.lean,BoCa/Fig16.lean:10478,6.82
TR.«⌜⌝r»,BoCa.Fig16.BoLo.pure_R,no,thm,Paper/S6_4_StandardEntailments/Lemmas.lean,BoCa/Fig16.lean:10473,6.81
BoCa.Fig16.BoLo.box_4,BoCa.Fig16.BoLo.box_4,no,thm,Paper/S6_5_NonStandardEntailments/Lemmas.lean,BoCa/Fig16.lean:10720,6.99
BoCa.Fig16.BoLo.box_L,BoCa.Fig16.BoLo.box_L,no,thm,Paper/S6_5_NonStandardEntailments/Lemmas.lean,BoCa/Fig16.lean:10712,6.97
BoCa.Fig16.BoLo.box_R,BoCa.Fig16.BoLo.box_R,no,thm,Paper/S6_5_NonStandardEntailments/Lemmas.lean,BoCa/Fig16.lean:10715,6.98
BoCa.Fig16.BoLo.box_all,BoCa.Fig16.BoLo.box_all,no,thm,Paper/S6_5_NonStandardEntailments/Lemmas.lean,BoCa/Fig16.lean:10738,6.102
BoCa.Fig16.BoLo.box_antitone,BoCa.Fig16.BoLo.box_antitone,no,thm,Paper/S6_5_NonStandardEntailments/Lemmas.lean,BoCa/Fig16.lean:10725,6.100
BoCa.Fig16.BoLo.box_bang,BoCa.Fig16.BoLo.box_bang,no,thm,Paper/S6_5_NonStandardEntailments/Lemmas.lean,BoCa/Fig16.lean:10786,6.106
BoCa.Fig16.BoLo.box_ex,BoCa.Fig16.BoLo.box_ex,no,thm,Paper/S6_5_NonStandardEntailments/Lemmas.lean,BoCa/Fig16.lean:10760,6.103
BoCa.Fig16.BoLo.box_ex_R,BoCa.Fig16.BoLo.box_ex_R,no,thm,Paper/S6_5_NonStandardEntailments/Lemmas.lean,BoCa/Fig16.lean:10730,6.101
BoCa.Fig16.BoLo.box_mono,BoCa.Fig16.BoLo.box_mono,no,thm,Paper/S6_5_NonStandardEntailments/Lemmas.lean,BoCa/Fig16.lean:10707,6.96
BoCa.Fig16.BoLo.box_or,BoCa.Fig16.BoLo.box_or,no,thm,Paper/S6_5_NonStandardEntailments/Lemmas.lean,BoCa/Fig16.lean:10779,6.105
BoCa.Fig16.BoLo.box_ptoOwn,BoCa.Fig16.BoLo.box_ptoOwn,no,thm,Paper/S6_5_NonStandardEntailments/Lemmas.lean,BoCa/Fig16.lean:10791,6.107
BoCa.Fig16.BoLo.box_sep,BoCa.Fig16.BoLo.box_sep,no,thm,Paper/S6_5_NonStandardEntailments/Lemmas.lean,BoCa/Fig16.lean:10767,6.104
BoCa.Fig16.BoLo.fresh_L,BoCa.Fig16.BoLo.fresh_L,no,thm,Paper/S6_5_NonStandardEntailments/Lemmas.lean,BoCa/Fig16.lean:10818,6.109
BoCa.Fig16.BoLo.fresh_R,BoCa.Fig16.BoLo.fresh_R,no,thm,Paper/S6_5_NonStandardEntailments/Lemmas.lean,BoCa/Fig16.lean:10828,6.110
BoCa.Fig16.BoLo.fresh_mono,BoCa.Fig16.BoLo.fresh_mono,no,thm,Paper/S6_5_NonStandardEntailments/Lemmas.lean,BoCa/Fig16.lean:10806,6.108
BoCa.Fig16.BoLo.fresh_sep,BoCa.Fig16.BoLo.fresh_sep,no,thm,Paper/S6_5_NonStandardEntailments/Lemmas.lean,BoCa/Fig16.lean:10837,6.111
BoCa.Fig16.BoLo.ptoImm_agree,BoCa.Fig16.BoLo.ptoImm_agree,no,thm,Paper/S6_5_NonStandardEntailments/Lemmas.lean,BoCa/Fig16.lean:10896,6.115
BoCa.Fig16.BoLo.ptoImm_agree_eq,BoCa.Fig16.BoLo.ptoImm_agree_eq,no,thm,Paper/S6_5_NonStandardEntailments/Lemmas.lean,BoCa/Fig16.lean:10919,6.115
BoCa.Fig16.BoLo.ptoImm_antitone,BoCa.Fig16.BoLo.ptoImm_antitone,no,thm,Paper/S6_5_NonStandardEntailments/Lemmas.lean,BoCa/Fig16.lean:10889,6.114
BoCa.Fig16.BoLo.ptoImm_dup,BoCa.Fig16.BoLo.ptoImm_dup,no,thm,Paper/S6_5_NonStandardEntailments/Lemmas.lean,BoCa/Fig16.lean:10954,6.116
BoCa.Fig16.BoLo.ptoImm_mono,BoCa.Fig16.BoLo.ptoImm_mono,no,thm,Paper/S6_5_NonStandardEntailments/Lemmas.lean,BoCa/Fig16.lean:10882,6.113
BoCa.Fig16.BoLo.ptoMut_antitone,BoCa.Fig16.BoLo.ptoMut_antitone,no,thm,Paper/S6_5_NonStandardEntailments/Lemmas.lean,BoCa/Fig16.lean:10978,6.118
BoCa.Fig16.BoLo.ptoMut_excl,BoCa.Fig16.BoLo.ptoMut_excl,no,thm,Paper/S6_5_NonStandardEntailments/Lemmas.lean,BoCa/Fig16.lean:11003,6.119
BoCa.Fig16.BoLo.ptoMut_excl_own,BoCa.Fig16.BoLo.ptoMut_excl_own,no,thm,Paper/S6_5_NonStandardEntailments/Lemmas.lean,BoCa/Fig16.lean:11014,6.119
BoCa.Fig16.BoLo.ptoMut_inv,BoCa.Fig16.BoLo.ptoMut_inv,no,thm,Paper/S6_5_NonStandardEntailments/Lemmas.lean,BoCa/Fig16.lean:10967,6.117
TR.lemma_6_100,BoCa.Fig16.BoLo.box_antitone,no,thm,Paper/S6_5_NonStandardEntailments/Lemmas.lean,BoCa/Fig16.lean:10725,6.100
TR.lemma_6_101,BoCa.Fig16.BoLo.box_ex_R,no,thm,Paper/S6_5_NonStandardEntailments/Lemmas.lean,BoCa/Fig16.lean:10730,6.101
TR.lemma_6_102,BoCa.Fig16.BoLo.box_all,no,thm,Paper/S6_5_NonStandardEntailments/Lemmas.lean,BoCa/Fig16.lean:10738,6.102
TR.lemma_6_103,BoCa.Fig16.BoLo.box_ex,no,thm,Paper/S6_5_NonStandardEntailments/Lemmas.lean,BoCa/Fig16.lean:10760,6.103
TR.lemma_6_104,BoCa.Fig16.BoLo.box_sep,no,thm,Paper/S6_5_NonStandardEntailments/Lemmas.lean,BoCa/Fig16.lean:10767,6.104
TR.lemma_6_105,BoCa.Fig16.BoLo.box_or,no,thm,Paper/S6_5_NonStandardEntailments/Lemmas.lean,BoCa/Fig16.lean:10779,6.105
TR.lemma_6_106,BoCa.Fig16.BoLo.box_bang,no,thm,Paper/S6_5_NonStandardEntailments/Lemmas.lean,BoCa/Fig16.lean:10786,6.106
TR.lemma_6_107,BoCa.Fig16.BoLo.box_ptoOwn,no,thm,Paper/S6_5_NonStandardEntailments/Lemmas.lean,BoCa/Fig16.lean:10791,6.107
TR.lemma_6_108,BoCa.Fig16.BoLo.fresh_mono,no,thm,Paper/S6_5_NonStandardEntailments/Lemmas.lean,BoCa/Fig16.lean:10806,6.108
TR.lemma_6_109,BoCa.Fig16.BoLo.fresh_L,no,thm,Paper/S6_5_NonStandardEntailments/Lemmas.lean,BoCa/Fig16.lean:10818,6.109
TR.lemma_6_110,BoCa.Fig16.BoLo.fresh_R,no,thm,Paper/S6_5_NonStandardEntailments/Lemmas.lean,BoCa/Fig16.lean:10828,6.110
TR.lemma_6_111,BoCa.Fig16.BoLo.fresh_sep,no,thm,Paper/S6_5_NonStandardEntailments/Lemmas.lean,BoCa/Fig16.lean:10837,6.111
TR.lemma_6_112,BoCa.Fig16.BoLo.fresh_frame,no,thm,Paper/S6_5_NonStandardEntailments/Lemmas.lean,BoCa/Fig16.lean:10847,6.112
TR.lemma_6_113,BoCa.Fig16.BoLo.ptoImm_mono,no,thm,Paper/S6_5_NonStandardEntailments/Lemmas.lean,BoCa/Fig16.lean:10882,6.113
TR.lemma_6_114,BoCa.Fig16.BoLo.ptoImm_antitone,no,thm,Paper/S6_5_NonStandardEntailments/Lemmas.lean,BoCa/Fig16.lean:10889,6.114
TR.lemma_6_115,BoCa.Fig16.BoLo.ptoImm_agree,no,thm,Paper/S6_5_NonStandardEntailments/Lemmas.lean,BoCa/Fig16.lean:10896,6.115
TR.lemma_6_116,BoCa.Fig16.BoLo.ptoImm_dup,no,thm,Paper/S6_5_NonStandardEntailments/Lemmas.lean,BoCa/Fig16.lean:10954,6.116
TR.lemma_6_117,BoCa.Fig16.BoLo.ptoMut_inv,no,thm,Paper/S6_5_NonStandardEntailments/Lemmas.lean,BoCa/Fig16.lean:10967,6.117
TR.lemma_6_118,BoCa.Fig16.BoLo.ptoMut_antitone,no,thm,Paper/S6_5_NonStandardEntailments/Lemmas.lean,BoCa/Fig16.lean:10978,6.118
TR.lemma_6_119,BoCa.Fig16.BoLo.ptoMut_excl_own,no,thm,Paper/S6_5_NonStandardEntailments/Lemmas.lean,BoCa/Fig16.lean:11014,6.119
TR.lemma_6_96,BoCa.Fig16.BoLo.box_mono,no,thm,Paper/S6_5_NonStandardEntailments/Lemmas.lean,BoCa/Fig16.lean:10707,6.96
TR.lemma_6_97,BoCa.Fig16.BoLo.box_L,no,thm,Paper/S6_5_NonStandardEntailments/Lemmas.lean,BoCa/Fig16.lean:10712,6.97
TR.lemma_6_98,BoCa.Fig16.BoLo.box_R,no,thm,Paper/S6_5_NonStandardEntailments/Lemmas.lean,BoCa/Fig16.lean:10715,6.98
TR.lemma_6_99,BoCa.Fig16.BoLo.box_4,no,thm,Paper/S6_5_NonStandardEntailments/Lemmas.lean,BoCa/Fig16.lean:10720,6.99
TR.«I-ag»,BoCa.Fig16.BoLo.ptoImm_agree,no,thm,Paper/S6_5_NonStandardEntailments/Lemmas.lean,BoCa/Fig16.lean:10896,6.115
TR.«I-dup»,BoCa.Fig16.BoLo.ptoImm_dup,no,thm,Paper/S6_5_NonStandardEntailments/Lemmas.lean,BoCa/Fig16.lean:10954,6.116
TR.«I-mono»,BoCa.Fig16.BoLo.ptoImm_mono,no,thm,Paper/S6_5_NonStandardEntailments/Lemmas.lean,BoCa/Fig16.lean:10882,6.113
TR.«I⊒»,BoCa.Fig16.BoLo.ptoImm_antitone,no,thm,Paper/S6_5_NonStandardEntailments/Lemmas.lean,BoCa/Fig16.lean:10889,6.114
TR.«M-ex»,BoCa.Fig16.BoLo.ptoMut_excl_own,no,thm,Paper/S6_5_NonStandardEntailments/Lemmas.lean,BoCa/Fig16.lean:11014,6.119
TR.«M-inv»,BoCa.Fig16.BoLo.ptoMut_inv,no,thm,Paper/S6_5_NonStandardEntailments/Lemmas.lean,BoCa/Fig16.lean:10967,6.117
TR.«M⊒»,BoCa.Fig16.BoLo.ptoMut_antitone,no,thm,Paper/S6_5_NonStandardEntailments/Lemmas.lean,BoCa/Fig16.lean:10978,6.118
TR.«[]!»,BoCa.Fig16.BoLo.box_bang,no,thm,Paper/S6_5_NonStandardEntailments/Lemmas.lean,BoCa/Fig16.lean:10786,6.106
TR.«[]-mono»,BoCa.Fig16.BoLo.box_mono,no,thm,Paper/S6_5_NonStandardEntailments/Lemmas.lean,BoCa/Fig16.lean:10707,6.96
TR.«[]4»,BoCa.Fig16.BoLo.box_4,no,thm,Paper/S6_5_NonStandardEntailments/Lemmas.lean,BoCa/Fig16.lean:10720,6.99
TR.«[]l»,BoCa.Fig16.BoLo.box_L,no,thm,Paper/S6_5_NonStandardEntailments/Lemmas.lean,BoCa/Fig16.lean:10712,6.97
TR.«[]r»,BoCa.Fig16.BoLo.box_R,no,thm,Paper/S6_5_NonStandardEntailments/Lemmas.lean,BoCa/Fig16.lean:10715,6.98
TR.«[]↦»,BoCa.Fig16.BoLo.box_ptoOwn,no,thm,Paper/S6_5_NonStandardEntailments/Lemmas.lean,BoCa/Fig16.lean:10791,6.107
TR.«[]∀»,BoCa.Fig16.BoLo.box_all,no,thm,Paper/S6_5_NonStandardEntailments/Lemmas.lean,BoCa/Fig16.lean:10738,6.102
TR.«[]∃r»,BoCa.Fig16.BoLo.box_ex_R,no,thm,Paper/S6_5_NonStandardEntailments/Lemmas.lean,BoCa/Fig16.lean:10730,6.101
TR.«[]∃»,BoCa.Fig16.BoLo.box_ex,no,thm,Paper/S6_5_NonStandardEntailments/Lemmas.lean,BoCa/Fig16.lean:10760,6.103
TR.«[]∨»,BoCa.Fig16.BoLo.box_or,no,thm,Paper/S6_5_NonStandardEntailments/Lemmas.lean,BoCa/Fig16.lean:10779,6.105
TR.«[]⊒»,BoCa.Fig16.BoLo.box_antitone,no,thm,Paper/S6_5_NonStandardEntailments/Lemmas.lean,BoCa/Fig16.lean:10725,6.100
TR.«[]⋆»,BoCa.Fig16.BoLo.box_sep,no,thm,Paper/S6_5_NonStandardEntailments/Lemmas.lean,BoCa/Fig16.lean:10767,6.104
TR.«И-mono»,BoCa.Fig16.BoLo.fresh_mono,no,thm,Paper/S6_5_NonStandardEntailments/Lemmas.lean,BoCa/Fig16.lean:10806,6.108
TR.«Иf»,BoCa.Fig16.BoLo.fresh_frame,no,thm,Paper/S6_5_NonStandardEntailments/Lemmas.lean,BoCa/Fig16.lean:10847,6.112
TR.«Иl»,BoCa.Fig16.BoLo.fresh_L,no,thm,Paper/S6_5_NonStandardEntailments/Lemmas.lean,BoCa/Fig16.lean:10818,6.109
TR.«Иr»,BoCa.Fig16.BoLo.fresh_R,no,thm,Paper/S6_5_NonStandardEntailments/Lemmas.lean,BoCa/Fig16.lean:10828,6.110
TR.«И⋆»,BoCa.Fig16.BoLo.fresh_sep,no,thm,Paper/S6_5_NonStandardEntailments/Lemmas.lean,BoCa/Fig16.lean:10837,6.111
BoCa.Fig16.BoLo.reb_emp_iff,BoCa.Fig16.BoLo.reb_emp_iff,no,thm,Paper/S6_6_ReborrowingEntailments/Lemmas.lean,BoCa/Fig16.lean:11209,6.130
BoCa.Fig16.BoLo.reborrow_all,BoCa.Fig16.BoLo.reborrow_all,no,thm,Paper/S6_6_ReborrowingEntailments/Lemmas.lean,BoCa/Fig16.lean:11160,6.129
BoCa.Fig16.BoLo.reborrow_emp,BoCa.Fig16.BoLo.reborrow_emp,no,thm,Paper/S6_6_ReborrowingEntailments/Lemmas.lean,BoCa/Fig16.lean:11234,6.130
BoCa.Fig16.BoLo.reborrow_emp_box,BoCa.Fig16.BoLo.reborrow_emp_box,no,thm,Paper/S6_6_ReborrowingEntailments/Lemmas.lean,BoCa/Fig16.lean:11247,6.130
BoCa.Fig16.BoLo.reborrow_emp_iff,BoCa.Fig16.BoLo.reborrow_emp_iff,no,thm,Paper/S6_6_ReborrowingEntailments/Lemmas.lean,BoCa/Fig16.lean:11224,6.130
BoCa.Fig16.BoLo.reborrow_emp_ptoOwn,BoCa.Fig16.BoLo.reborrow_emp_ptoOwn,no,thm,Paper/S6_6_ReborrowingEntailments/Lemmas.lean,BoCa/Fig16.lean:11255,6.130
BoCa.Fig16.BoLo.reborrow_ex,BoCa.Fig16.BoLo.reborrow_ex,no,thm,Paper/S6_6_ReborrowingEntailments/Lemmas.lean,BoCa/Fig16.lean:11150,6.128
BoCa.Fig16.BoLo.reborrow_mono,BoCa.Fig16.BoLo.reborrow_mono,no,thm,Paper/S6_6_ReborrowingEntailments/Lemmas.lean,BoCa/Fig16.lean:11023,6.120
BoCa.Fig16.BoLo.reborrow_or,BoCa.Fig16.BoLo.reborrow_or,no,thm,Paper/S6_6_ReborrowingEntailments/Lemmas.lean,BoCa/Fig16.lean:11077,6.126
BoCa.Fig16.BoLo.reborrow_ptoImm,BoCa.Fig16.BoLo.reborrow_ptoImm,no,thm,Paper/S6_6_ReborrowingEntailments/Lemmas.lean,BoCa/Fig16.lean:11362,6.123
BoCa.Fig16.BoLo.reborrow_ptoMut,BoCa.Fig16.BoLo.reborrow_ptoMut,no,thm,Paper/S6_6_ReborrowingEntailments/Lemmas.lean,BoCa/Fig16.lean:11324,6.122
BoCa.Fig16.BoLo.reborrow_ptoOwn,BoCa.Fig16.BoLo.reborrow_ptoOwn,no,thm,Paper/S6_6_ReborrowingEntailments/Lemmas.lean,BoCa/Fig16.lean:11277,6.121
BoCa.Fig16.BoLo.reborrow_pure,BoCa.Fig16.BoLo.reborrow_pure,no,thm,Paper/S6_6_ReborrowingEntailments/Lemmas.lean,BoCa/Fig16.lean:11052,6.124
BoCa.Fig16.BoLo.reborrow_star,BoCa.Fig16.BoLo.reborrow_star,no,thm,Paper/S6_6_ReborrowingEntailments/Lemmas.lean,BoCa/Reborrow.lean:8151,6.125
BoCa.Fig16.BoLo.reborrow_star_pure,BoCa.Fig16.BoLo.reborrow_star_pure,no,thm,Paper/S6_6_ReborrowingEntailments/Lemmas.lean,BoCa/Fig16.lean:11061,6.131
BoCa.Fig16.BoLo.reborrow_weak,BoCa.Fig16.BoLo.reborrow_weak,no,thm,Paper/S6_6_ReborrowingEntailments/Lemmas.lean,BoCa/Fig16.lean:11112,6.127
BoCa.Fig16.LogRel.ptoImm_reborrow_vDen_fresh,BoCa.Fig16.LogRel.ptoImm_reborrow_vDen_fresh,no,thm,Paper/S6_6_ReborrowingEntailments/Lemmas.lean,BoCa/Fig16LogRel.lean:2540,6.133
BoCa.Fig16.LogRel.pure_sep_reborrow_vDen_fresh,BoCa.Fig16.LogRel.pure_sep_reborrow_vDen_fresh,no,thm,Paper/S6_6_ReborrowingEntailments/Lemmas.lean,BoCa/Fig16LogRel.lean:2553,6.134
BoCa.Fig16.LogRel.reborrow_vDen,BoCa.Fig16.LogRel.reborrow_vDen,no,thm,Paper/S6_6_ReborrowingEntailments/Lemmas.lean,BoCa/Fig16LogRel.lean:425,6.131
BoCa.Fig16.LogRel.reborrow_vDen_fresh,BoCa.Fig16.LogRel.reborrow_vDen_fresh,no,thm,Paper/S6_6_ReborrowingEntailments/Lemmas.lean,BoCa/Fig16LogRel.lean:2522,6.132
BoCa.Fig16.LogRel.reborrow_vDen_ne_unk,BoCa.Fig16.LogRel.reborrow_vDen_ne_unk,no,thm,Paper/S6_6_ReborrowingEntailments/Lemmas.lean,BoCa/Fig16LogRel.lean:545,6.131
TR.lemma_6_120,BoCa.Fig16.BoLo.reborrow_mono,no,thm,Paper/S6_6_ReborrowingEntailments/Lemmas.lean,BoCa/Fig16.lean:11023,6.120
TR.lemma_6_121,BoCa.Fig16.BoLo.reborrow_ptoOwn,no,thm,Paper/S6_6_ReborrowingEntailments/Lemmas.lean,BoCa/Fig16.lean:11277,6.121
TR.lemma_6_122,BoCa.Fig16.BoLo.reborrow_ptoMut,no,thm,Paper/S6_6_ReborrowingEntailments/Lemmas.lean,BoCa/Fig16.lean:11324,6.122
TR.lemma_6_123,BoCa.Fig16.BoLo.reborrow_ptoImm,no,thm,Paper/S6_6_ReborrowingEntailments/Lemmas.lean,BoCa/Fig16.lean:11362,6.123
TR.lemma_6_124,BoCa.Fig16.BoLo.reborrow_pure,no,thm,Paper/S6_6_ReborrowingEntailments/Lemmas.lean,BoCa/Fig16.lean:11052,6.124
TR.lemma_6_125,BoCa.Fig16.BoLo.reborrow_star,no,thm,Paper/S6_6_ReborrowingEntailments/Lemmas.lean,BoCa/Reborrow.lean:8151,6.125
TR.lemma_6_126,BoCa.Fig16.BoLo.reborrow_or,no,thm,Paper/S6_6_ReborrowingEntailments/Lemmas.lean,BoCa/Fig16.lean:11077,6.126
TR.lemma_6_127,BoCa.Fig16.BoLo.reborrow_weak,no,thm,Paper/S6_6_ReborrowingEntailments/Lemmas.lean,BoCa/Fig16.lean:11112,6.127
TR.lemma_6_128,BoCa.Fig16.BoLo.reborrow_ex,no,thm,Paper/S6_6_ReborrowingEntailments/Lemmas.lean,BoCa/Fig16.lean:11150,6.128
TR.lemma_6_129,BoCa.Fig16.BoLo.reborrow_all,no,thm,Paper/S6_6_ReborrowingEntailments/Lemmas.lean,BoCa/Fig16.lean:11160,6.129
TR.lemma_6_130,BoCa.Fig16.BoLo.reborrow_emp,no,thm,Paper/S6_6_ReborrowingEntailments/Lemmas.lean,BoCa/Fig16.lean:11234,6.130
TR.lemma_6_131,BoCa.Fig16.LogRel.reborrow_vDen_ne_unk,no,thm,Paper/S6_6_ReborrowingEntailments/Lemmas.lean,BoCa/Fig16LogRel.lean:545,6.131
TR.lemma_6_132,BoCa.Fig16.LogRel.reborrow_vDen_fresh,no,thm,Paper/S6_6_ReborrowingEntailments/Lemmas.lean,BoCa/Fig16LogRel.lean:2522,6.132
TR.lemma_6_133,BoCa.Fig16.LogRel.ptoImm_reborrow_vDen_fresh,no,thm,Paper/S6_6_ReborrowingEntailments/Lemmas.lean,BoCa/Fig16LogRel.lean:2540,6.133
TR.lemma_6_134,BoCa.Fig16.LogRel.pure_sep_reborrow_vDen_fresh,no,thm,Paper/S6_6_ReborrowingEntailments/Lemmas.lean,BoCa/Fig16LogRel.lean:2553,6.134
TR.«↺-mono»,BoCa.Fig16.BoLo.reborrow_mono,no,thm,Paper/S6_6_ReborrowingEntailments/Lemmas.lean,BoCa/Fig16.lean:11023,6.120
TR.«↺-weak»,BoCa.Fig16.BoLo.reborrow_weak,no,thm,Paper/S6_6_ReborrowingEntailments/Lemmas.lean,BoCa/Fig16.lean:11112,6.127
TR.«↺V₁»,BoCa.Fig16.LogRel.reborrow_vDen_ne_unk,no,thm,Paper/S6_6_ReborrowingEntailments/Lemmas.lean,BoCa/Fig16LogRel.lean:545,6.131
TR.«↺V₂»,BoCa.Fig16.LogRel.reborrow_vDen_fresh,no,thm,Paper/S6_6_ReborrowingEntailments/Lemmas.lean,BoCa/Fig16LogRel.lean:2522,6.132
TR.«↺V₃»,BoCa.Fig16.LogRel.ptoImm_reborrow_vDen_fresh,no,thm,Paper/S6_6_ReborrowingEntailments/Lemmas.lean,BoCa/Fig16LogRel.lean:2540,6.133
TR.«↺i»,BoCa.Fig16.BoLo.reborrow_ptoImm,no,thm,Paper/S6_6_ReborrowingEntailments/Lemmas.lean,BoCa/Fig16.lean:11362,6.123
TR.«↺m»,BoCa.Fig16.BoLo.reborrow_ptoMut,no,thm,Paper/S6_6_ReborrowingEntailments/Lemmas.lean,BoCa/Fig16.lean:11324,6.122
TR.«↺↦»,BoCa.Fig16.BoLo.reborrow_ptoOwn,no,thm,Paper/S6_6_ReborrowingEntailments/Lemmas.lean,BoCa/Fig16.lean:11277,6.121
TR.«↺∀»,BoCa.Fig16.BoLo.reborrow_all,no,thm,Paper/S6_6_ReborrowingEntailments/Lemmas.lean,BoCa/Fig16.lean:11160,6.129
TR.«↺∃»,BoCa.Fig16.BoLo.reborrow_ex,no,thm,Paper/S6_6_ReborrowingEntailments/Lemmas.lean,BoCa/Fig16.lean:11150,6.128
TR.«↺∨»,BoCa.Fig16.BoLo.reborrow_or,no,thm,Paper/S6_6_ReborrowingEntailments/Lemmas.lean,BoCa/Fig16.lean:11077,6.126
TR.«↺⋆»,BoCa.Fig16.BoLo.reborrow_star,no,thm,Paper/S6_6_ReborrowingEntailments/Lemmas.lean,BoCa/Reborrow.lean:8151,6.125
TR.«↺⌜⌝»,BoCa.Fig16.BoLo.reborrow_pure,no,thm,Paper/S6_6_ReborrowingEntailments/Lemmas.lean,BoCa/Fig16.lean:11052,6.124
BoCa.Fig16.BoLo.rebEscrow_emp,BoCa.Fig16.BoLo.rebEscrow_emp,no,thm,Paper/S6_7_WeakestPreconditionRules/Lemmas.lean,BoCa/RebWp.lean:396,6.150
BoCa.Fig16.BoLo.rebEscrow_of_no_own,BoCa.Fig16.BoLo.rebEscrow_of_no_own,no,thm,Paper/S6_7_WeakestPreconditionRules/Lemmas.lean,BoCa/RebWp.lean:378,6.150
BoCa.Fig16.BoLo.wp_1,BoCa.Fig16.BoLo.wp_1,no,thm,Paper/S6_7_WeakestPreconditionRules/Lemmas.lean,BoCa/Fig16Wp.lean:294,6.137
BoCa.Fig16.BoLo.wp_I_forget,BoCa.Fig16.BoLo.wp_I_forget,no,thm,Paper/S6_7_WeakestPreconditionRules/Lemmas.lean,BoCa/Fig16Wp.lean:1919,6.149
BoCa.Fig16.BoLo.wp_M_forget,BoCa.Fig16.BoLo.wp_M_forget,no,thm,Paper/S6_7_WeakestPreconditionRules/Lemmas.lean,BoCa/Fig16Wp.lean:1909,6.148
BoCa.Fig16.BoLo.wp_alloc,BoCa.Fig16.BoLo.wp_alloc,no,thm,Paper/S6_7_WeakestPreconditionRules/Lemmas.lean,BoCa/Fig16Wp.lean:593,6.141
BoCa.Fig16.BoLo.wp_bind,BoCa.Fig16.BoLo.wp_bind,no,thm,Paper/S6_7_WeakestPreconditionRules/Lemmas.lean,BoCa/Fig16Wp.lean:2007,6.135
BoCa.Fig16.BoLo.wp_box,BoCa.Fig16.BoLo.wp_box,no,thm,Paper/S6_7_WeakestPreconditionRules/Lemmas.lean,BoCa/Fig16Wp.lean:1151,6.147
BoCa.Fig16.BoLo.wp_frame_noOwn,BoCa.Fig16.BoLo.wp_frame_noOwn,no,thm,Paper/S6_7_WeakestPreconditionRules/Lemmas.lean,BoCa/Fig16Wp.lean:1869,6.148
BoCa.Fig16.BoLo.wp_free,BoCa.Fig16.BoLo.wp_free,no,thm,Paper/S6_7_WeakestPreconditionRules/Lemmas.lean,BoCa/Fig16Wp.lean:631,6.142
BoCa.Fig16.BoLo.wp_head,BoCa.Fig16.BoLo.wp_head,no,thm,Paper/S6_7_WeakestPreconditionRules/Lemmas.lean,BoCa/Fig16Wp.lean:281,6.137
BoCa.Fig16.BoLo.wp_load,BoCa.Fig16.BoLo.wp_load,no,thm,Paper/S6_7_WeakestPreconditionRules/Lemmas.lean,BoCa/Fig16Wp.lean:660,6.143
BoCa.Fig16.BoLo.wp_load_I,BoCa.Fig16.BoLo.wp_load_I,no,thm,Paper/S6_7_WeakestPreconditionRules/Lemmas.lean,BoCa/Fig16Wp.lean:746,6.144
BoCa.Fig16.BoLo.wp_load_I_conf,BoCa.Fig16.BoLo.wp_load_I_conf,no,thm,Paper/S6_7_WeakestPreconditionRules/Lemmas.lean,BoCa/Fig16Wp.lean:780,6.144
BoCa.Fig16.BoLo.wp_load_I_nonvacuous,BoCa.Fig16.BoLo.wp_load_I_nonvacuous,no,thm,Paper/S6_7_WeakestPreconditionRules/Lemmas.lean,BoCa/Fig16Wp.lean:813,6.144
BoCa.Fig16.BoLo.wp_lolli,BoCa.Fig16.BoLo.wp_lolli,no,thm,Paper/S6_7_WeakestPreconditionRules/Lemmas.lean,BoCa/Fig16Wp.lean:321,6.140
BoCa.Fig16.BoLo.wp_ramify,BoCa.Fig16.BoLo.wp_ramify,no,thm,Paper/S6_7_WeakestPreconditionRules/Lemmas.lean,BoCa/Fig16Wp.lean:1972,6.146
BoCa.Fig16.BoLo.wp_reborrow,BoCa.Fig16.BoLo.wp_reborrow,no,thm,Paper/S6_7_WeakestPreconditionRules/Lemmas.lean,BoCa/RebWp.lean:148,6.150
BoCa.Fig16.BoLo.wp_reborrow_emp_applies,BoCa.Fig16.BoLo.wp_reborrow_emp_applies,no,thm,Paper/S6_7_WeakestPreconditionRules/Lemmas.lean,BoCa/RebWp.lean:427,6.150
BoCa.Fig16.BoLo.wp_reborrow_nonvacuous,BoCa.Fig16.BoLo.wp_reborrow_nonvacuous,no,thm,Paper/S6_7_WeakestPreconditionRules/Lemmas.lean,BoCa/RebWp.lean:405,6.150
BoCa.Fig16.BoLo.wp_store,BoCa.Fig16.BoLo.wp_store,no,thm,Paper/S6_7_WeakestPreconditionRules/Lemmas.lean,BoCa/Fig16Wp.lean:832,6.145
BoCa.Fig16.BoLo.wp_sum₁,BoCa.Fig16.BoLo.wp_sum₁,no,thm,Paper/S6_7_WeakestPreconditionRules/Lemmas.lean,BoCa/Fig16Wp.lean:308,6.139
BoCa.Fig16.BoLo.wp_sum₂,BoCa.Fig16.BoLo.wp_sum₂,no,thm,Paper/S6_7_WeakestPreconditionRules/Lemmas.lean,BoCa/Fig16Wp.lean:316,6.139
BoCa.Fig16.BoLo.wp_tensor,BoCa.Fig16.BoLo.wp_tensor,no,thm,Paper/S6_7_WeakestPreconditionRules/Lemmas.lean,BoCa/Fig16Wp.lean:300,6.138
BoCa.Fig16.BoLo.wp_val,BoCa.Fig16.BoLo.wp_val,no,thm,Paper/S6_7_WeakestPreconditionRules/Lemmas.lean,BoCa/Fig16Wp.lean:263,6.136
BoCa.TR3.wp_1,BoCa.TR3.wp_1,no,thm,Paper/S6_7_WeakestPreconditionRules/Lemmas.lean,BoCa/TR3.lean:926,6.137
BoCa.TR3.wp_I_forget,BoCa.TR3.wp_I_forget,no,thm,Paper/S6_7_WeakestPreconditionRules/Lemmas.lean,BoCa/TR3.lean:1174,6.149
BoCa.TR3.wp_M_forget,BoCa.TR3.wp_M_forget,no,thm,Paper/S6_7_WeakestPreconditionRules/Lemmas.lean,BoCa/TR3.lean:1166,6.148
BoCa.TR3.wp_alloc,BoCa.TR3.wp_alloc,no,thm,Paper/S6_7_WeakestPreconditionRules/Lemmas.lean,BoCa/TR3.lean:969,6.141
BoCa.TR3.wp_bind,BoCa.TR3.wp_bind,no,thm,Paper/S6_7_WeakestPreconditionRules/Lemmas.lean,BoCa/TR3.lean:1227,6.135
BoCa.TR3.wp_box,BoCa.TR3.wp_box,no,thm,Paper/S6_7_WeakestPreconditionRules/Lemmas.lean,BoCa/TR3.lean:1124,6.147
BoCa.TR3.wp_frame_noOwn,BoCa.TR3.wp_frame_noOwn,no,thm,Paper/S6_7_WeakestPreconditionRules/Lemmas.lean,BoCa/TR3.lean:1134,6.148
BoCa.TR3.wp_free,BoCa.TR3.wp_free,no,thm,Paper/S6_7_WeakestPreconditionRules/Lemmas.lean,BoCa/TR3.lean:995,6.142
BoCa.TR3.wp_head,BoCa.TR3.wp_head,no,thm,Paper/S6_7_WeakestPreconditionRules/Lemmas.lean,BoCa/TR3.lean:914,6.137
BoCa.TR3.wp_load,BoCa.TR3.wp_load,no,thm,Paper/S6_7_WeakestPreconditionRules/Lemmas.lean,BoCa/TR3.lean:1023,6.143
BoCa.TR3.wp_load_I,BoCa.TR3.wp_load_I,no,thm,Paper/S6_7_WeakestPreconditionRules/Lemmas.lean,BoCa/TR3.lean:1046,6.144
BoCa.TR3.wp_lolli,BoCa.TR3.wp_lolli,no,thm,Paper/S6_7_WeakestPreconditionRules/Lemmas.lean,BoCa/TR3.lean:954,6.140
BoCa.TR3.wp_ramify,BoCa.TR3.wp_ramify,no,thm,Paper/S6_7_WeakestPreconditionRules/Lemmas.lean,BoCa/TR3.lean:1196,6.146
BoCa.TR3.wp_store,BoCa.TR3.wp_store,no,thm,Paper/S6_7_WeakestPreconditionRules/Lemmas.lean,BoCa/TR3.lean:1080,6.145
BoCa.TR3.wp_sum₁,BoCa.TR3.wp_sum₁,no,thm,Paper/S6_7_WeakestPreconditionRules/Lemmas.lean,BoCa/TR3.lean:942,6.139
BoCa.TR3.wp_sum₂,BoCa.TR3.wp_sum₂,no,thm,Paper/S6_7_WeakestPreconditionRules/Lemmas.lean,BoCa/TR3.lean:949,6.139
BoCa.TR3.wp_tensor,BoCa.TR3.wp_tensor,no,thm,Paper/S6_7_WeakestPreconditionRules/Lemmas.lean,BoCa/TR3.lean:934,6.138
BoCa.TR3.wp_val,BoCa.TR3.wp_val,no,thm,Paper/S6_7_WeakestPreconditionRules/Lemmas.lean,BoCa/TR3.lean:900,6.136
TR.lemma_6_135,BoCa.Fig16.BoLo.wp_bind,no,thm,Paper/S6_7_WeakestPreconditionRules/Lemmas.lean,BoCa/Fig16Wp.lean:2007,6.135
TR.lemma_6_136,BoCa.Fig16.BoLo.wp_val,no,thm,Paper/S6_7_WeakestPreconditionRules/Lemmas.lean,BoCa/Fig16Wp.lean:263,6.136
TR.lemma_6_137,BoCa.Fig16.BoLo.wp_1,no,thm,Paper/S6_7_WeakestPreconditionRules/Lemmas.lean,BoCa/Fig16Wp.lean:294,6.137
TR.lemma_6_138,BoCa.Fig16.BoLo.wp_tensor,no,thm,Paper/S6_7_WeakestPreconditionRules/Lemmas.lean,BoCa/Fig16Wp.lean:300,6.138
TR.lemma_6_139_1,BoCa.Fig16.BoLo.wp_sum₁,no,thm,Paper/S6_7_WeakestPreconditionRules/Lemmas.lean,BoCa/Fig16Wp.lean:308,6.139
TR.lemma_6_139_2,BoCa.Fig16.BoLo.wp_sum₂,no,thm,Paper/S6_7_WeakestPreconditionRules/Lemmas.lean,BoCa/Fig16Wp.lean:316,6.139
TR.lemma_6_140,BoCa.Fig16.BoLo.wp_lolli,no,thm,Paper/S6_7_WeakestPreconditionRules/Lemmas.lean,BoCa/Fig16Wp.lean:321,6.140
TR.lemma_6_141,BoCa.Fig16.BoLo.wp_alloc,no,thm,Paper/S6_7_WeakestPreconditionRules/Lemmas.lean,BoCa/Fig16Wp.lean:593,6.141
TR.lemma_6_142,BoCa.Fig16.BoLo.wp_free,no,thm,Paper/S6_7_WeakestPreconditionRules/Lemmas.lean,BoCa/Fig16Wp.lean:631,6.142
TR.lemma_6_143,BoCa.Fig16.BoLo.wp_load,no,thm,Paper/S6_7_WeakestPreconditionRules/Lemmas.lean,BoCa/Fig16Wp.lean:660,6.143
TR.lemma_6_144,BoCa.Fig16.BoLo.wp_load_I,no,thm,Paper/S6_7_WeakestPreconditionRules/Lemmas.lean,BoCa/Fig16Wp.lean:746,6.144
TR.lemma_6_145,BoCa.Fig16.BoLo.wp_store,no,thm,Paper/S6_7_WeakestPreconditionRules/Lemmas.lean,BoCa/Fig16Wp.lean:832,6.145
TR.lemma_6_146,BoCa.Fig16.BoLo.wp_ramify,no,thm,Paper/S6_7_WeakestPreconditionRules/Lemmas.lean,BoCa/Fig16Wp.lean:1972,6.146
TR.lemma_6_147,BoCa.Fig16.BoLo.wp_box,no,thm,Paper/S6_7_WeakestPreconditionRules/Lemmas.lean,BoCa/Fig16Wp.lean:1151,6.147
TR.lemma_6_148,BoCa.Fig16.BoLo.wp_M_forget,no,thm,Paper/S6_7_WeakestPreconditionRules/Lemmas.lean,BoCa/Fig16Wp.lean:1909,6.148
TR.lemma_6_149,BoCa.Fig16.BoLo.wp_I_forget,no,thm,Paper/S6_7_WeakestPreconditionRules/Lemmas.lean,BoCa/Fig16Wp.lean:1919,6.149
TR.lemma_6_150,BoCa.Fig16.BoLo.wp_reborrow,no,thm,Paper/S6_7_WeakestPreconditionRules/Lemmas.lean,BoCa/RebWp.lean:148,6.150
TR.wp1,BoCa.Fig16.BoLo.wp_1,no,thm,Paper/S6_7_WeakestPreconditionRules/Lemmas.lean,BoCa/Fig16Wp.lean:294,6.137
TR.«wp-I-forget»,BoCa.Fig16.BoLo.wp_I_forget,no,thm,Paper/S6_7_WeakestPreconditionRules/Lemmas.lean,BoCa/Fig16Wp.lean:1919,6.149
TR.«wp-M-forget»,BoCa.Fig16.BoLo.wp_M_forget,no,thm,Paper/S6_7_WeakestPreconditionRules/Lemmas.lean,BoCa/Fig16Wp.lean:1909,6.148
TR.«wp-alloc»,BoCa.Fig16.BoLo.wp_alloc,no,thm,Paper/S6_7_WeakestPreconditionRules/Lemmas.lean,BoCa/Fig16Wp.lean:593,6.141
TR.«wp-bind»,BoCa.Fig16.BoLo.wp_bind,no,thm,Paper/S6_7_WeakestPreconditionRules/Lemmas.lean,BoCa/Fig16Wp.lean:2007,6.135
TR.«wp-free»,BoCa.Fig16.BoLo.wp_free,no,thm,Paper/S6_7_WeakestPreconditionRules/Lemmas.lean,BoCa/Fig16Wp.lean:631,6.142
TR.«wp-load-I»,BoCa.Fig16.BoLo.wp_load_I,no,thm,Paper/S6_7_WeakestPreconditionRules/Lemmas.lean,BoCa/Fig16Wp.lean:746,6.144
TR.«wp-load»,BoCa.Fig16.BoLo.wp_load,no,thm,Paper/S6_7_WeakestPreconditionRules/Lemmas.lean,BoCa/Fig16Wp.lean:660,6.143
TR.«wp-ramify»,BoCa.Fig16.BoLo.wp_ramify,no,thm,Paper/S6_7_WeakestPreconditionRules/Lemmas.lean,BoCa/Fig16Wp.lean:1972,6.146
TR.«wp-store»,BoCa.Fig16.BoLo.wp_store,no,thm,Paper/S6_7_WeakestPreconditionRules/Lemmas.lean,BoCa/Fig16Wp.lean:832,6.145
TR.«wp-val»,BoCa.Fig16.BoLo.wp_val,no,thm,Paper/S6_7_WeakestPreconditionRules/Lemmas.lean,BoCa/Fig16Wp.lean:263,6.136
TR.«wp[]»,BoCa.Fig16.BoLo.wp_box,no,thm,Paper/S6_7_WeakestPreconditionRules/Lemmas.lean,BoCa/Fig16Wp.lean:1151,6.147
TR.«wp⊕₁»,BoCa.Fig16.BoLo.wp_sum₁,no,thm,Paper/S6_7_WeakestPreconditionRules/Lemmas.lean,BoCa/Fig16Wp.lean:308,6.139
TR.«wp⊕₂»,BoCa.Fig16.BoLo.wp_sum₂,no,thm,Paper/S6_7_WeakestPreconditionRules/Lemmas.lean,BoCa/Fig16Wp.lean:316,6.139
TR.«wp⊗»,BoCa.Fig16.BoLo.wp_tensor,no,thm,Paper/S6_7_WeakestPreconditionRules/Lemmas.lean,BoCa/Fig16Wp.lean:300,6.138
TR.«wp⊸»,BoCa.Fig16.BoLo.wp_lolli,no,thm,Paper/S6_7_WeakestPreconditionRules/Lemmas.lean,BoCa/Fig16Wp.lean:321,6.140
TR.«↺ rule»,BoCa.Fig16.BoLo.wp_reborrow,no,thm,Paper/S6_7_WeakestPreconditionRules/Lemmas.lean,BoCa/RebWp.lean:148,6.150
BoCa.Ctx.ScopedB.of_dead,BoCa.Ctx.ScopedB.of_dead,no,thm,Paper/S6_8_FundamentalProperty/Lemmas.lean,BoCa/Derives.lean:279,6.151
BoCa.Fig16.LogRel.FundamentalProperty,BoCa.Fig16.LogRel.FundamentalProperty,no,def,Paper/S6_8_FundamentalProperty/Lemmas.lean,BoCa/Fig16LogRel.lean:2820,6.151
BoCa.Fig16.LogRel.Typed.FundamentalProperty,BoCa.Fig16.LogRel.Typed.FundamentalProperty,no,def,Paper/S6_8_FundamentalProperty/Lemmas.lean,BoCa/TypedFundamental.lean:1309,6.151
BoCa.Fig16.LogRel.Typed.fundamental,BoCa.Fig16.LogRel.Typed.fundamental,no,thm,Paper/S6_8_FundamentalProperty/Lemmas.lean,BoCa/TypedFundamental.lean:1233,6.151
BoCa.Fig16.LogRel.Typed.fundamentalProperty,BoCa.Fig16.LogRel.Typed.fundamentalProperty,no,thm,Paper/S6_8_FundamentalProperty/Lemmas.lean,BoCa/TypedFundamental.lean:1322,3.1;6.151
BoCa.Fig16.LogRel.WithloadEscrow,BoCa.Fig16.LogRel.WithloadEscrow,no,def,Paper/S6_8_FundamentalProperty/Lemmas.lean,BoCa/Fig16LogRel.lean:6921,6.151
BoCa.Fig16.LogRel.allE_compat,BoCa.Fig16.LogRel.allE_compat,no,thm,Paper/S6_8_FundamentalProperty/Lemmas.lean,BoCa/Fig16LogRel.lean:2309,6.162
BoCa.Fig16.LogRel.allI_compat,BoCa.Fig16.LogRel.allI_compat,no,thm,Paper/S6_8_FundamentalProperty/Lemmas.lean,BoCa/Fig16LogRel.lean:2398,6.161
BoCa.Fig16.LogRel.alloc_compat,BoCa.Fig16.LogRel.alloc_compat,no,thm,Paper/S6_8_FundamentalProperty/Lemmas.lean,BoCa/Fig16LogRel.lean:2860,6.165
BoCa.Fig16.LogRel.boxE_compat,BoCa.Fig16.LogRel.boxE_compat,no,thm,Paper/S6_8_FundamentalProperty/Lemmas.lean,BoCa/Fig16LogRel.lean:1402,6.164
BoCa.Fig16.LogRel.boxI_compat,BoCa.Fig16.LogRel.boxI_compat,no,thm,Paper/S6_8_FundamentalProperty/Lemmas.lean,BoCa/Fig16LogRel.lean:5398,6.163
BoCa.Fig16.LogRel.copy_compat,BoCa.Fig16.LogRel.copy_compat,no,thm,Paper/S6_8_FundamentalProperty/Lemmas.lean,BoCa/Fig16LogRel.lean:1562,6.170
BoCa.Fig16.LogRel.forgetImm_compat,BoCa.Fig16.LogRel.forgetImm_compat,no,thm,Paper/S6_8_FundamentalProperty/Lemmas.lean,BoCa/Fig16LogRel.lean:1591,6.171
BoCa.Fig16.LogRel.forgetMut_compat,BoCa.Fig16.LogRel.forgetMut_compat,no,thm,Paper/S6_8_FundamentalProperty/Lemmas.lean,BoCa/Fig16LogRel.lean:1617,6.171
BoCa.Fig16.LogRel.forgetUnk_compat,BoCa.Fig16.LogRel.forgetUnk_compat,no,thm,Paper/S6_8_FundamentalProperty/Lemmas.lean,BoCa/Fig16LogRel.lean:1643,6.171
BoCa.Fig16.LogRel.free_compat,BoCa.Fig16.LogRel.free_compat,no,thm,Paper/S6_8_FundamentalProperty/Lemmas.lean,BoCa/Fig16LogRel.lean:1418,6.166
BoCa.Fig16.LogRel.fundamental,BoCa.Fig16.LogRel.fundamental,no,thm,Paper/S6_8_FundamentalProperty/Lemmas.lean,BoCa/Fig16LogRel.lean:6932,6.151
BoCa.Fig16.LogRel.fundamentalProperty,BoCa.Fig16.LogRel.fundamentalProperty,no,thm,Paper/S6_8_FundamentalProperty/Lemmas.lean,BoCa/Fig16LogRel.lean:7028,6.151
BoCa.Fig16.LogRel.id_compat,BoCa.Fig16.LogRel.id_compat,no,thm,Paper/S6_8_FundamentalProperty/Lemmas.lean,BoCa/Fig16LogRel.lean:1178,6.152
BoCa.Fig16.LogRel.immSub_compat,BoCa.Fig16.LogRel.immSub_compat,no,thm,Paper/S6_8_FundamentalProperty/Lemmas.lean,BoCa/Fig16LogRel.lean:1434,6.167
BoCa.Fig16.LogRel.lolliE_compat,BoCa.Fig16.LogRel.lolliE_compat,no,thm,Paper/S6_8_FundamentalProperty/Lemmas.lean,BoCa/Fig16LogRel.lean:1374,6.160
BoCa.Fig16.LogRel.lolliI_compat,BoCa.Fig16.LogRel.lolliI_compat,no,thm,Paper/S6_8_FundamentalProperty/Lemmas.lean,BoCa/Fig16LogRel.lean:1350,6.159
BoCa.Fig16.LogRel.mutSub_compat,BoCa.Fig16.LogRel.mutSub_compat,no,thm,Paper/S6_8_FundamentalProperty/Lemmas.lean,BoCa/Fig16LogRel.lean:1455,6.168
BoCa.Fig16.LogRel.sumE_compat,BoCa.Fig16.LogRel.sumE_compat,no,thm,Paper/S6_8_FundamentalProperty/Lemmas.lean,BoCa/Fig16LogRel.lean:1312,6.158
BoCa.Fig16.LogRel.sumI₁_compat,BoCa.Fig16.LogRel.sumI₁_compat,no,thm,Paper/S6_8_FundamentalProperty/Lemmas.lean,BoCa/Fig16LogRel.lean:1286,6.157
BoCa.Fig16.LogRel.sumI₂_compat,BoCa.Fig16.LogRel.sumI₂_compat,no,thm,Paper/S6_8_FundamentalProperty/Lemmas.lean,BoCa/Fig16LogRel.lean:1303,6.157
BoCa.Fig16.LogRel.swap_compat,BoCa.Fig16.LogRel.swap_compat,no,thm,Paper/S6_8_FundamentalProperty/Lemmas.lean,BoCa/Fig16LogRel.lean:1482,6.169
BoCa.Fig16.LogRel.tensorE_compat,BoCa.Fig16.LogRel.tensorE_compat,no,thm,Paper/S6_8_FundamentalProperty/Lemmas.lean,BoCa/Fig16LogRel.lean:1250,6.156
BoCa.Fig16.LogRel.tensorI_compat,BoCa.Fig16.LogRel.tensorI_compat,no,thm,Paper/S6_8_FundamentalProperty/Lemmas.lean,BoCa/Fig16LogRel.lean:1224,6.155
BoCa.Fig16.LogRel.unitE_compat,BoCa.Fig16.LogRel.unitE_compat,no,thm,Paper/S6_8_FundamentalProperty/Lemmas.lean,BoCa/Fig16LogRel.lean:1203,6.154
BoCa.Fig16.LogRel.unitI_compat,BoCa.Fig16.LogRel.unitI_compat,no,thm,Paper/S6_8_FundamentalProperty/Lemmas.lean,BoCa/Fig16LogRel.lean:1192,6.153
BoCa.Fig16.LogRel.withbor1Side_unit,BoCa.Fig16.LogRel.withbor1Side_unit,no,thm,Paper/S6_8_FundamentalProperty/Lemmas.lean,BoCa/Fig16LogRel.lean:6507,6.172
BoCa.Fig16.LogRel.withbor1_compat,BoCa.Fig16.LogRel.withbor1_compat,no,thm,Paper/S6_8_FundamentalProperty/Lemmas.lean,BoCa/Fig16LogRel.lean:3660,6.172
BoCa.Fig16.LogRel.withbor2Side_unit,BoCa.Fig16.LogRel.withbor2Side_unit,no,thm,Paper/S6_8_FundamentalProperty/Lemmas.lean,BoCa/Fig16LogRel.lean:6512,6.173
BoCa.Fig16.LogRel.withbor2_compat,BoCa.Fig16.LogRel.withbor2_compat,no,thm,Paper/S6_8_FundamentalProperty/Lemmas.lean,BoCa/Fig16LogRel.lean:3363,6.173
BoCa.Fig16.LogRel.withbor3Side_unit,BoCa.Fig16.LogRel.withbor3Side_unit,no,thm,Paper/S6_8_FundamentalProperty/Lemmas.lean,BoCa/Fig16LogRel.lean:6517,6.174
BoCa.Fig16.LogRel.withbor3_compat,BoCa.Fig16.LogRel.withbor3_compat,no,thm,Paper/S6_8_FundamentalProperty/Lemmas.lean,BoCa/Fig16LogRel.lean:3770,6.174
BoCa.Fig16.LogRel.withloadSide_of_wfB,BoCa.Fig16.LogRel.withloadSide_of_wfB,no,thm,Paper/S6_8_FundamentalProperty/Lemmas.lean,BoCa/Fig16LogRel.lean:6607,6.175
BoCa.Fig16.LogRel.withloadSide_unit,BoCa.Fig16.LogRel.withloadSide_unit,no,thm,Paper/S6_8_FundamentalProperty/Lemmas.lean,BoCa/Fig16LogRel.lean:6522,6.175
BoCa.Fig16.LogRel.withload_compat,BoCa.Fig16.LogRel.withload_compat,no,thm,Paper/S6_8_FundamentalProperty/Lemmas.lean,BoCa/Fig16LogRel.lean:3909,6.175
BoCa.Fig16.LogRel.withload_hesc_unit,BoCa.Fig16.LogRel.withload_hesc_unit,no,thm,Paper/S6_8_FundamentalProperty/Lemmas.lean,BoCa/Fig16LogRel.lean:4064,6.175
BoCa.Fig16.LogRel.withswap_compat,BoCa.Fig16.LogRel.withswap_compat,no,thm,Paper/S6_8_FundamentalProperty/Lemmas.lean,BoCa/Fig16LogRel.lean:3053,6.176
BoCa.Lifetime.LifeCtx.sat_of_ok,BoCa.Lifetime.LifeCtx.sat_of_ok,no,thm,Paper/S6_8_FundamentalProperty/Lemmas.lean,BoCa/Life.lean:610,6.151
TR.lemma_6_151,BoCa.Fig16.LogRel.Typed.fundamentalProperty,no,thm,Paper/S6_8_FundamentalProperty/Lemmas.lean,BoCa/TypedFundamental.lean:1322,6.151
TR.lemma_6_152,BoCa.Fig16.LogRel.id_compat,no,thm,Paper/S6_8_FundamentalProperty/Lemmas.lean,BoCa/Fig16LogRel.lean:1178,6.152
TR.lemma_6_153,BoCa.Fig16.LogRel.unitI_compat,no,thm,Paper/S6_8_FundamentalProperty/Lemmas.lean,BoCa/Fig16LogRel.lean:1192,6.153
TR.lemma_6_154,BoCa.Fig16.LogRel.unitE_compat,no,thm,Paper/S6_8_FundamentalProperty/Lemmas.lean,BoCa/Fig16LogRel.lean:1203,6.154
TR.lemma_6_155,BoCa.Fig16.LogRel.tensorI_compat,no,thm,Paper/S6_8_FundamentalProperty/Lemmas.lean,BoCa/Fig16LogRel.lean:1224,6.155
TR.lemma_6_156,BoCa.Fig16.LogRel.tensorE_compat,no,thm,Paper/S6_8_FundamentalProperty/Lemmas.lean,BoCa/Fig16LogRel.lean:1250,6.156
TR.lemma_6_157_1,BoCa.Fig16.LogRel.sumI₁_compat,no,thm,Paper/S6_8_FundamentalProperty/Lemmas.lean,BoCa/Fig16LogRel.lean:1286,6.157
TR.lemma_6_157_2,BoCa.Fig16.LogRel.sumI₂_compat,no,thm,Paper/S6_8_FundamentalProperty/Lemmas.lean,BoCa/Fig16LogRel.lean:1303,6.157
TR.lemma_6_158,BoCa.Fig16.LogRel.sumE_compat,no,thm,Paper/S6_8_FundamentalProperty/Lemmas.lean,BoCa/Fig16LogRel.lean:1312,6.158
TR.lemma_6_159,BoCa.Fig16.LogRel.lolliI_compat,no,thm,Paper/S6_8_FundamentalProperty/Lemmas.lean,BoCa/Fig16LogRel.lean:1350,6.159
TR.lemma_6_160,BoCa.Fig16.LogRel.lolliE_compat,no,thm,Paper/S6_8_FundamentalProperty/Lemmas.lean,BoCa/Fig16LogRel.lean:1374,6.160
TR.lemma_6_161,BoCa.Fig16.LogRel.allI_compat,no,thm,Paper/S6_8_FundamentalProperty/Lemmas.lean,BoCa/Fig16LogRel.lean:2398,6.161
TR.lemma_6_162,BoCa.Fig16.LogRel.allE_compat,no,thm,Paper/S6_8_FundamentalProperty/Lemmas.lean,BoCa/Fig16LogRel.lean:2309,6.162
TR.lemma_6_163,BoCa.Fig16.LogRel.boxI_compat,no,thm,Paper/S6_8_FundamentalProperty/Lemmas.lean,BoCa/Fig16LogRel.lean:5398,6.163
TR.lemma_6_164,BoCa.Fig16.LogRel.boxE_compat,no,thm,Paper/S6_8_FundamentalProperty/Lemmas.lean,BoCa/Fig16LogRel.lean:1402,6.164
TR.lemma_6_165,BoCa.Fig16.LogRel.alloc_compat,no,thm,Paper/S6_8_FundamentalProperty/Lemmas.lean,BoCa/Fig16LogRel.lean:2860,6.165
TR.lemma_6_166,BoCa.Fig16.LogRel.free_compat,no,thm,Paper/S6_8_FundamentalProperty/Lemmas.lean,BoCa/Fig16LogRel.lean:1418,6.166
TR.lemma_6_167,BoCa.Fig16.LogRel.immSub_compat,no,thm,Paper/S6_8_FundamentalProperty/Lemmas.lean,BoCa/Fig16LogRel.lean:1434,6.167
TR.lemma_6_168,BoCa.Fig16.LogRel.mutSub_compat,no,thm,Paper/S6_8_FundamentalProperty/Lemmas.lean,BoCa/Fig16LogRel.lean:1455,6.168
TR.lemma_6_169,BoCa.Fig16.LogRel.swap_compat,no,thm,Paper/S6_8_FundamentalProperty/Lemmas.lean,BoCa/Fig16LogRel.lean:1482,6.169
TR.lemma_6_170,BoCa.Fig16.LogRel.copy_compat,no,thm,Paper/S6_8_FundamentalProperty/Lemmas.lean,BoCa/Fig16LogRel.lean:1562,6.170
TR.lemma_6_171_1,BoCa.Fig16.LogRel.forgetImm_compat,no,thm,Paper/S6_8_FundamentalProperty/Lemmas.lean,BoCa/Fig16LogRel.lean:1591,6.171
TR.lemma_6_171_2,BoCa.Fig16.LogRel.forgetMut_compat,no,thm,Paper/S6_8_FundamentalProperty/Lemmas.lean,BoCa/Fig16LogRel.lean:1617,6.171
TR.lemma_6_171_3,BoCa.Fig16.LogRel.forgetUnk_compat,no,thm,Paper/S6_8_FundamentalProperty/Lemmas.lean,BoCa/Fig16LogRel.lean:1643,6.171
TR.lemma_6_172,BoCa.Fig16.LogRel.withbor1_compat,no,thm,Paper/S6_8_FundamentalProperty/Lemmas.lean,BoCa/Fig16LogRel.lean:3660,6.172
TR.lemma_6_173,BoCa.Fig16.LogRel.withbor2_compat,no,thm,Paper/S6_8_FundamentalProperty/Lemmas.lean,BoCa/Fig16LogRel.lean:3363,6.173
TR.lemma_6_174,BoCa.Fig16.LogRel.withbor3_compat,no,thm,Paper/S6_8_FundamentalProperty/Lemmas.lean,BoCa/Fig16LogRel.lean:3770,6.174
TR.lemma_6_175,BoCa.Fig16.LogRel.withload_compat,no,thm,Paper/S6_8_FundamentalProperty/Lemmas.lean,BoCa/Fig16LogRel.lean:3909,6.175
TR.lemma_6_176,BoCa.Fig16.LogRel.withswap_compat,no,thm,Paper/S6_8_FundamentalProperty/Lemmas.lean,BoCa/Fig16LogRel.lean:3053,6.176
TR.«1E-compat»,BoCa.Fig16.LogRel.unitE_compat,no,thm,Paper/S6_8_FundamentalProperty/Lemmas.lean,BoCa/Fig16LogRel.lean:1203,6.154
TR.«1I-compat»,BoCa.Fig16.LogRel.unitI_compat,no,thm,Paper/S6_8_FundamentalProperty/Lemmas.lean,BoCa/Fig16LogRel.lean:1192,6.153
TR.«Fundamental Property»,BoCa.Fig16.LogRel.Typed.fundamentalProperty,no,thm,Paper/S6_8_FundamentalProperty/Lemmas.lean,BoCa/TypedFundamental.lean:1322,6.151
TR.«[]E-compat»,BoCa.Fig16.LogRel.boxE_compat,no,thm,Paper/S6_8_FundamentalProperty/Lemmas.lean,BoCa/Fig16LogRel.lean:1402,6.164
TR.«[]I-compat»,BoCa.Fig16.LogRel.boxI_compat,no,thm,Paper/S6_8_FundamentalProperty/Lemmas.lean,BoCa/Fig16LogRel.lean:5398,6.163
TR.«alloc-compat»,BoCa.Fig16.LogRel.alloc_compat,no,thm,Paper/S6_8_FundamentalProperty/Lemmas.lean,BoCa/Fig16LogRel.lean:2860,6.165
TR.«copy-compat»,BoCa.Fig16.LogRel.copy_compat,no,thm,Paper/S6_8_FundamentalProperty/Lemmas.lean,BoCa/Fig16LogRel.lean:1562,6.170
TR.«forget-compat₁»,BoCa.Fig16.LogRel.forgetImm_compat,no,thm,Paper/S6_8_FundamentalProperty/Lemmas.lean,BoCa/Fig16LogRel.lean:1591,6.171
TR.«forget-compat₂»,BoCa.Fig16.LogRel.forgetMut_compat,no,thm,Paper/S6_8_FundamentalProperty/Lemmas.lean,BoCa/Fig16LogRel.lean:1617,6.171
TR.«forget-compat₃»,BoCa.Fig16.LogRel.forgetUnk_compat,no,thm,Paper/S6_8_FundamentalProperty/Lemmas.lean,BoCa/Fig16LogRel.lean:1643,6.171
TR.«free-compat»,BoCa.Fig16.LogRel.free_compat,no,thm,Paper/S6_8_FundamentalProperty/Lemmas.lean,BoCa/Fig16LogRel.lean:1418,6.166
TR.«id-compat»,BoCa.Fig16.LogRel.id_compat,no,thm,Paper/S6_8_FundamentalProperty/Lemmas.lean,BoCa/Fig16LogRel.lean:1178,6.152
TR.«swap-compat»,BoCa.Fig16.LogRel.swap_compat,no,thm,Paper/S6_8_FundamentalProperty/Lemmas.lean,BoCa/Fig16LogRel.lean:1482,6.169
TR.«withbor-compat1»,BoCa.Fig16.LogRel.withbor1_compat,no,thm,Paper/S6_8_FundamentalProperty/Lemmas.lean,BoCa/Fig16LogRel.lean:3660,6.172
TR.«withbor-compat2»,BoCa.Fig16.LogRel.withbor2_compat,no,thm,Paper/S6_8_FundamentalProperty/Lemmas.lean,BoCa/Fig16LogRel.lean:3363,6.173
TR.«withbor-compat3»,BoCa.Fig16.LogRel.withbor3_compat,no,thm,Paper/S6_8_FundamentalProperty/Lemmas.lean,BoCa/Fig16LogRel.lean:3770,6.174
TR.«withload-compat»,BoCa.Fig16.LogRel.withload_compat,no,thm,Paper/S6_8_FundamentalProperty/Lemmas.lean,BoCa/Fig16LogRel.lean:3909,6.175
TR.«withswap-compat»,BoCa.Fig16.LogRel.withswap_compat,no,thm,Paper/S6_8_FundamentalProperty/Lemmas.lean,BoCa/Fig16LogRel.lean:3053,6.176
TR.«∀E-compat»,BoCa.Fig16.LogRel.allE_compat,no,thm,Paper/S6_8_FundamentalProperty/Lemmas.lean,BoCa/Fig16LogRel.lean:2309,6.162
TR.«∀I-compat»,BoCa.Fig16.LogRel.allI_compat,no,thm,Paper/S6_8_FundamentalProperty/Lemmas.lean,BoCa/Fig16LogRel.lean:2398,6.161
TR.«⊑imm-compat»,BoCa.Fig16.LogRel.immSub_compat,no,thm,Paper/S6_8_FundamentalProperty/Lemmas.lean,BoCa/Fig16LogRel.lean:1434,6.167
TR.«⊑mut-compat»,BoCa.Fig16.LogRel.mutSub_compat,no,thm,Paper/S6_8_FundamentalProperty/Lemmas.lean,BoCa/Fig16LogRel.lean:1455,6.168
TR.«⊕E-compat»,BoCa.Fig16.LogRel.sumE_compat,no,thm,Paper/S6_8_FundamentalProperty/Lemmas.lean,BoCa/Fig16LogRel.lean:1312,6.158
TR.«⊕I-compat₁»,BoCa.Fig16.LogRel.sumI₁_compat,no,thm,Paper/S6_8_FundamentalProperty/Lemmas.lean,BoCa/Fig16LogRel.lean:1286,6.157
TR.«⊕I-compat₂»,BoCa.Fig16.LogRel.sumI₂_compat,no,thm,Paper/S6_8_FundamentalProperty/Lemmas.lean,BoCa/Fig16LogRel.lean:1303,6.157
TR.«⊗E-compat»,BoCa.Fig16.LogRel.tensorE_compat,no,thm,Paper/S6_8_FundamentalProperty/Lemmas.lean,BoCa/Fig16LogRel.lean:1250,6.156
TR.«⊗I-compat»,BoCa.Fig16.LogRel.tensorI_compat,no,thm,Paper/S6_8_FundamentalProperty/Lemmas.lean,BoCa/Fig16LogRel.lean:1224,6.155
TR.«⊸E-compat»,BoCa.Fig16.LogRel.lolliE_compat,no,thm,Paper/S6_8_FundamentalProperty/Lemmas.lean,BoCa/Fig16LogRel.lean:1374,6.160
TR.«⊸I-compat»,BoCa.Fig16.LogRel.lolliI_compat,no,thm,Paper/S6_8_FundamentalProperty/Lemmas.lean,BoCa/Fig16LogRel.lean:1350,6.159
BoCa.Mem,BoCa.Mem,no,induct,Support/Dynamics/Interpreter.lean,BoCa/Syntax.lean:272,3.10
BoCa.Mem.alloc,BoCa.Mem.alloc,no,def,Support/Dynamics/Interpreter.lean,BoCa/Syntax.lean:282,
BoCa.Mem.cells,BoCa.Mem.cells,no,def,Support/Dynamics/Interpreter.lean,BoCa/Syntax.lean:273,3.10
BoCa.Mem.empty,BoCa.Mem.empty,no,def,Support/Dynamics/Interpreter.lean,BoCa/Syntax.lean:277,
BoCa.Mem.free,BoCa.Mem.free,no,def,Support/Dynamics/Interpreter.lean,BoCa/Syntax.lean:285,
BoCa.Mem.get?,BoCa.Mem.get?,no,def,Support/Dynamics/Interpreter.lean,BoCa/Syntax.lean:279,
BoCa.Mem.leaked,BoCa.Mem.leaked,no,def,Support/Dynamics/Interpreter.lean,BoCa/Syntax.lean:291,
BoCa.Mem.mk,BoCa.Mem.mk,no,ctor,Support/Dynamics/Interpreter.lean,BoCa/Syntax.lean:272,3.10
BoCa.Mem.next,BoCa.Mem.next,no,def,Support/Dynamics/Interpreter.lean,BoCa/Syntax.lean:274,3.10
BoCa.Mem.set,BoCa.Mem.set,no,def,Support/Dynamics/Interpreter.lean,BoCa/Syntax.lean:288,
BoCa.Outcome,BoCa.Outcome,no,induct,Support/Dynamics/Interpreter.lean,BoCa/Syntax.lean:430,
BoCa.Outcome.stuck,BoCa.Outcome.stuck,no,ctor,Support/Dynamics/Interpreter.lean,BoCa/Syntax.lean:433,
BoCa.Outcome.stuck.elim,BoCa.Outcome.stuck.elim,no,def,Support/Dynamics/Interpreter.lean,BoCa/Syntax.lean:433,
BoCa.Outcome.timeout,BoCa.Outcome.timeout,no,ctor,Support/Dynamics/Interpreter.lean,BoCa/Syntax.lean:434,
BoCa.Outcome.timeout.elim,BoCa.Outcome.timeout.elim,no,def,Support/Dynamics/Interpreter.lean,BoCa/Syntax.lean:434,
BoCa.Outcome.value,BoCa.Outcome.value,no,ctor,Support/Dynamics/Interpreter.lean,BoCa/Syntax.lean:432,
BoCa.Outcome.value.elim,BoCa.Outcome.value.elim,no,def,Support/Dynamics/Interpreter.lean,BoCa/Syntax.lean:432,
BoCa.Step,BoCa.Step,no,induct,Support/Dynamics/Interpreter.lean,BoCa/Syntax.lean:310,
BoCa.Step.next,BoCa.Step.next,no,ctor,Support/Dynamics/Interpreter.lean,BoCa/Syntax.lean:311,
BoCa.Step.next.elim,BoCa.Step.next.elim,no,def,Support/Dynamics/Interpreter.lean,BoCa/Syntax.lean:311,
BoCa.Step.stuck,BoCa.Step.stuck,no,ctor,Support/Dynamics/Interpreter.lean,BoCa/Syntax.lean:313,
BoCa.Step.stuck.elim,BoCa.Step.stuck.elim,no,def,Support/Dynamics/Interpreter.lean,BoCa/Syntax.lean:313,
BoCa.Step.value,BoCa.Step.value,no,ctor,Support/Dynamics/Interpreter.lean,BoCa/Syntax.lean:312,
BoCa.Step.value.elim,BoCa.Step.value.elim,no,def,Support/Dynamics/Interpreter.lean,BoCa/Syntax.lean:312,
BoCa.Stuck,BoCa.Stuck,no,induct,Support/Dynamics/Interpreter.lean,BoCa/Syntax.lean:296,
BoCa.Stuck.badPrimArg,BoCa.Stuck.badPrimArg,no,ctor,Support/Dynamics/Interpreter.lean,BoCa/Syntax.lean:298,
BoCa.Stuck.badPrimArg.elim,BoCa.Stuck.badPrimArg.elim,no,def,Support/Dynamics/Interpreter.lean,BoCa/Syntax.lean:298,
BoCa.Stuck.notAFunction,BoCa.Stuck.notAFunction,no,ctor,Support/Dynamics/Interpreter.lean,BoCa/Syntax.lean:297,
BoCa.Stuck.notAFunction.elim,BoCa.Stuck.notAFunction.elim,no,def,Support/Dynamics/Interpreter.lean,BoCa/Syntax.lean:297,
BoCa.Stuck.notAPair,BoCa.Stuck.notAPair,no,ctor,Support/Dynamics/Interpreter.lean,BoCa/Syntax.lean:297,
BoCa.Stuck.notAPair.elim,BoCa.Stuck.notAPair.elim,no,def,Support/Dynamics/Interpreter.lean,BoCa/Syntax.lean:297,
BoCa.Stuck.notASum,BoCa.Stuck.notASum,no,ctor,Support/Dynamics/Interpreter.lean,BoCa/Syntax.lean:297,
BoCa.Stuck.notASum.elim,BoCa.Stuck.notASum.elim,no,def,Support/Dynamics/Interpreter.lean,BoCa/Syntax.lean:297,
BoCa.Stuck.notAUnit,BoCa.Stuck.notAUnit,no,ctor,Support/Dynamics/Interpreter.lean,BoCa/Syntax.lean:297,
BoCa.Stuck.notAUnit.elim,BoCa.Stuck.notAUnit.elim,no,def,Support/Dynamics/Interpreter.lean,BoCa/Syntax.lean:297,
BoCa.Stuck.ofNat,BoCa.Stuck.ofNat,no,def,Support/Dynamics/Interpreter.lean,BoCa/Syntax.lean:296,
BoCa.Stuck.ofNat_ctorIdx,BoCa.Stuck.ofNat_ctorIdx,no,thm,Support/Dynamics/Interpreter.lean,BoCa/Syntax.lean:296,
BoCa.Stuck.toCtorIdx,BoCa.Stuck.toCtorIdx,no,def,Support/Dynamics/Interpreter.lean,BoCa/Syntax.lean:296,
BoCa.Stuck.unboundVar,BoCa.Stuck.unboundVar,no,ctor,Support/Dynamics/Interpreter.lean,BoCa/Syntax.lean:297,
BoCa.Stuck.unboundVar.elim,BoCa.Stuck.unboundVar.elim,no,def,Support/Dynamics/Interpreter.lean,BoCa/Syntax.lean:297,
BoCa.Stuck.useAfterFree,BoCa.Stuck.useAfterFree,no,ctor,Support/Dynamics/Interpreter.lean,BoCa/Syntax.lean:298,
BoCa.Stuck.useAfterFree.elim,BoCa.Stuck.useAfterFree.elim,no,def,Support/Dynamics/Interpreter.lean,BoCa/Syntax.lean:298,
BoCa.delta,BoCa.delta,no,def,Support/Dynamics/Interpreter.lean,BoCa/Syntax.lean:315,3.37
BoCa.eval,BoCa.eval,no,def,Support/Dynamics/Interpreter.lean,BoCa/Syntax.lean:445,3.37
BoCa.instDecidableEqStuck,BoCa.instDecidableEqStuck,no,def,Support/Dynamics/Interpreter.lean,BoCa/Syntax.lean:299,
BoCa.instReprMem,BoCa.instReprMem,no,def,Support/Dynamics/Interpreter.lean,BoCa/Syntax.lean:275,3.10
BoCa.instReprMem.repr,BoCa.instReprMem.repr,no,def,Support/Dynamics/Interpreter.lean,BoCa/Syntax.lean:275,3.10
BoCa.instReprOutcome,BoCa.instReprOutcome,no,def,Support/Dynamics/Interpreter.lean,BoCa/Syntax.lean:435,
BoCa.instReprOutcome.repr,BoCa.instReprOutcome.repr,no,def,Support/Dynamics/Interpreter.lean,BoCa/Syntax.lean:435,
BoCa.instReprStuck,BoCa.instReprStuck,no,def,Support/Dynamics/Interpreter.lean,BoCa/Syntax.lean:299,
BoCa.instReprStuck.repr,BoCa.instReprStuck.repr,no,def,Support/Dynamics/Interpreter.lean,BoCa/Syntax.lean:299,
BoCa.run,BoCa.run,no,def,Support/Dynamics/Interpreter.lean,BoCa/Syntax.lean:437,3.37
BoCa.step,BoCa.step,no,def,Support/Dynamics/Interpreter.lean,BoCa/Syntax.lean:340,3.37
BoCa.BoLo.Head.not_isVal,BoCa.BoLo.Head.not_isVal,no,thm,Support/Dynamics/Machine.lean,BoCa/Wp.lean:346,
BoCa.BoLo.Kont.comp,BoCa.BoLo.Kont.comp,no,def,Support/Dynamics/Machine.lean,BoCa/Wp.lean:238,3.34
BoCa.BoLo.Kont.isVal_of_plug,BoCa.BoLo.Kont.isVal_of_plug,no,thm,Support/Dynamics/Machine.lean,BoCa/Wp.lean:329,
BoCa.BoLo.Kont.plug_comp,BoCa.BoLo.Kont.plug_comp,no,thm,Support/Dynamics/Machine.lean,BoCa/Wp.lean:253,
BoCa.BoLo.Step1.head,BoCa.BoLo.Step1.head,no,thm,Support/Dynamics/Machine.lean,BoCa/Wp.lean:311,
BoCa.BoLo.Step1.plug,BoCa.BoLo.Step1.plug,no,thm,Support/Dynamics/Machine.lean,BoCa/Wp.lean:323,
BoCa.BoLo.Steps,BoCa.BoLo.Steps,no,induct,Support/Dynamics/Machine.lean,BoCa/Wp.lean:305,3.35
BoCa.BoLo.Steps.below.more,BoCa.BoLo.Steps.below.more,no,ctor,Support/Dynamics/Machine.lean,BoCa/Wp.lean:305,3.35
BoCa.BoLo.Steps.below.refl,BoCa.BoLo.Steps.below.refl,no,ctor,Support/Dynamics/Machine.lean,BoCa/Wp.lean:305,3.35
BoCa.BoLo.Steps.more,BoCa.BoLo.Steps.more,no,ctor,Support/Dynamics/Machine.lean,BoCa/Wp.lean:308,3.35
BoCa.BoLo.Steps.one,BoCa.BoLo.Steps.one,no,thm,Support/Dynamics/Machine.lean,BoCa/Wp.lean:314,
BoCa.BoLo.Steps.plug,BoCa.BoLo.Steps.plug,no,thm,Support/Dynamics/Machine.lean,BoCa/Wp.lean:357,
BoCa.BoLo.Steps.refl,BoCa.BoLo.Steps.refl,no,ctor,Support/Dynamics/Machine.lean,BoCa/Wp.lean:307,3.35
BoCa.BoLo.Steps.trans,BoCa.BoLo.Steps.trans,no,thm,Support/Dynamics/Machine.lean,BoCa/Wp.lean:317,
BoCa.BoLo.eLoad,BoCa.BoLo.eLoad,no,def,Support/Dynamics/Machine.lean,BoCa/Wp.lean:1315,
BoCa.BoLo.eStore,BoCa.BoLo.eStore,no,def,Support/Dynamics/Machine.lean,BoCa/Wp.lean:1317,
BoCa.BoLo.no_step_val,BoCa.BoLo.no_step_val,no,thm,Support/Dynamics/Machine.lean,BoCa/Wp.lean:351,
BoCa.BoLo.steps_val_inv,BoCa.BoLo.steps_val_inv,no,thm,Support/Dynamics/Machine.lean,BoCa/Wp.lean:614,
BoCa.TR3.Head.toWp,BoCa.TR3.Head.toWp,no,thm,Support/Dynamics/Machine.lean,BoCa/TR3.lean:794,
BoCa.TR3.Kont.comp,BoCa.TR3.Kont.comp,no,def,Support/Dynamics/Machine.lean,BoCa/TR3.lean:207,3.34
BoCa.TR3.Kont.plug_comp,BoCa.TR3.Kont.plug_comp,no,thm,Support/Dynamics/Machine.lean,BoCa/TR3.lean:219,
BoCa.TR3.Kont.plug_toWp,BoCa.TR3.Kont.plug_toWp,no,thm,Support/Dynamics/Machine.lean,BoCa/TR3.lean:784,
BoCa.TR3.Kont.toWp,BoCa.TR3.Kont.toWp,no,def,Support/Dynamics/Machine.lean,BoCa/TR3.lean:774,
BoCa.TR3.Step1.head,BoCa.TR3.Step1.head,no,thm,Support/Dynamics/Machine.lean,BoCa/TR3.lean:302,
BoCa.TR3.Step1.plug,BoCa.TR3.Step1.plug,no,thm,Support/Dynamics/Machine.lean,BoCa/TR3.lean:314,
BoCa.TR3.Step1.toWp,BoCa.TR3.Step1.toWp,no,thm,Support/Dynamics/Machine.lean,BoCa/TR3.lean:809,
BoCa.TR3.Steps,BoCa.TR3.Steps,no,induct,Support/Dynamics/Machine.lean,BoCa/TR3.lean:296,3.35
BoCa.TR3.Steps.below.more,BoCa.TR3.Steps.below.more,no,ctor,Support/Dynamics/Machine.lean,BoCa/TR3.lean:296,3.35
BoCa.TR3.Steps.below.refl,BoCa.TR3.Steps.below.refl,no,ctor,Support/Dynamics/Machine.lean,BoCa/TR3.lean:296,3.35
BoCa.TR3.Steps.more,BoCa.TR3.Steps.more,no,ctor,Support/Dynamics/Machine.lean,BoCa/TR3.lean:299,3.35
BoCa.TR3.Steps.one,BoCa.TR3.Steps.one,no,thm,Support/Dynamics/Machine.lean,BoCa/TR3.lean:305,
BoCa.TR3.Steps.plug,BoCa.TR3.Steps.plug,no,thm,Support/Dynamics/Machine.lean,BoCa/TR3.lean:320,
BoCa.TR3.Steps.refl,BoCa.TR3.Steps.refl,no,ctor,Support/Dynamics/Machine.lean,BoCa/TR3.lean:298,3.35
BoCa.TR3.Steps.stuck,BoCa.TR3.Steps.stuck,no,thm,Support/Dynamics/Machine.lean,BoCa/TR3.lean:339,
BoCa.TR3.Steps.toWp,BoCa.TR3.Steps.toWp,no,thm,Support/Dynamics/Machine.lean,BoCa/TR3.lean:815,
BoCa.TR3.Steps.trans,BoCa.TR3.Steps.trans,no,thm,Support/Dynamics/Machine.lean,BoCa/TR3.lean:308,
BoCa.TR3.derives_wAlloc,BoCa.TR3.derives_wAlloc,no,thm,Support/Dynamics/Machine.lean,BoCa/TR3.lean:661,
BoCa.TR3.derives_wFreeAlloc,BoCa.TR3.derives_wFreeAlloc,no,thm,Support/Dynamics/Machine.lean,BoCa/TR3.lean:666,
BoCa.TR3.no_step_inj₁,BoCa.TR3.no_step_inj₁,no,thm,Support/Dynamics/Machine.lean,BoCa/TR3.lean:394,
BoCa.TR3.no_step_seq,BoCa.TR3.no_step_seq,no,thm,Support/Dynamics/Machine.lean,BoCa/TR3.lean:542,
BoCa.TR3.step_seq_inv,BoCa.TR3.step_seq_inv,no,thm,Support/Dynamics/Machine.lean,BoCa/TR3.lean:523,
BoCa.TR3.steps_alloc,BoCa.TR3.steps_alloc,no,thm,Support/Dynamics/Machine.lean,BoCa/TR3.lean:593,
BoCa.TR3.steps_seq_ne_val,BoCa.TR3.steps_seq_ne_val,no,thm,Support/Dynamics/Machine.lean,BoCa/TR3.lean:570,
BoCa.TR3.steps_store,BoCa.TR3.steps_store,no,thm,Support/Dynamics/Machine.lean,BoCa/TR3.lean:599,
BoCa.TR3.wAlloc,BoCa.TR3.wAlloc,no,def,Support/Dynamics/Machine.lean,BoCa/TR3.lean:648,
BoCa.TR3.wFreeAlloc,BoCa.TR3.wFreeAlloc,no,def,Support/Dynamics/Machine.lean,BoCa/TR3.lean:651,
BoCa.TR3.wInj,BoCa.TR3.wInj,no,def,Support/Dynamics/Machine.lean,BoCa/TR3.lean:654,
BoCa.TR3.wSeq,BoCa.TR3.wSeq,no,def,Support/Dynamics/Machine.lean,BoCa/TR3.lean:658,
BoCa.TR3.WProp,BoCa.TR3.WProp,no,def,Support/Dynamics/PrintedWp.lean,BoCa/TR3.lean:851,
BoCa.TR3.WRes,BoCa.TR3.WRes,no,def,Support/Dynamics/PrintedWp.lean,BoCa/TR3.lean:848,
BoCa.TR3.wandAll,BoCa.TR3.wandAll,no,def,Support/Dynamics/PrintedWp.lean,BoCa/TR3.lean:1190,
BoCa.TR3.wp,BoCa.TR3.wp,no,def,Support/Dynamics/PrintedWp.lean,BoCa/TR3.lean:854,
BoCa.Lifetime.LSub.extend,BoCa.Lifetime.LSub.extend,no,def,Support/Lifetimes/Interpretation.lean,BoCa/Life.lean:238,
BoCa.Lifetime.LSubst,BoCa.Lifetime.LSubst,no,def,Support/Lifetimes/Substitution.lean,BoCa/Ty.lean:64,1.43
BoCa.Lifetime.Life.applySub,BoCa.Lifetime.Life.applySub,no,def,Support/Lifetimes/Substitution.lean,BoCa/Ty.lean:67,1.43
BoCa.Lifetime.Life.mentions,BoCa.Lifetime.Life.mentions,no,def,Support/Lifetimes/Substitution.lean,BoCa/Ty.lean:49,1.43
BoCa.Lifetime.Life.varBound,BoCa.Lifetime.Life.varBound,no,def,Support/Lifetimes/Substitution.lean,BoCa/Ty.lean:56,1.43
BoCa.Ty.applyLSub,BoCa.Ty.applyLSub,no,def,Support/Lifetimes/Substitution.lean,BoCa/Ty.lean:252,1.43
BoCa.Ty.instLife,BoCa.Ty.instLife,no,def,Support/Lifetimes/Substitution.lean,BoCa/Ty.lean:272,1.43
BoCa.Ty.lifeBound,BoCa.Ty.lifeBound,no,def,Support/Lifetimes/Substitution.lean,BoCa/Ty.lean:219,1.43
BoCa.lsubCaptures,BoCa.lsubCaptures,no,def,Support/Lifetimes/Substitution.lean,BoCa/Ty.lean:239,
BoCa.lsubDrop,BoCa.lsubDrop,no,def,Support/Lifetimes/Substitution.lean,BoCa/Ty.lean:244,
BoCa.lsubRangeBound,BoCa.lsubRangeBound,no,def,Support/Lifetimes/Substitution.lean,BoCa/Ty.lean:248,
BoCa.Lifetime.Life.depth,BoCa.Lifetime.Life.depth,no,def,Support/Lifetimes/Terms.lean,BoCa/Life.lean:62,1.43
BoCa.Lifetime.Life.pp,BoCa.Lifetime.Life.pp,no,def,Support/Lifetimes/Terms.lean,BoCa/Life.lean:72,1.43
BoCa.Lifetime.Life.wf,BoCa.Lifetime.Life.wf,no,def,Support/Lifetimes/Terms.lean,BoCa/Life.lean:322,
BoCa.Lifetime.LifeCtx.dom,BoCa.Lifetime.LifeCtx.dom,no,def,Support/Lifetimes/Terms.lean,BoCa/Life.lean:310,1.43
BoCa.Lifetime.LifeCtx.extend,BoCa.Lifetime.LifeCtx.extend,no,def,Support/Lifetimes/Terms.lean,BoCa/Life.lean:305,
BoCa.Lifetime.LifeCtx.find?,BoCa.Lifetime.LifeCtx.find?,no,def,Support/Lifetimes/Terms.lean,BoCa/Life.lean:303,
BoCa.Lifetime.LifeCtx.pp,BoCa.Lifetime.LifeCtx.pp,no,def,Support/Lifetimes/Terms.lean,BoCa/Life.lean:312,1.43
BoCa.Lifetime.SLife.Le,BoCa.Lifetime.SLife.Le,no,def,Support/Lifetimes/Terms.lean,BoCa/Life.lean:135,
BoCa.Lifetime.SLife.Lt,BoCa.Lifetime.SLife.Lt,no,def,Support/Lifetimes/Terms.lean,BoCa/Life.lean:131,
BoCa.Lifetime.SLife.join,BoCa.Lifetime.SLife.join,no,def,Support/Lifetimes/Terms.lean,BoCa/Life.lean:125,
BoCa.Lifetime.SLife.meet,BoCa.Lifetime.SLife.meet,no,def,Support/Lifetimes/Terms.lean,BoCa/Life.lean:128,
BoCa.Lifetime.SLife.top,BoCa.Lifetime.SLife.top,no,def,Support/Lifetimes/Terms.lean,BoCa/Life.lean:122,
BoCa.Lifetime.assocFind,BoCa.Lifetime.assocFind,no,def,Support/Lifetimes/Terms.lean,BoCa/Life.lean:225,1.43
BoCa.Lifetime.freshOfL,BoCa.Lifetime.freshOfL,no,def,Support/Lifetimes/Terms.lean,BoCa/Life.lean:898,
BoCa.Lifetime.okB,BoCa.Lifetime.okB,no,def,Support/Lifetimes/Terms.lean,BoCa/Life.lean:401,
BoCa.Lifetime.varName,BoCa.Lifetime.varName,no,def,Support/Lifetimes/Terms.lean,BoCa/Life.lean:69,1.43
BoCa.Adequacy.emptyMem,BoCa.Adequacy.emptyMem,no,def,Support/LogicalRelation/Adequacy.lean,BoCa/Adequacy.lean:67,
BoCa.Adequacy.gDen_empty,BoCa.Adequacy.gDen_empty,no,thm,Support/LogicalRelation/Adequacy.lean,BoCa/Adequacy.lean:286,
BoCa.Adequacy.models_empty,BoCa.Adequacy.models_empty,no,thm,Support/LogicalRelation/Adequacy.lean,BoCa/Adequacy.lean:279,
BoCa.Adequacy.psub_nil,BoCa.Adequacy.psub_nil,no,thm,Support/LogicalRelation/Adequacy.lean,BoCa/Adequacy.lean:265,
BoCa.Adequacy.vDen_unit_eq,BoCa.Adequacy.vDen_unit_eq,no,thm,Support/LogicalRelation/Adequacy.lean,BoCa/Adequacy.lean:293,
BoCa.Fig16.LogRel.Sem,BoCa.Fig16.LogRel.Sem,no,def,Support/LogicalRelation/ClosedJudgment.lean,BoCa/Fig16LogRel.lean:972,4.18
BoCa.Fig16.LogRel.LFree,BoCa.Fig16.LogRel.LFree,no,def,Support/LogicalRelation/ClosingSubstitutions.lean,BoCa/Fig16LogRel.lean:1753,
BoCa.Fig16.LogRel.MutImmGap.empty_inStratum,BoCa.Fig16.LogRel.MutImmGap.empty_inStratum,no,thm,Support/LogicalRelation/ClosingSubstitutions.lean,BoCa/Fig16LogRel.lean:655,
BoCa.Fig16.LogRel.substAll,BoCa.Fig16.LogRel.substAll,no,def,Support/LogicalRelation/ClosingSubstitutions.lean,BoCa/Fig16LogRel.lean:961,
BoCa.Fig16.LogRel.AllISide,BoCa.Fig16.LogRel.AllISide,no,def,Support/LogicalRelation/Compatibility.lean,BoCa/Fig16LogRel.lean:6154,
BoCa.Fig16.LogRel.DerivesIn,BoCa.Fig16.LogRel.DerivesIn,no,induct,Support/LogicalRelation/Compatibility.lean,BoCa/Fig16LogRel.lean:6215,
BoCa.Fig16.LogRel.DerivesIn.allE,BoCa.Fig16.LogRel.DerivesIn.allE,no,ctor,Support/LogicalRelation/Compatibility.lean,BoCa/Fig16LogRel.lean:6254,
BoCa.Fig16.LogRel.DerivesIn.allI,BoCa.Fig16.LogRel.DerivesIn.allI,no,ctor,Support/LogicalRelation/Compatibility.lean,BoCa/Fig16LogRel.lean:6250,
BoCa.Fig16.LogRel.DerivesIn.allocAx,BoCa.Fig16.LogRel.DerivesIn.allocAx,no,ctor,Support/LogicalRelation/Compatibility.lean,BoCa/Fig16LogRel.lean:6263,
BoCa.Fig16.LogRel.DerivesIn.below.allE,BoCa.Fig16.LogRel.DerivesIn.below.allE,no,ctor,Support/LogicalRelation/Compatibility.lean,BoCa/Fig16LogRel.lean:6215,
BoCa.Fig16.LogRel.DerivesIn.below.allI,BoCa.Fig16.LogRel.DerivesIn.below.allI,no,ctor,Support/LogicalRelation/Compatibility.lean,BoCa/Fig16LogRel.lean:6215,
BoCa.Fig16.LogRel.DerivesIn.below.allocAx,BoCa.Fig16.LogRel.DerivesIn.below.allocAx,no,ctor,Support/LogicalRelation/Compatibility.lean,BoCa/Fig16LogRel.lean:6215,
BoCa.Fig16.LogRel.DerivesIn.below.boxE,BoCa.Fig16.LogRel.DerivesIn.below.boxE,no,ctor,Support/LogicalRelation/Compatibility.lean,BoCa/Fig16LogRel.lean:6215,
BoCa.Fig16.LogRel.DerivesIn.below.boxIctx,BoCa.Fig16.LogRel.DerivesIn.below.boxIctx,no,ctor,Support/LogicalRelation/Compatibility.lean,BoCa/Fig16LogRel.lean:6215,
BoCa.Fig16.LogRel.DerivesIn.below.copyAx,BoCa.Fig16.LogRel.DerivesIn.below.copyAx,no,ctor,Support/LogicalRelation/Compatibility.lean,BoCa/Fig16LogRel.lean:6215,
BoCa.Fig16.LogRel.DerivesIn.below.forgetImmAx,BoCa.Fig16.LogRel.DerivesIn.below.forgetImmAx,no,ctor,Support/LogicalRelation/Compatibility.lean,BoCa/Fig16LogRel.lean:6215,
BoCa.Fig16.LogRel.DerivesIn.below.forgetMutAx,BoCa.Fig16.LogRel.DerivesIn.below.forgetMutAx,no,ctor,Support/LogicalRelation/Compatibility.lean,BoCa/Fig16LogRel.lean:6215,
BoCa.Fig16.LogRel.DerivesIn.below.forgetUnkAx,BoCa.Fig16.LogRel.DerivesIn.below.forgetUnkAx,no,ctor,Support/LogicalRelation/Compatibility.lean,BoCa/Fig16LogRel.lean:6215,
BoCa.Fig16.LogRel.DerivesIn.below.freeAx,BoCa.Fig16.LogRel.DerivesIn.below.freeAx,no,ctor,Support/LogicalRelation/Compatibility.lean,BoCa/Fig16LogRel.lean:6215,
BoCa.Fig16.LogRel.DerivesIn.below.immSub,BoCa.Fig16.LogRel.DerivesIn.below.immSub,no,ctor,Support/LogicalRelation/Compatibility.lean,BoCa/Fig16LogRel.lean:6215,
BoCa.Fig16.LogRel.DerivesIn.below.lolliE,BoCa.Fig16.LogRel.DerivesIn.below.lolliE,no,ctor,Support/LogicalRelation/Compatibility.lean,BoCa/Fig16LogRel.lean:6215,
BoCa.Fig16.LogRel.DerivesIn.below.lolliI,BoCa.Fig16.LogRel.DerivesIn.below.lolliI,no,ctor,Support/LogicalRelation/Compatibility.lean,BoCa/Fig16LogRel.lean:6215,
BoCa.Fig16.LogRel.DerivesIn.below.mutSub,BoCa.Fig16.LogRel.DerivesIn.below.mutSub,no,ctor,Support/LogicalRelation/Compatibility.lean,BoCa/Fig16LogRel.lean:6215,
BoCa.Fig16.LogRel.DerivesIn.below.sumE,BoCa.Fig16.LogRel.DerivesIn.below.sumE,no,ctor,Support/LogicalRelation/Compatibility.lean,BoCa/Fig16LogRel.lean:6215,
BoCa.Fig16.LogRel.DerivesIn.below.sumI₁,BoCa.Fig16.LogRel.DerivesIn.below.sumI₁,no,ctor,Support/LogicalRelation/Compatibility.lean,BoCa/Fig16LogRel.lean:6215,
BoCa.Fig16.LogRel.DerivesIn.below.sumI₂,BoCa.Fig16.LogRel.DerivesIn.below.sumI₂,no,ctor,Support/LogicalRelation/Compatibility.lean,BoCa/Fig16LogRel.lean:6215,
BoCa.Fig16.LogRel.DerivesIn.below.swapAx,BoCa.Fig16.LogRel.DerivesIn.below.swapAx,no,ctor,Support/LogicalRelation/Compatibility.lean,BoCa/Fig16LogRel.lean:6215,
BoCa.Fig16.LogRel.DerivesIn.below.tensorE,BoCa.Fig16.LogRel.DerivesIn.below.tensorE,no,ctor,Support/LogicalRelation/Compatibility.lean,BoCa/Fig16LogRel.lean:6215,
BoCa.Fig16.LogRel.DerivesIn.below.tensorI,BoCa.Fig16.LogRel.DerivesIn.below.tensorI,no,ctor,Support/LogicalRelation/Compatibility.lean,BoCa/Fig16LogRel.lean:6215,
BoCa.Fig16.LogRel.DerivesIn.below.unitE,BoCa.Fig16.LogRel.DerivesIn.below.unitE,no,ctor,Support/LogicalRelation/Compatibility.lean,BoCa/Fig16LogRel.lean:6215,
BoCa.Fig16.LogRel.DerivesIn.below.unitI,BoCa.Fig16.LogRel.DerivesIn.below.unitI,no,ctor,Support/LogicalRelation/Compatibility.lean,BoCa/Fig16LogRel.lean:6215,
BoCa.Fig16.LogRel.DerivesIn.below.var,BoCa.Fig16.LogRel.DerivesIn.below.var,no,ctor,Support/LogicalRelation/Compatibility.lean,BoCa/Fig16LogRel.lean:6215,
BoCa.Fig16.LogRel.DerivesIn.below.withbor1Ax,BoCa.Fig16.LogRel.DerivesIn.below.withbor1Ax,no,ctor,Support/LogicalRelation/Compatibility.lean,BoCa/Fig16LogRel.lean:6215,
BoCa.Fig16.LogRel.DerivesIn.below.withbor2Ax,BoCa.Fig16.LogRel.DerivesIn.below.withbor2Ax,no,ctor,Support/LogicalRelation/Compatibility.lean,BoCa/Fig16LogRel.lean:6215,
BoCa.Fig16.LogRel.DerivesIn.below.withbor3Ax,BoCa.Fig16.LogRel.DerivesIn.below.withbor3Ax,no,ctor,Support/LogicalRelation/Compatibility.lean,BoCa/Fig16LogRel.lean:6215,
BoCa.Fig16.LogRel.DerivesIn.below.withloadAx,BoCa.Fig16.LogRel.DerivesIn.below.withloadAx,no,ctor,Support/LogicalRelation/Compatibility.lean,BoCa/Fig16LogRel.lean:6215,
BoCa.Fig16.LogRel.DerivesIn.below.withswapAx,BoCa.Fig16.LogRel.DerivesIn.below.withswapAx,no,ctor,Support/LogicalRelation/Compatibility.lean,BoCa/Fig16LogRel.lean:6215,
BoCa.Fig16.LogRel.DerivesIn.boxE,BoCa.Fig16.LogRel.DerivesIn.boxE,no,ctor,Support/LogicalRelation/Compatibility.lean,BoCa/Fig16LogRel.lean:6258,
BoCa.Fig16.LogRel.DerivesIn.boxIctx,BoCa.Fig16.LogRel.DerivesIn.boxIctx,no,ctor,Support/LogicalRelation/Compatibility.lean,BoCa/Fig16LogRel.lean:6256,
BoCa.Fig16.LogRel.DerivesIn.copyAx,BoCa.Fig16.LogRel.DerivesIn.copyAx,no,ctor,Support/LogicalRelation/Compatibility.lean,BoCa/Fig16LogRel.lean:6268,
BoCa.Fig16.LogRel.DerivesIn.forgetImmAx,BoCa.Fig16.LogRel.DerivesIn.forgetImmAx,no,ctor,Support/LogicalRelation/Compatibility.lean,BoCa/Fig16LogRel.lean:6269,
BoCa.Fig16.LogRel.DerivesIn.forgetMutAx,BoCa.Fig16.LogRel.DerivesIn.forgetMutAx,no,ctor,Support/LogicalRelation/Compatibility.lean,BoCa/Fig16LogRel.lean:6270,
BoCa.Fig16.LogRel.DerivesIn.forgetUnkAx,BoCa.Fig16.LogRel.DerivesIn.forgetUnkAx,no,ctor,Support/LogicalRelation/Compatibility.lean,BoCa/Fig16LogRel.lean:6271,
BoCa.Fig16.LogRel.DerivesIn.freeAx,BoCa.Fig16.LogRel.DerivesIn.freeAx,no,ctor,Support/LogicalRelation/Compatibility.lean,BoCa/Fig16LogRel.lean:6265,
BoCa.Fig16.LogRel.DerivesIn.immSub,BoCa.Fig16.LogRel.DerivesIn.immSub,no,ctor,Support/LogicalRelation/Compatibility.lean,BoCa/Fig16LogRel.lean:6259,
BoCa.Fig16.LogRel.DerivesIn.lolliE,BoCa.Fig16.LogRel.DerivesIn.lolliE,no,ctor,Support/LogicalRelation/Compatibility.lean,BoCa/Fig16LogRel.lean:6247,
BoCa.Fig16.LogRel.DerivesIn.lolliI,BoCa.Fig16.LogRel.DerivesIn.lolliI,no,ctor,Support/LogicalRelation/Compatibility.lean,BoCa/Fig16LogRel.lean:6245,
BoCa.Fig16.LogRel.DerivesIn.mutSub,BoCa.Fig16.LogRel.DerivesIn.mutSub,no,ctor,Support/LogicalRelation/Compatibility.lean,BoCa/Fig16LogRel.lean:6261,
BoCa.Fig16.LogRel.DerivesIn.sumE,BoCa.Fig16.LogRel.DerivesIn.sumE,no,ctor,Support/LogicalRelation/Compatibility.lean,BoCa/Fig16LogRel.lean:6240,
BoCa.Fig16.LogRel.DerivesIn.sumI₁,BoCa.Fig16.LogRel.DerivesIn.sumI₁,no,ctor,Support/LogicalRelation/Compatibility.lean,BoCa/Fig16LogRel.lean:6236,
BoCa.Fig16.LogRel.DerivesIn.sumI₂,BoCa.Fig16.LogRel.DerivesIn.sumI₂,no,ctor,Support/LogicalRelation/Compatibility.lean,BoCa/Fig16LogRel.lean:6238,
BoCa.Fig16.LogRel.DerivesIn.swapAx,BoCa.Fig16.LogRel.DerivesIn.swapAx,no,ctor,Support/LogicalRelation/Compatibility.lean,BoCa/Fig16LogRel.lean:6267,
BoCa.Fig16.LogRel.DerivesIn.tensorE,BoCa.Fig16.LogRel.DerivesIn.tensorE,no,ctor,Support/LogicalRelation/Compatibility.lean,BoCa/Fig16LogRel.lean:6232,
BoCa.Fig16.LogRel.DerivesIn.tensorI,BoCa.Fig16.LogRel.DerivesIn.tensorI,no,ctor,Support/LogicalRelation/Compatibility.lean,BoCa/Fig16LogRel.lean:6229,
BoCa.Fig16.LogRel.DerivesIn.unitE,BoCa.Fig16.LogRel.DerivesIn.unitE,no,ctor,Support/LogicalRelation/Compatibility.lean,BoCa/Fig16LogRel.lean:6226,
BoCa.Fig16.LogRel.DerivesIn.unitI,BoCa.Fig16.LogRel.DerivesIn.unitI,no,ctor,Support/LogicalRelation/Compatibility.lean,BoCa/Fig16LogRel.lean:6225,
BoCa.Fig16.LogRel.DerivesIn.var,BoCa.Fig16.LogRel.DerivesIn.var,no,ctor,Support/LogicalRelation/Compatibility.lean,BoCa/Fig16LogRel.lean:6224,
BoCa.Fig16.LogRel.DerivesIn.withbor1Ax,BoCa.Fig16.LogRel.DerivesIn.withbor1Ax,no,ctor,Support/LogicalRelation/Compatibility.lean,BoCa/Fig16LogRel.lean:6272,
BoCa.Fig16.LogRel.DerivesIn.withbor2Ax,BoCa.Fig16.LogRel.DerivesIn.withbor2Ax,no,ctor,Support/LogicalRelation/Compatibility.lean,BoCa/Fig16LogRel.lean:6276,
BoCa.Fig16.LogRel.DerivesIn.withbor3Ax,BoCa.Fig16.LogRel.DerivesIn.withbor3Ax,no,ctor,Support/LogicalRelation/Compatibility.lean,BoCa/Fig16LogRel.lean:6280,
BoCa.Fig16.LogRel.DerivesIn.withloadAx,BoCa.Fig16.LogRel.DerivesIn.withloadAx,no,ctor,Support/LogicalRelation/Compatibility.lean,BoCa/Fig16LogRel.lean:6284,
BoCa.Fig16.LogRel.DerivesIn.withswapAx,BoCa.Fig16.LogRel.DerivesIn.withswapAx,no,ctor,Support/LogicalRelation/Compatibility.lean,BoCa/Fig16LogRel.lean:6288,
BoCa.Fig16.LogRel.EveryDerivationInRegime,BoCa.Fig16.LogRel.EveryDerivationInRegime,no,def,Support/LogicalRelation/Compatibility.lean,BoCa/Fig16LogRel.lean:6783,
BoCa.Fig16.LogRel.EveryDerivationWf,BoCa.Fig16.LogRel.EveryDerivationWf,no,def,Support/LogicalRelation/Compatibility.lean,BoCa/Fig16LogRel.lean:7042,
BoCa.Fig16.LogRel.ImmAt,BoCa.Fig16.LogRel.ImmAt,no,def,Support/LogicalRelation/Compatibility.lean,BoCa/Fig16LogRel.lean:4427,
BoCa.Fig16.LogRel.LifeMembers,BoCa.Fig16.LogRel.LifeMembers,no,def,Support/LogicalRelation/Compatibility.lean,BoCa/Fig16LogRel.lean:4164,
BoCa.Fig16.LogRel.MutGapClosed.imm_eq,BoCa.Fig16.LogRel.MutGapClosed.imm_eq,no,thm,Support/LogicalRelation/Compatibility.lean,BoCa/Fig16LogRel.lean:1700,
BoCa.Fig16.LogRel.MutGapClosed.interp_congr,BoCa.Fig16.LogRel.MutGapClosed.interp_congr,no,thm,Support/LogicalRelation/Compatibility.lean,BoCa/Fig16LogRel.lean:1694,
BoCa.Fig16.LogRel.TyAt,BoCa.Fig16.LogRel.TyAt,no,def,Support/LogicalRelation/Compatibility.lean,BoCa/Fig16LogRel.lean:5009,
BoCa.Fig16.LogRel.TyLife,BoCa.Fig16.LogRel.TyLife,no,induct,Support/LogicalRelation/Compatibility.lean,BoCa/Fig16LogRel.lean:4800,
BoCa.Fig16.LogRel.TyLife.bounded,BoCa.Fig16.LogRel.TyLife.bounded,no,ctor,Support/LogicalRelation/Compatibility.lean,BoCa/Fig16LogRel.lean:4802,
BoCa.Fig16.LogRel.TyLife.bounded.elim,BoCa.Fig16.LogRel.TyLife.bounded.elim,no,def,Support/LogicalRelation/Compatibility.lean,BoCa/Fig16LogRel.lean:4802,
BoCa.Fig16.LogRel.TyLife.combine,BoCa.Fig16.LogRel.TyLife.combine,no,def,Support/LogicalRelation/Compatibility.lean,BoCa/Fig16LogRel.lean:4809,
BoCa.Fig16.LogRel.TyLife.free,BoCa.Fig16.LogRel.TyLife.free,no,ctor,Support/LogicalRelation/Compatibility.lean,BoCa/Fig16LogRel.lean:4804,
BoCa.Fig16.LogRel.TyLife.free.elim,BoCa.Fig16.LogRel.TyLife.free.elim,no,def,Support/LogicalRelation/Compatibility.lean,BoCa/Fig16LogRel.lean:4804,
BoCa.Fig16.LogRel.TyLife.unreached,BoCa.Fig16.LogRel.TyLife.unreached,no,ctor,Support/LogicalRelation/Compatibility.lean,BoCa/Fig16LogRel.lean:4806,
BoCa.Fig16.LogRel.TyLife.unreached.elim,BoCa.Fig16.LogRel.TyLife.unreached.elim,no,def,Support/LogicalRelation/Compatibility.lean,BoCa/Fig16LogRel.lean:4806,
BoCa.Fig16.LogRel.Withbor1Side,BoCa.Fig16.LogRel.Withbor1Side,no,def,Support/LogicalRelation/Compatibility.lean,BoCa/Fig16LogRel.lean:6167,
BoCa.Fig16.LogRel.Withbor2Side,BoCa.Fig16.LogRel.Withbor2Side,no,def,Support/LogicalRelation/Compatibility.lean,BoCa/Fig16LogRel.lean:6178,
BoCa.Fig16.LogRel.Withbor3Side,BoCa.Fig16.LogRel.Withbor3Side,no,def,Support/LogicalRelation/Compatibility.lean,BoCa/Fig16LogRel.lean:6188,
BoCa.Fig16.LogRel.WithloadSide,BoCa.Fig16.LogRel.WithloadSide,no,def,Support/LogicalRelation/Compatibility.lean,BoCa/Fig16LogRel.lean:6197,
BoCa.Fig16.LogRel.allISide_of_scopedB,BoCa.Fig16.LogRel.allISide_of_scopedB,no,thm,Support/LogicalRelation/Compatibility.lean,BoCa/Fig16LogRel.lean:6543,
BoCa.Fig16.LogRel.aux,BoCa.Fig16.LogRel.aux,no,thm,Support/LogicalRelation/Compatibility.lean,BoCa/Fig16LogRel.lean:6828,
BoCa.Fig16.LogRel.auxWf,BoCa.Fig16.LogRel.auxWf,no,thm,Support/LogicalRelation/Compatibility.lean,BoCa/Fig16LogRel.lean:7056,
BoCa.Fig16.LogRel.gDenB,BoCa.Fig16.LogRel.gDenB,no,def,Support/LogicalRelation/Compatibility.lean,BoCa/Fig16LogRel.lean:5327,
BoCa.Fig16.LogRel.gDen_mk,BoCa.Fig16.LogRel.gDen_mk,no,thm,Support/LogicalRelation/Compatibility.lean,BoCa/Fig16LogRel.lean:1000,
BoCa.Fig16.LogRel.gDen_split,BoCa.Fig16.LogRel.gDen_split,no,thm,Support/LogicalRelation/Compatibility.lean,BoCa/Fig16LogRel.lean:1092,
BoCa.Fig16.LogRel.gSepB,BoCa.Fig16.LogRel.gSepB,no,def,Support/LogicalRelation/Compatibility.lean,BoCa/Fig16LogRel.lean:5167,
BoCa.Fig16.LogRel.gSep_congr,BoCa.Fig16.LogRel.gSep_congr,no,thm,Support/LogicalRelation/Compatibility.lean,BoCa/Fig16LogRel.lean:2378,
BoCa.Fig16.LogRel.gSep_dead,BoCa.Fig16.LogRel.gSep_dead,no,thm,Support/LogicalRelation/Compatibility.lean,BoCa/Fig16LogRel.lean:1004,
BoCa.Fig16.LogRel.gSep_solo,BoCa.Fig16.LogRel.gSep_solo,no,thm,Support/LogicalRelation/Compatibility.lean,BoCa/Fig16LogRel.lean:1016,
BoCa.Fig16.LogRel.gSep_split,BoCa.Fig16.LogRel.gSep_split,no,thm,Support/LogicalRelation/Compatibility.lean,BoCa/Fig16LogRel.lean:1040,
BoCa.Fig16.LogRel.hash_empty,BoCa.Fig16.LogRel.hash_empty,no,thm,Support/LogicalRelation/Compatibility.lean,BoCa/Fig16LogRel.lean:2674,
BoCa.Fig16.LogRel.lifeMembers_compS,BoCa.Fig16.LogRel.lifeMembers_compS,no,thm,Support/LogicalRelation/Compatibility.lean,BoCa/Fig16LogRel.lean:4182,
BoCa.Fig16.LogRel.lifeMembers_compS_left,BoCa.Fig16.LogRel.lifeMembers_compS_left,no,thm,Support/LogicalRelation/Compatibility.lean,BoCa/Fig16LogRel.lean:4258,
BoCa.Fig16.LogRel.lifeMembers_empty,BoCa.Fig16.LogRel.lifeMembers_empty,no,thm,Support/LogicalRelation/Compatibility.lean,BoCa/Fig16LogRel.lean:4175,
BoCa.Fig16.LogRel.lifeMembers_reb,BoCa.Fig16.LogRel.lifeMembers_reb,no,thm,Support/LogicalRelation/Compatibility.lean,BoCa/Fig16LogRel.lean:4200,
BoCa.Fig16.LogRel.not_lfree_of_scopedB,BoCa.Fig16.LogRel.not_lfree_of_scopedB,no,thm,Support/LogicalRelation/Compatibility.lean,BoCa/Fig16LogRel.lean:1829,
BoCa.Fig16.LogRel.stripBox,BoCa.Fig16.LogRel.stripBox,no,def,Support/LogicalRelation/Compatibility.lean,BoCa/Fig16LogRel.lean:6823,
BoCa.Fig16.LogRel.tr3_eDen_freeAlloc,BoCa.Fig16.LogRel.tr3_eDen_freeAlloc,no,thm,Support/LogicalRelation/Compatibility.lean,BoCa/Fig16LogRel.lean:2679,
BoCa.Fig16.LogRel.tyLife,BoCa.Fig16.LogRel.tyLife,no,def,Support/LogicalRelation/Compatibility.lean,BoCa/Fig16LogRel.lean:4820,
BoCa.Fig16.LogRel.tyLifeMeet,BoCa.Fig16.LogRel.tyLifeMeet,no,def,Support/LogicalRelation/Compatibility.lean,BoCa/Fig16LogRel.lean:4577,
BoCa.Fig16.LogRel.vDen_instLife,BoCa.Fig16.LogRel.vDen_instLife,no,thm,Support/LogicalRelation/Compatibility.lean,BoCa/Fig16LogRel.lean:2290,
BoCa.Fig16.LogRel.vDen_mut_congr,BoCa.Fig16.LogRel.vDen_mut_congr,no,thm,Support/LogicalRelation/Compatibility.lean,BoCa/Fig16LogRel.lean:1676,
BoCa.Fig16.LogRel.valid_empty,BoCa.Fig16.LogRel.valid_empty,no,thm,Support/LogicalRelation/Compatibility.lean,BoCa/Fig16LogRel.lean:2667,
BoCa.Fig16.LogRel.withbor1Side_of_scopedB,BoCa.Fig16.LogRel.withbor1Side_of_scopedB,no,thm,Support/LogicalRelation/Compatibility.lean,BoCa/Fig16LogRel.lean:6558,
BoCa.Fig16.LogRel.withbor2Side_of_scopedB,BoCa.Fig16.LogRel.withbor2Side_of_scopedB,no,thm,Support/LogicalRelation/Compatibility.lean,BoCa/Fig16LogRel.lean:6571,
BoCa.Fig16.LogRel.withbor3Side_of_scopedB,BoCa.Fig16.LogRel.withbor3Side_of_scopedB,no,thm,Support/LogicalRelation/Compatibility.lean,BoCa/Fig16LogRel.lean:6584,
BoCa.Fig16.LogRel.withloadSide_of_scopedB,BoCa.Fig16.LogRel.withloadSide_of_scopedB,no,thm,Support/LogicalRelation/Compatibility.lean,BoCa/Fig16LogRel.lean:6597,
BoCa.Fig16.LogRel.witness,BoCa.Fig16.LogRel.witness,no,thm,Support/LogicalRelation/Compatibility.lean,BoCa/Fig16LogRel.lean:6865,
BoCa.Fig16.LogRel.wp_bind_frame,BoCa.Fig16.LogRel.wp_bind_frame,no,thm,Support/LogicalRelation/Compatibility.lean,BoCa/Fig16LogRel.lean:1125,
BoCa.Fig16.LogRel.wp_bind_mono,BoCa.Fig16.LogRel.wp_bind_mono,no,thm,Support/LogicalRelation/Compatibility.lean,BoCa/Fig16LogRel.lean:1138,
BoCa.Fig16.LogRel.wp_inj₁,BoCa.Fig16.LogRel.wp_inj₁,no,thm,Support/LogicalRelation/Compatibility.lean,BoCa/Fig16LogRel.lean:1161,
BoCa.Fig16.LogRel.wp_inj₂,BoCa.Fig16.LogRel.wp_inj₂,no,thm,Support/LogicalRelation/Compatibility.lean,BoCa/Fig16LogRel.lean:1168,
BoCa.Fig16.LogRel.wp_mono,BoCa.Fig16.LogRel.wp_mono,no,thm,Support/LogicalRelation/Compatibility.lean,BoCa/Fig16LogRel.lean:1115,
BoCa.Fig16.LogRel.wp_pair,BoCa.Fig16.LogRel.wp_pair,no,thm,Support/LogicalRelation/Compatibility.lean,BoCa/Fig16LogRel.lean:1154,
BoCa.Fig16.LogRel.applyLSub_all_captures,BoCa.Fig16.LogRel.applyLSub_all_captures,no,thm,Support/LogicalRelation/Facts.lean,BoCa/Fig16LogRel.lean:2135,
BoCa.Fig16.LogRel.applyLSub_all_not_captures,BoCa.Fig16.LogRel.applyLSub_all_not_captures,no,thm,Support/LogicalRelation/Facts.lean,BoCa/Fig16LogRel.lean:2145,
BoCa.Fig16.LogRel.applySub_var_none,BoCa.Fig16.LogRel.applySub_var_none,no,thm,Support/LogicalRelation/Facts.lean,BoCa/Fig16LogRel.lean:2064,
BoCa.Fig16.LogRel.applySub_var_some,BoCa.Fig16.LogRel.applySub_var_some,no,thm,Support/LogicalRelation/Facts.lean,BoCa/Fig16LogRel.lean:2060,
BoCa.Fig16.LogRel.assocFind_lsubDrop_ne,BoCa.Fig16.LogRel.assocFind_lsubDrop_ne,no,thm,Support/LogicalRelation/Facts.lean,BoCa/Fig16LogRel.lean:1999,
BoCa.Fig16.LogRel.assocFind_lsubDrop_self,BoCa.Fig16.LogRel.assocFind_lsubDrop_self,no,thm,Support/LogicalRelation/Facts.lean,BoCa/Fig16LogRel.lean:1981,
BoCa.Fig16.LogRel.atLife_congr,BoCa.Fig16.LogRel.atLife_congr,no,thm,Support/LogicalRelation/Facts.lean,BoCa/Fig16LogRel.lean:2119,
BoCa.Fig16.LogRel.atLife_eq,BoCa.Fig16.LogRel.atLife_eq,no,thm,Support/LogicalRelation/Facts.lean,BoCa/Fig16LogRel.lean:125,
BoCa.Fig16.LogRel.find?_extend_life,BoCa.Fig16.LogRel.find?_extend_life,no,thm,Support/LogicalRelation/Facts.lean,BoCa/Fig16LogRel.lean:1894,
BoCa.Fig16.LogRel.find?_extend_ne,BoCa.Fig16.LogRel.find?_extend_ne,no,thm,Support/LogicalRelation/Facts.lean,BoCa/Fig16LogRel.lean:1902,
BoCa.Fig16.LogRel.find?_extend_self,BoCa.Fig16.LogRel.find?_extend_self,no,thm,Support/LogicalRelation/Facts.lean,BoCa/Fig16LogRel.lean:1898,
BoCa.Fig16.LogRel.gDen_iff,BoCa.Fig16.LogRel.gDen_iff,no,thm,Support/LogicalRelation/Facts.lean,BoCa/Fig16LogRel.lean:997,
BoCa.Fig16.LogRel.interp_applySub,BoCa.Fig16.LogRel.interp_applySub,no,thm,Support/LogicalRelation/Facts.lean,BoCa/Fig16LogRel.lean:2098,
BoCa.Fig16.LogRel.interp_congr,BoCa.Fig16.LogRel.interp_congr,no,thm,Support/LogicalRelation/Facts.lean,BoCa/Fig16LogRel.lean:2070,
BoCa.Fig16.LogRel.interp_extend_of_not_mentions,BoCa.Fig16.LogRel.interp_extend_of_not_mentions,no,thm,Support/LogicalRelation/Facts.lean,BoCa/Fig16LogRel.lean:2089,
BoCa.Fig16.LogRel.ltLife_congr,BoCa.Fig16.LogRel.ltLife_congr,no,thm,Support/LogicalRelation/Facts.lean,BoCa/Fig16LogRel.lean:2128,
BoCa.Fig16.LogRel.lt_lifeBound,BoCa.Fig16.LogRel.lt_lifeBound,no,thm,Support/LogicalRelation/Facts.lean,BoCa/Fig16LogRel.lean:1937,
BoCa.Fig16.LogRel.lt_varBound,BoCa.Fig16.LogRel.lt_varBound,no,thm,Support/LogicalRelation/Facts.lean,BoCa/Fig16LogRel.lean:1908,
BoCa.Fig16.LogRel.meetOfCod,BoCa.Fig16.LogRel.meetOfCod,no,def,Support/LogicalRelation/Facts.lean,BoCa/Fig16LogRel.lean:2511,
BoCa.Fig16.LogRel.not_mentions_of_lsubCaptures,BoCa.Fig16.LogRel.not_mentions_of_lsubCaptures,no,thm,Support/LogicalRelation/Facts.lean,BoCa/Fig16LogRel.lean:2020,
BoCa.Fig16.LogRel.not_mentions_of_varBound_le,BoCa.Fig16.LogRel.not_mentions_of_varBound_le,no,thm,Support/LogicalRelation/Facts.lean,BoCa/Fig16LogRel.lean:1931,
BoCa.Fig16.LogRel.pure_sep_iff,BoCa.Fig16.LogRel.pure_sep_iff,no,thm,Support/LogicalRelation/Facts.lean,BoCa/Fig16LogRel.lean:225,
BoCa.Fig16.LogRel.pure_sep_mk,BoCa.Fig16.LogRel.pure_sep_mk,no,thm,Support/LogicalRelation/Facts.lean,BoCa/Fig16LogRel.lean:235,
BoCa.Fig16.LogRel.vDen_applyLSub,BoCa.Fig16.LogRel.vDen_applyLSub,no,thm,Support/LogicalRelation/Facts.lean,BoCa/Fig16LogRel.lean:2153,
BoCa.Fig16.LogRel.vDen_congr,BoCa.Fig16.LogRel.vDen_congr,no,thm,Support/LogicalRelation/Facts.lean,BoCa/Fig16LogRel.lean:2353,
BoCa.Fig16.LogRel.vDen_extend_of_not_free,BoCa.Fig16.LogRel.vDen_extend_of_not_free,no,thm,Support/LogicalRelation/Facts.lean,BoCa/Fig16LogRel.lean:2368,
BoCa.Fig16.LogRel.vDen_immReborrow_all,BoCa.Fig16.LogRel.vDen_immReborrow_all,no,thm,Support/LogicalRelation/Facts.lean,BoCa/Fig16LogRel.lean:303,
BoCa.Fig16.LogRel.vDen_immReborrow_box,BoCa.Fig16.LogRel.vDen_immReborrow_box,no,thm,Support/LogicalRelation/Facts.lean,BoCa/Fig16LogRel.lean:298,
BoCa.Fig16.LogRel.vDen_immReborrow_imm,BoCa.Fig16.LogRel.vDen_immReborrow_imm,no,thm,Support/LogicalRelation/Facts.lean,BoCa/Fig16LogRel.lean:293,
BoCa.Fig16.LogRel.vDen_immReborrow_imm_at,BoCa.Fig16.LogRel.vDen_immReborrow_imm_at,no,thm,Support/LogicalRelation/Facts.lean,BoCa/Fig16LogRel.lean:332,
BoCa.Fig16.LogRel.vDen_immReborrow_lolli,BoCa.Fig16.LogRel.vDen_immReborrow_lolli,no,thm,Support/LogicalRelation/Facts.lean,BoCa/Fig16LogRel.lean:284,
BoCa.Fig16.LogRel.vDen_immReborrow_mut,BoCa.Fig16.LogRel.vDen_immReborrow_mut,no,thm,Support/LogicalRelation/Facts.lean,BoCa/Fig16LogRel.lean:307,
BoCa.Fig16.LogRel.vDen_immReborrow_mut_at,BoCa.Fig16.LogRel.vDen_immReborrow_mut_at,no,thm,Support/LogicalRelation/Facts.lean,BoCa/Fig16LogRel.lean:325,
BoCa.Fig16.LogRel.vDen_immReborrow_ref,BoCa.Fig16.LogRel.vDen_immReborrow_ref,no,thm,Support/LogicalRelation/Facts.lean,BoCa/Fig16LogRel.lean:288,
BoCa.Fig16.LogRel.vDen_immReborrow_ref_at,BoCa.Fig16.LogRel.vDen_immReborrow_ref_at,no,thm,Support/LogicalRelation/Facts.lean,BoCa/Fig16LogRel.lean:318,
BoCa.Fig16.LogRel.vDen_immReborrow_sum,BoCa.Fig16.LogRel.vDen_immReborrow_sum,no,thm,Support/LogicalRelation/Facts.lean,BoCa/Fig16LogRel.lean:271,
BoCa.Fig16.LogRel.vDen_immReborrow_tensor,BoCa.Fig16.LogRel.vDen_immReborrow_tensor,no,thm,Support/LogicalRelation/Facts.lean,BoCa/Fig16LogRel.lean:277,
BoCa.Fig16.LogRel.vDen_immReborrow_unit,BoCa.Fig16.LogRel.vDen_immReborrow_unit,no,thm,Support/LogicalRelation/Facts.lean,BoCa/Fig16LogRel.lean:268,
BoCa.Fig16.LogRel.vDen_immReborrow_unk,BoCa.Fig16.LogRel.vDen_immReborrow_unk,no,thm,Support/LogicalRelation/Facts.lean,BoCa/Fig16LogRel.lean:315,
BoCa.Fig16.LogRel.varBound_le_lsubRangeBound,BoCa.Fig16.LogRel.varBound_le_lsubRangeBound,no,thm,Support/LogicalRelation/Facts.lean,BoCa/Fig16LogRel.lean:2039,
BoCa.Fig16.CellU.CompS.comm,BoCa.Fig16.CellU.CompS.comm,no,thm,Support/Model/Algebra.lean,BoCa/Fig16.lean:3096,
BoCa.Fig16.CellU.compR_assoc,BoCa.Fig16.CellU.compR_assoc,no,thm,Support/Model/Algebra.lean,BoCa/Fig16.lean:3587,
BoCa.Fig16.CellU.compR_assoc_forward,BoCa.Fig16.CellU.compR_assoc_forward,no,thm,Support/Model/Algebra.lean,BoCa/Fig16.lean:3363,
BoCa.Fig16.CellU.compR_assoc_own_left,BoCa.Fig16.CellU.compR_assoc_own_left,no,thm,Support/Model/Algebra.lean,BoCa/Fig16.lean:3259,
BoCa.Fig16.CellU.compR_assoc_own_mid,BoCa.Fig16.CellU.compR_assoc_own_mid,no,thm,Support/Model/Algebra.lean,BoCa/Fig16.lean:3273,
BoCa.Fig16.CellU.compR_assoc_own_right,BoCa.Fig16.CellU.compR_assoc_own_right,no,thm,Support/Model/Algebra.lean,BoCa/Fig16.lean:3286,
BoCa.Fig16.CellU.compR_immImm,BoCa.Fig16.CellU.compR_immImm,no,thm,Support/Model/Algebra.lean,BoCa/Fig16.lean:3204,
BoCa.Fig16.CellU.compR_own_left,BoCa.Fig16.CellU.compR_own_left,no,thm,Support/Model/Algebra.lean,BoCa/Fig16.lean:3216,
BoCa.Fig16.CellU.compR_own_left_of_erase,BoCa.Fig16.CellU.compR_own_left_of_erase,no,thm,Support/Model/Algebra.lean,BoCa/Fig16.lean:3235,
BoCa.Fig16.CellU.compR_own_right,BoCa.Fig16.CellU.compR_own_right,no,thm,Support/Model/Algebra.lean,BoCa/Fig16.lean:3226,
BoCa.Fig16.CellU.compR_own_right_of_erase,BoCa.Fig16.CellU.compR_own_right_of_erase,no,thm,Support/Model/Algebra.lean,BoCa/Fig16.lean:3245,
BoCa.Fig16.CellU.compS_assoc,BoCa.Fig16.CellU.compS_assoc,no,thm,Support/Model/Algebra.lean,BoCa/Fig16.lean:3163,
BoCa.Fig16.CellU.kind_immOf_ne_own,BoCa.Fig16.CellU.kind_immOf_ne_own,no,thm,Support/Model/Algebra.lean,BoCa/Fig16.lean:3332,
BoCa.Fig16.CellU.kind_mutOf_ne_own,BoCa.Fig16.CellU.kind_mutOf_ne_own,no,thm,Support/Model/Algebra.lean,BoCa/Fig16.lean:3337,
BoCa.Fig16.Life.meet_assoc,BoCa.Fig16.Life.meet_assoc,no,thm,Support/Model/Algebra.lean,BoCa/Fig16.lean:3301,
BoCa.Fig16.OptComp.assoc_left,BoCa.Fig16.OptComp.assoc_left,no,thm,Support/Model/Algebra.lean,BoCa/Fig16.lean:3610,
BoCa.Fig16.OptComp.swap,BoCa.Fig16.OptComp.swap,no,thm,Support/Model/Algebra.lean,BoCa/Fig16.lean:3728,
BoCa.Fig16.ResU.Comp.assoc_left,BoCa.Fig16.ResU.Comp.assoc_left,no,thm,Support/Model/Algebra.lean,BoCa/Fig16.lean:3682,
BoCa.Fig16.ResU.Comp.get,BoCa.Fig16.ResU.Comp.get,no,thm,Support/Model/Algebra.lean,BoCa/Fig16.lean:3077,
BoCa.Fig16.ResU.Comp.swap,BoCa.Fig16.ResU.Comp.swap,no,thm,Support/Model/Algebra.lean,BoCa/Fig16.lean:3738,
BoCa.Fig16.ResU.compR_self,BoCa.Fig16.ResU.compR_self,no,thm,Support/Model/Algebra.lean,BoCa/Fig16.lean:3806,
BoCa.Fig16.SPropS.conj_assoc,BoCa.Fig16.SPropS.conj_assoc,no,thm,Support/Model/Algebra.lean,BoCa/Fig16.lean:3307,
BoCa.Fig16.optSplit,BoCa.Fig16.optSplit,no,thm,Support/Model/Algebra.lean,BoCa/Fig16.lean:3070,
BoCa.Fig16.CellU.CompS.at,BoCa.Fig16.CellU.CompS.at,no,thm,Support/Model/AlgebraInstances.lean,BoCa/Fig16.lean:3922,
BoCa.Fig16.CellU.CompS.inStratum,BoCa.Fig16.CellU.CompS.inStratum,no,thm,Support/Model/AlgebraInstances.lean,BoCa/Fig16.lean:3940,
BoCa.Fig16.ResU.CompR.assoc,BoCa.Fig16.ResU.CompR.assoc,no,thm,Support/Model/AlgebraInstances.lean,BoCa/Fig16.lean:3783,
BoCa.Fig16.ResU.CompR.comm,BoCa.Fig16.ResU.CompR.comm,no,thm,Support/Model/AlgebraInstances.lean,BoCa/Fig16.lean:3149,
BoCa.Fig16.ResU.compatS_single_not_imm,BoCa.Fig16.ResU.compatS_single_not_imm,no,thm,Support/Model/AlgebraInstances.lean,BoCa/Fig16.lean:3855,
BoCa.Fig16.AgW.flat_imm_wit_le,BoCa.Fig16.AgW.flat_imm_wit_le,no,thm,Support/Model/Ancestors.lean,BoCa/Ancestor.lean:256,
BoCa.Fig16.AgW.imm_wit_le,BoCa.Fig16.AgW.imm_wit_le,no,thm,Support/Model/Ancestors.lean,BoCa/Ancestor.lean:34,
BoCa.Fig16.BigComp.imm_source,BoCa.Fig16.BigComp.imm_source,no,thm,Support/Model/Ancestors.lean,BoCa/Ancestor.lean:114,
BoCa.Fig16.BigComp.nonimm_source,BoCa.Fig16.BigComp.nonimm_source,no,thm,Support/Model/Ancestors.lean,BoCa/Ancestor.lean:187,
BoCa.Fig16.CellU.CompR.imm_left_eq,BoCa.Fig16.CellU.CompR.imm_left_eq,no,thm,Support/Model/Ancestors.lean,BoCa/Ancestor.lean:209,
BoCa.Fig16.CellU.CompR.imm_source,BoCa.Fig16.CellU.CompR.imm_source,no,thm,Support/Model/Ancestors.lean,BoCa/Ancestor.lean:56,
BoCa.Fig16.CellU.CompR.nonimm_source,BoCa.Fig16.CellU.CompR.nonimm_source,no,thm,Support/Model/Ancestors.lean,BoCa/Ancestor.lean:137,
BoCa.Fig16.CellU.compR_own_kind_right,BoCa.Fig16.CellU.compR_own_kind_right,no,thm,Support/Model/Ancestors.lean,BoCa/Ancestor.lean:797,
BoCa.Fig16.CellU.imm_eta,BoCa.Fig16.CellU.imm_eta,no,thm,Support/Model/Ancestors.lean,BoCa/Ancestor.lean:24,
BoCa.Fig16.OptComp.functional,BoCa.Fig16.OptComp.functional,no,thm,Support/Model/Ancestors.lean,BoCa/Ancestor.lean:782,
BoCa.Fig16.ResU.CompR.imm_left_get,BoCa.Fig16.ResU.CompR.imm_left_get,no,thm,Support/Model/Ancestors.lean,BoCa/Ancestor.lean:239,
BoCa.Fig16.ResU.CompR.imm_source,BoCa.Fig16.ResU.CompR.imm_source,no,thm,Support/Model/Ancestors.lean,BoCa/Ancestor.lean:95,
BoCa.Fig16.ResU.CompR.nonimm_source,BoCa.Fig16.ResU.CompR.nonimm_source,no,thm,Support/Model/Ancestors.lean,BoCa/Ancestor.lean:166,
BoCa.Fig16.ResU.ag_eq_flat_at_imm,BoCa.Fig16.ResU.ag_eq_flat_at_imm,no,thm,Support/Model/Ancestors.lean,BoCa/Ancestor.lean:355,
BoCa.Fig16.ResU.flat_imm_wit_factor,BoCa.Fig16.ResU.flat_imm_wit_factor,no,thm,Support/Model/Ancestors.lean,BoCa/Ancestor.lean:382,
BoCa.Fig16.ResU.upd_ag_imm_wit_factor,BoCa.Fig16.ResU.upd_ag_imm_wit_factor,no,thm,Support/Model/Ancestors.lean,BoCa/Ancestor.lean:535,
BoCa.Fig16.CellU.immOf_ne_mutOf,BoCa.Fig16.CellU.immOf_ne_mutOf,no,thm,Support/Model/CellFacts.lean,BoCa/Fig16.lean:1106,
BoCa.Fig16.CellU.mutOf_at,BoCa.Fig16.CellU.mutOf_at,no,thm,Support/Model/CellFacts.lean,BoCa/Fig16.lean:1123,
BoCa.Fig16.CellU.mutOf_inj,BoCa.Fig16.CellU.mutOf_inj,no,thm,Support/Model/CellFacts.lean,BoCa/Fig16.lean:1130,
BoCa.Fig16.CellU.ownOf_ne_immOf,BoCa.Fig16.CellU.ownOf_ne_immOf,no,thm,Support/Model/CellFacts.lean,BoCa/Fig16.lean:1097,
BoCa.Fig16.CellU.ownOf_ne_mutOf,BoCa.Fig16.CellU.ownOf_ne_mutOf,no,thm,Support/Model/CellFacts.lean,BoCa/Fig16.lean:1101,
BoCa.Fig16.MutU.pred,BoCa.Fig16.MutU.pred,no,def,Support/Model/CellFacts.lean,BoCa/Fig16.lean:1050,
BoCa.Fig16.PMap.Infinite,BoCa.Fig16.PMap.Infinite,no,def,Support/Model/CellFacts.lean,BoCa/Fig16.lean:483,
BoCa.Fig16.PMap.exists_fresh,BoCa.Fig16.PMap.exists_fresh,no,thm,Support/Model/CellFacts.lean,BoCa/Fig16.lean:486,
BoCa.Fig16.ResS.toS_toStratum,BoCa.Fig16.ResS.toS_toStratum,no,thm,Support/Model/CellFacts.lean,BoCa/Fig16.lean:1056,
BoCa.Fig16.ResU.inStratum_of_atLife,BoCa.Fig16.ResU.inStratum_of_atLife,no,thm,Support/Model/CellFacts.lean,BoCa/Fig16.lean:1305,
BoCa.Fig16.CellU.lsOf,BoCa.Fig16.CellU.lsOf,no,def,Support/Model/Cells.lean,BoCa/Reborrow.lean:3210,
BoCa.Fig16.CellU.lsOf_immOf,BoCa.Fig16.CellU.lsOf_immOf,no,thm,Support/Model/Cells.lean,BoCa/Reborrow.lean:3215,
BoCa.Fig16.CellU.lsOf_mutOf,BoCa.Fig16.CellU.lsOf_mutOf,no,thm,Support/Model/Cells.lean,BoCa/Reborrow.lean:3511,
BoCa.Fig16.CellU.lsOf_ownOf,BoCa.Fig16.CellU.lsOf_ownOf,no,thm,Support/Model/Cells.lean,BoCa/Reborrow.lean:3508,
BoCa.Fig16.CellU.rep,BoCa.Fig16.CellU.rep,no,thm,Support/Model/Cells.lean,BoCa/Fig16.lean:1164,
BoCa.Fig16.LSet.Diff,BoCa.Fig16.LSet.Diff,no,def,Support/Model/Cells.lean,BoCa/Fig16.lean:2898,
BoCa.Fig16.LSet.DiffEmpty,BoCa.Fig16.LSet.DiffEmpty,no,def,Support/Model/Cells.lean,BoCa/Fig16.lean:2902,
BoCa.Fig16.MutU.ext,BoCa.Fig16.MutU.ext,no,thm,Support/Model/Cells.lean,BoCa/Fig16.lean:733,
BoCa.Fig16.AgW.AbsAnc,BoCa.Fig16.AgW.AbsAnc,no,def,Support/Model/ClosingSentence.lean,BoCa/Reborrow.lean:7111,
BoCa.Fig16.AgW.AbsAnc.of_le,BoCa.Fig16.AgW.AbsAnc.of_le,no,thm,Support/Model/ClosingSentence.lean,BoCa/Reborrow.lean:7137,
BoCa.Fig16.AgW.AbsImm,BoCa.Fig16.AgW.AbsImm,no,def,Support/Model/ClosingSentence.lean,BoCa/Reborrow.lean:7100,
BoCa.Fig16.AgW.AbsImm.of_le,BoCa.Fig16.AgW.AbsImm.of_le,no,thm,Support/Model/ClosingSentence.lean,BoCa/Reborrow.lean:7123,
BoCa.Fig16.AgW.absorb_of_ancestors,BoCa.Fig16.AgW.absorb_of_ancestors,no,thm,Support/Model/ClosingSentence.lean,BoCa/Reborrow.lean:7145,
BoCa.Fig16.CellU.CompR.absorb_transC,BoCa.Fig16.CellU.CompR.absorb_transC,no,thm,Support/Model/ClosingSentence.lean,BoCa/Reborrow.lean:7052,
BoCa.Fig16.CellU.CompR.imm_imm_union,BoCa.Fig16.CellU.CompR.imm_imm_union,no,thm,Support/Model/ClosingSentence.lean,BoCa/Reborrow.lean:6983,
BoCa.Fig16.CellU.compR_immBeta_imm,BoCa.Fig16.CellU.compR_immBeta_imm,no,thm,Support/Model/ClosingSentence.lean,BoCa/Reborrow.lean:6000,
BoCa.Fig16.CellU.notMem_of_inStratum,BoCa.Fig16.CellU.notMem_of_inStratum,no,thm,Support/Model/ClosingSentence.lean,BoCa/Reborrow.lean:5943,
BoCa.Fig16.CellU.reb_frame_imm_le,BoCa.Fig16.CellU.reb_frame_imm_le,no,thm,Support/Model/ClosingSentence.lean,BoCa/Reborrow.lean:7238,
BoCa.Fig16.CellU.reb_frame_imm_ne_singleton,BoCa.Fig16.CellU.reb_frame_imm_ne_singleton,no,thm,Support/Model/ClosingSentence.lean,BoCa/Reborrow.lean:6051,
BoCa.Fig16.ExR.split_of_compS,BoCa.Fig16.ExR.split_of_compS,no,thm,Support/Model/ClosingSentence.lean,BoCa/Reborrow.lean:4411,
BoCa.Fig16.ExW.eq_empty_of_immOnly,BoCa.Fig16.ExW.eq_empty_of_immOnly,no,thm,Support/Model/ClosingSentence.lean,BoCa/Reborrow.lean:6616,
BoCa.Fig16.LSet.notMem_of_meet_sqsupset,BoCa.Fig16.LSet.notMem_of_meet_sqsupset,no,thm,Support/Model/ClosingSentence.lean,BoCa/Reborrow.lean:5937,
BoCa.Fig16.LSet.union_singleton_le_cancel,BoCa.Fig16.LSet.union_singleton_le_cancel,no,thm,Support/Model/ClosingSentence.lean,BoCa/Reborrow.lean:7220,
BoCa.Fig16.LSet.union_singleton_ne_singleton,BoCa.Fig16.LSet.union_singleton_ne_singleton,no,thm,Support/Model/ClosingSentence.lean,BoCa/Reborrow.lean:5966,
BoCa.Fig16.ResU.LeR.get_some,BoCa.Fig16.ResU.LeR.get_some,no,thm,Support/Model/ClosingSentence.lean,BoCa/Reborrow.lean:7082,
BoCa.Fig16.ResU.SixFiftyNineOffRebKeep,BoCa.Fig16.ResU.SixFiftyNineOffRebKeep,no,def,Support/Model/ClosingSentence.lean,BoCa/Reborrow.lean:8043,
BoCa.Fig16.ResU.SixFiftyNineResidualKeep,BoCa.Fig16.ResU.SixFiftyNineResidualKeep,no,def,Support/Model/ClosingSentence.lean,BoCa/Reborrow.lean:7910,
BoCa.Fig16.ResU.absorbed_of_factor_flatR,BoCa.Fig16.ResU.absorbed_of_factor_flatR,no,thm,Support/Model/ClosingSentence.lean,BoCa/Reborrow.lean:4646,
BoCa.Fig16.ResU.ag_single_imm_some_of_reb,BoCa.Fig16.ResU.ag_single_imm_some_of_reb,no,thm,Support/Model/ClosingSentence.lean,BoCa/Reborrow.lean:7504,
BoCa.Fig16.ResU.compR_absorb_of_cells,BoCa.Fig16.ResU.compR_absorb_of_cells,no,thm,Support/Model/ClosingSentence.lean,BoCa/Reborrow.lean:7059,
BoCa.Fig16.ResU.ex_eq_of_swap_immOnly,BoCa.Fig16.ResU.ex_eq_of_swap_immOnly,no,thm,Support/Model/ClosingSentence.lean,BoCa/Reborrow.lean:6650,
BoCa.Fig16.ResU.ex_none_of_ag_some,BoCa.Fig16.ResU.ex_none_of_ag_some,no,thm,Support/Model/ClosingSentence.lean,BoCa/Reborrow.lean:6520,
BoCa.Fig16.ResU.flat_eq_ag_of_immFree,BoCa.Fig16.ResU.flat_eq_ag_of_immFree,no,thm,Support/Model/ClosingSentence.lean,BoCa/Reborrow.lean:6531,
BoCa.Fig16.ResU.flat_eq_ex_of_ag_none,BoCa.Fig16.ResU.flat_eq_ex_of_ag_none,no,thm,Support/Model/ClosingSentence.lean,BoCa/Reborrow.lean:7535,
BoCa.Fig16.ResU.reb_ag_cell_absorbed_off_dom,BoCa.Fig16.ResU.reb_ag_cell_absorbed_off_dom,no,thm,Support/Model/ClosingSentence.lean,BoCa/Reborrow.lean:6840,
BoCa.Fig16.ResU.reb_ag_split,BoCa.Fig16.ResU.reb_ag_split,no,thm,Support/Model/ClosingSentence.lean,BoCa/Reborrow.lean:4752,
BoCa.Fig16.ResU.reb_attribute,BoCa.Fig16.ResU.reb_attribute,no,thm,Support/Model/ClosingSentence.lean,BoCa/Reborrow.lean:6782,
BoCa.Fig16.ResU.reb_attribute_of_side,BoCa.Fig16.ResU.reb_attribute_of_side,no,thm,Support/Model/ClosingSentence.lean,BoCa/Reborrow.lean:6736,
BoCa.Fig16.ResU.reb_immOnly,BoCa.Fig16.ResU.reb_immOnly,no,thm,Support/Model/ClosingSentence.lean,BoCa/Reborrow.lean:7964,
BoCa.Fig16.ResU.reb_immPart_inStratum,BoCa.Fig16.ResU.reb_immPart_inStratum,no,thm,Support/Model/ClosingSentence.lean,BoCa/Reborrow.lean:6701,
BoCa.Fig16.ResU.reb_own_wit_le,BoCa.Fig16.ResU.reb_own_wit_le,no,thm,Support/Model/ClosingSentence.lean,BoCa/Reborrow.lean:4495,
BoCa.Fig16.ResU.reb_reb_immOnly,BoCa.Fig16.ResU.reb_reb_immOnly,no,thm,Support/Model/ClosingSentence.lean,BoCa/Reborrow.lean:7969,
BoCa.Fig16.ResU.reb_wit_absorbs,BoCa.Fig16.ResU.reb_wit_absorbs,no,thm,Support/Model/ClosingSentence.lean,BoCa/Reborrow.lean:4671,
BoCa.Fig16.ResU.simFormAt_congr,BoCa.Fig16.ResU.simFormAt_congr,no,thm,Support/Model/ClosingSentence.lean,BoCa/Reborrow.lean:7564,
BoCa.Fig16.ResU.simFormAt_of_eq,BoCa.Fig16.ResU.simFormAt_of_eq,no,thm,Support/Model/ClosingSentence.lean,BoCa/Reborrow.lean:7549,
BoCa.Fig16.ResU.single_imm_immOnly,BoCa.Fig16.ResU.single_imm_immOnly,no,thm,Support/Model/ClosingSentence.lean,BoCa/Reborrow.lean:7974,
BoCa.Fig16.CellU.CompR.imm_left,BoCa.Fig16.CellU.CompR.imm_left,no,thm,Support/Model/Compatibility.lean,BoCa/Fig16.lean:6926,
BoCa.Fig16.CellU.CompR.wit_of_ne_own,BoCa.Fig16.CellU.CompR.wit_of_ne_own,no,thm,Support/Model/Compatibility.lean,BoCa/Fig16.lean:6949,
BoCa.Fig16.CellU.CompatS.of_compR_left,BoCa.Fig16.CellU.CompatS.of_compR_left,no,thm,Support/Model/Compatibility.lean,BoCa/Fig16.lean:6985,
BoCa.Fig16.CellU.compatS_iff,BoCa.Fig16.CellU.compatS_iff,no,thm,Support/Model/Compatibility.lean,BoCa/Fig16.lean:6831,
BoCa.Fig16.CellU.CompR.comm,BoCa.Fig16.CellU.CompR.comm,no,thm,Support/Model/Composition.lean,BoCa/Fig16.lean:2247,
BoCa.Fig16.CellU.CompR.erase,BoCa.Fig16.CellU.CompR.erase,no,thm,Support/Model/Composition.lean,BoCa/Fig16.lean:2050,
BoCa.Fig16.CellU.CompR.functional,BoCa.Fig16.CellU.CompR.functional,no,thm,Support/Model/Composition.lean,BoCa/Fig16.lean:1737,
BoCa.Fig16.CellU.CompR.inv,BoCa.Fig16.CellU.CompR.inv,no,thm,Support/Model/Composition.lean,BoCa/Fig16.lean:1659,
BoCa.Fig16.CellU.CompR.wit,BoCa.Fig16.CellU.CompR.wit,no,thm,Support/Model/Composition.lean,BoCa/Fig16.lean:2067,
BoCa.Fig16.CellU.CompS.compat,BoCa.Fig16.CellU.CompS.compat,no,thm,Support/Model/Composition.lean,BoCa/Fig16.lean:1524,
BoCa.Fig16.CellU.CompS.erase,BoCa.Fig16.CellU.CompS.erase,no,thm,Support/Model/Composition.lean,BoCa/Fig16.lean:2025,
BoCa.Fig16.CellU.CompatR.of_compatS,BoCa.Fig16.CellU.CompatR.of_compatS,no,thm,Support/Model/Composition.lean,BoCa/Fig16.lean:2272,
BoCa.Fig16.CellU.CompatR.symm,BoCa.Fig16.CellU.CompatR.symm,no,thm,Support/Model/Composition.lean,BoCa/Fig16.lean:2269,
BoCa.Fig16.CellU.CompatS.kinds,BoCa.Fig16.CellU.CompatS.kinds,no,thm,Support/Model/Composition.lean,BoCa/Fig16.lean:1447,
BoCa.Fig16.CellU.CompatS.symm,BoCa.Fig16.CellU.CompatS.symm,no,thm,Support/Model/Composition.lean,BoCa/Fig16.lean:1443,
BoCa.Fig16.CellU.compR_mutMut_det,BoCa.Fig16.CellU.compR_mutMut_det,no,thm,Support/Model/Composition.lean,BoCa/Fig16.lean:1713,
BoCa.Fig16.CellU.compR_mutMut_of_eq,BoCa.Fig16.CellU.compR_mutMut_of_eq,no,thm,Support/Model/Composition.lean,BoCa/Fig16.lean:1698,
BoCa.Fig16.CellU.compR_same_mutMut,BoCa.Fig16.CellU.compR_same_mutMut,no,thm,Support/Model/Composition.lean,BoCa/Fig16.lean:1644,
BoCa.Fig16.CellU.compR_spec,BoCa.Fig16.CellU.compR_spec,no,thm,Support/Model/Composition.lean,BoCa/Fig16.lean:2311,
BoCa.Fig16.CellU.compS_comm,BoCa.Fig16.CellU.compS_comm,no,thm,Support/Model/Composition.lean,BoCa/Fig16.lean:2232,
BoCa.Fig16.CellU.compS_self,BoCa.Fig16.CellU.compS_self,no,thm,Support/Model/Composition.lean,BoCa/Fig16.lean:1555,
BoCa.Fig16.CellU.mutOf_congr,BoCa.Fig16.CellU.mutOf_congr,no,thm,Support/Model/Composition.lean,BoCa/Fig16.lean:1486,
BoCa.Fig16.ResU.Comp.functional,BoCa.Fig16.ResU.Comp.functional,no,thm,Support/Model/Composition.lean,BoCa/Fig16.lean:1858,
BoCa.Fig16.ResU.CompR.functional,BoCa.Fig16.ResU.CompR.functional,no,thm,Support/Model/Composition.lean,BoCa/Fig16.lean:2299,
BoCa.Fig16.ResU.CompS.functional,BoCa.Fig16.ResU.CompS.functional,no,thm,Support/Model/Composition.lean,BoCa/Fig16.lean:1894,
BoCa.Fig16.ResU.Compat.comm,BoCa.Fig16.ResU.Compat.comm,no,thm,Support/Model/Composition.lean,BoCa/Fig16.lean:1824,
BoCa.Fig16.ResU.Compat.of_disjoint,BoCa.Fig16.ResU.Compat.of_disjoint,no,thm,Support/Model/Composition.lean,BoCa/Fig16.lean:1829,
BoCa.Fig16.ResU.CompatR.symm,BoCa.Fig16.ResU.CompatR.symm,no,thm,Support/Model/Composition.lean,BoCa/Fig16.lean:2296,
BoCa.Fig16.ResU.CompatS.symm,BoCa.Fig16.ResU.CompatS.symm,no,thm,Support/Model/Composition.lean,BoCa/Fig16.lean:1891,
BoCa.Fig16.ResU.compR_defined_iff,BoCa.Fig16.ResU.compR_defined_iff,no,thm,Support/Model/Composition.lean,BoCa/Fig16.lean:2357,
BoCa.Fig16.ResU.compR_spec,BoCa.Fig16.ResU.compR_spec,no,thm,Support/Model/Composition.lean,BoCa/Fig16.lean:2353,
BoCa.Fig16.ResU.compS_spec,BoCa.Fig16.ResU.compS_spec,no,thm,Support/Model/Composition.lean,BoCa/Fig16.lean:1938,
BoCa.Fig16.SPropS.conj_comm,BoCa.Fig16.SPropS.conj_comm,no,thm,Support/Model/Composition.lean,BoCa/Fig16.lean:2241,
BoCa.Fig16.inner,BoCa.Fig16.inner,no,def,Support/Model/Composition.lean,BoCa/Fig16.lean:2164,
BoCa.Fig16.optCompR_optComp,BoCa.Fig16.optCompR_optComp,no,thm,Support/Model/Composition.lean,BoCa/Fig16.lean:2326,
BoCa.Fig16.optCompS_optComp,BoCa.Fig16.optCompS_optComp,no,thm,Support/Model/Composition.lean,BoCa/Fig16.lean:1912,
BoCa.DefectB.agW_empty,BoCa.DefectB.agW_empty,no,thm,Support/Model/Empty.lean,BoCa/DefectB.lean:162,
BoCa.DefectB.restrict_empty,BoCa.DefectB.restrict_empty,no,thm,Support/Model/Empty.lean,BoCa/DefectB.lean:52,
BoCa.Fig16.BoLo.agW_empty,BoCa.Fig16.BoLo.agW_empty,no,thm,Support/Model/Empty.lean,BoCa/RebWp.lean:339,
BoCa.Fig16.BoLo.exW_empty,BoCa.Fig16.BoLo.exW_empty,no,thm,Support/Model/Empty.lean,BoCa/RebWp.lean:351,
BoCa.Fig16.BoLo.flat_empty,BoCa.Fig16.BoLo.flat_empty,no,thm,Support/Model/Empty.lean,BoCa/RebWp.lean:366,
BoCa.Fig16.BoLo.lower_empty,BoCa.Fig16.BoLo.lower_empty,no,thm,Support/Model/Empty.lean,BoCa/RebWp.lean:373,
BoCa.Fig16.BoLo.BiEntails.refl,BoCa.Fig16.BoLo.BiEntails.refl,no,thm,Support/Model/Entailments.lean,BoCa/Fig16.lean:10402,
BoCa.Fig16.BoLo.IAgreeAtJoin,BoCa.Fig16.BoLo.IAgreeAtJoin,no,def,Support/Model/Entailments.lean,BoCa/Fig16.lean:10929,
BoCa.Fig16.BoLo.compS_get_erase,BoCa.Fig16.BoLo.compS_get_erase,no,thm,Support/Model/Entailments.lean,BoCa/Fig16Wp.lean:724,
BoCa.Fig16.BoLo.compatS_single_of_get_none,BoCa.Fig16.BoLo.compatS_single_of_get_none,no,thm,Support/Model/Entailments.lean,BoCa/Fig16Wp.lean:435,
BoCa.Fig16.BoLo.eq_of_biEntails,BoCa.Fig16.BoLo.eq_of_biEntails,no,thm,Support/Model/Entailments.lean,BoCa/Fig16.lean:10408,
BoCa.Fig16.BoLo.flat_compS_own,BoCa.Fig16.BoLo.flat_compS_own,no,thm,Support/Model/Entailments.lean,BoCa/Fig16Wp.lean:362,
BoCa.Fig16.BoLo.get_eq_none_of_compatS_own,BoCa.Fig16.BoLo.get_eq_none_of_compatS_own,no,thm,Support/Model/Entailments.lean,BoCa/Fig16Wp.lean:445,
BoCa.Fig16.BoLo.get_eq_none_of_flat,BoCa.Fig16.BoLo.get_eq_none_of_flat,no,thm,Support/Model/Entailments.lean,BoCa/Fig16Wp.lean:423,
BoCa.Fig16.BoLo.hash_compS_own,BoCa.Fig16.BoLo.hash_compS_own,no,thm,Support/Model/Entailments.lean,BoCa/Fig16Wp.lean:536,
BoCa.Fig16.BoLo.hash_lower,BoCa.Fig16.BoLo.hash_lower,no,thm,Support/Model/Entailments.lean,BoCa/Fig16Wp.lean:128,
BoCa.Fig16.BoLo.loc_infinite,BoCa.Fig16.BoLo.loc_infinite,no,thm,Support/Model/Entailments.lean,BoCa/Fig16Wp.lean:576,
BoCa.Fig16.BoLo.lower_compS_own,BoCa.Fig16.BoLo.lower_compS_own,no,thm,Support/Model/Entailments.lean,BoCa/Fig16Wp.lean:455,
BoCa.Fig16.BoLo.lower_compS_own_inv,BoCa.Fig16.BoLo.lower_compS_own_inv,no,thm,Support/Model/Entailments.lean,BoCa/Fig16Wp.lean:478,
BoCa.Fig16.BoLo.lower_eq_none_iff,BoCa.Fig16.BoLo.lower_eq_none_iff,no,thm,Support/Model/Entailments.lean,BoCa/Fig16Wp.lean:416,
BoCa.Fig16.BoLo.lower_get,BoCa.Fig16.BoLo.lower_get,no,thm,Support/Model/Entailments.lean,BoCa/Fig16Wp.lean:394,
BoCa.Fig16.BoLo.lower_get_own,BoCa.Fig16.BoLo.lower_get_own,no,thm,Support/Model/Entailments.lean,BoCa/Fig16Wp.lean:408,
BoCa.Fig16.BoLo.memSingle,BoCa.Fig16.BoLo.memSingle,no,thm,Support/Model/Entailments.lean,BoCa/Fig16.lean:11037,
BoCa.Fig16.BoLo.noOwn_empty,BoCa.Fig16.BoLo.noOwn_empty,no,thm,Support/Model/Entailments.lean,BoCa/Fig16Wp.lean:96,
BoCa.Fig16.BoLo.pure_sep_biEntails,BoCa.Fig16.BoLo.pure_sep_biEntails,no,thm,Support/Model/Entailments.lean,BoCa/Fig16Wp.lean:712,
BoCa.Fig16.BoLo.reb_empty,BoCa.Fig16.BoLo.reb_empty,no,thm,Support/Model/Entailments.lean,BoCa/Fig16.lean:11043,
BoCa.Fig16.BoLo.reborrow_outlives,BoCa.Fig16.BoLo.reborrow_outlives,no,thm,Support/Model/Entailments.lean,BoCa/Fig16.lean:11030,
BoCa.Fig16.BoLo.stratum_empty,BoCa.Fig16.BoLo.stratum_empty,no,thm,Support/Model/Entailments.lean,BoCa/Fig16Wp.lean:707,
BoCa.Fig16.BoLo.updV_compS_own,BoCa.Fig16.BoLo.updV_compS_own,no,thm,Support/Model/Entailments.lean,BoCa/Fig16Wp.lean:503,
BoCa.Fig16.BoLo.wp_lower,BoCa.Fig16.BoLo.wp_lower,no,thm,Support/Model/Entailments.lean,BoCa/Fig16Wp.lean:193,
BoCa.Fig16.ResU.RebAt.factor,BoCa.Fig16.ResU.RebAt.factor,no,thm,Support/Model/Entailments.lean,BoCa/Fig16.lean:10196,
BoCa.Fig16.ResU.factor_imm_sub,BoCa.Fig16.ResU.factor_imm_sub,no,thm,Support/Model/Entailments.lean,BoCa/Fig16.lean:10162,
BoCa.Fig16.immOf_sub_singleton,BoCa.Fig16.immOf_sub_singleton,no,thm,Support/Model/Entailments.lean,BoCa/Fig16.lean:10183,
BoCa.Fig16.MemUnion,BoCa.Fig16.MemUnion,no,def,Support/Model/Flattening.lean,BoCa/Fig16.lean:6443,
BoCa.Fig16.MemUnion.functional,BoCa.Fig16.MemUnion.functional,no,thm,Support/Model/Flattening.lean,BoCa/Fig16.lean:6447,
BoCa.Fig16.OptUnion,BoCa.Fig16.OptUnion,no,def,Support/Model/Flattening.lean,BoCa/Fig16.lean:6432,
BoCa.Fig16.ResU.Comp.eq_none_iff,BoCa.Fig16.ResU.Comp.eq_none_iff,no,thm,Support/Model/Flattening.lean,BoCa/Fig16.lean:6269,
BoCa.Fig16.ResU.Comp.get_of_left_none,BoCa.Fig16.ResU.Comp.get_of_left_none,no,thm,Support/Model/Flattening.lean,BoCa/Fig16.lean:6282,
BoCa.Fig16.ResU.Comp.get_of_right_none,BoCa.Fig16.ResU.Comp.get_of_right_none,no,thm,Support/Model/Flattening.lean,BoCa/Fig16.lean:6295,
BoCa.Fig16.ResU.ImmFree.compS,BoCa.Fig16.ResU.ImmFree.compS,no,thm,Support/Model/Flattening.lean,BoCa/Fig16.lean:6360,
BoCa.Fig16.optUnion_map_erase,BoCa.Fig16.optUnion_map_erase,no,thm,Support/Model/Flattening.lean,BoCa/Fig16.lean:6528,
BoCa.Fig16.AgW.get_imm,BoCa.Fig16.AgW.get_imm,no,thm,Support/Model/FlatteningCells.lean,BoCa/Fig16.lean:7136,
BoCa.Fig16.AgW.mut_wit_le,BoCa.Fig16.AgW.mut_wit_le,no,thm,Support/Model/FlatteningCells.lean,BoCa/Fig16.lean:7440,
BoCa.Fig16.BigComp.leS_of_sublist,BoCa.Fig16.BigComp.leS_of_sublist,no,thm,Support/Model/FlatteningCells.lean,BoCa/Fig16.lean:7408,
BoCa.Fig16.BigComp.mem_factor,BoCa.Fig16.BigComp.mem_factor,no,thm,Support/Model/FlatteningCells.lean,BoCa/Fig16.lean:7356,
BoCa.Fig16.BigComp.sublist,BoCa.Fig16.BigComp.sublist,no,thm,Support/Model/FlatteningCells.lean,BoCa/Fig16.lean:7375,
BoCa.Fig16.ExS.get_of_ne_imm,BoCa.Fig16.ExS.get_of_ne_imm,no,thm,Support/Model/FlatteningCells.lean,BoCa/Fig16.lean:7119,
BoCa.Fig16.ExW.wit_le,BoCa.Fig16.ExW.wit_le,no,thm,Support/Model/FlatteningCells.lean,BoCa/Fig16.lean:7418,
BoCa.Fig16.ResU.Comp.factor_trans,BoCa.Fig16.ResU.Comp.factor_trans,no,thm,Support/Model/FlatteningCells.lean,BoCa/Fig16.lean:7324,
BoCa.Fig16.ResU.CompR.get_imm_left,BoCa.Fig16.ResU.CompR.get_imm_left,no,thm,Support/Model/FlatteningCells.lean,BoCa/Fig16.lean:7094,
BoCa.Fig16.ResU.CompR.get_imm_right,BoCa.Fig16.ResU.CompR.get_imm_right,no,thm,Support/Model/FlatteningCells.lean,BoCa/Fig16.lean:7111,
BoCa.Fig16.ResU.CompS.get_right_of_immFree,BoCa.Fig16.ResU.CompS.get_right_of_immFree,no,thm,Support/Model/FlatteningCells.lean,BoCa/Fig16.lean:7081,
BoCa.Fig16.ResU.CompatS.of_valid_mut,BoCa.Fig16.ResU.CompatS.of_valid_mut,no,thm,Support/Model/FlatteningCells.lean,BoCa/Fig16.lean:7469,
BoCa.Fig16.ResU.Flat.get,BoCa.Fig16.ResU.Flat.get,no,thm,Support/Model/FlatteningCells.lean,BoCa/Fig16.lean:7153,
BoCa.Fig16.ResU.LeR.left,BoCa.Fig16.ResU.LeR.left,no,thm,Support/Model/FlatteningCells.lean,BoCa/Fig16.lean:7340,
BoCa.Fig16.ResU.LeR.right,BoCa.Fig16.ResU.LeR.right,no,thm,Support/Model/FlatteningCells.lean,BoCa/Fig16.lean:7344,
BoCa.Fig16.ResU.LeR.trans,BoCa.Fig16.ResU.LeR.trans,no,thm,Support/Model/FlatteningCells.lean,BoCa/Fig16.lean:7347,
BoCa.Fig16.ResU.compS_own_of_valid_mut,BoCa.Fig16.ResU.compS_own_of_valid_mut,no,thm,Support/Model/FrameSurgery.lean,BoCa/Reborrow.lean:9425,
BoCa.Fig16.ResU.lower_swap_imm_own,BoCa.Fig16.ResU.lower_swap_imm_own,no,thm,Support/Model/FrameSurgery.lean,BoCa/Reborrow.lean:9457,
BoCa.Fig16.ResU.lower_swap_mut_own,BoCa.Fig16.ResU.lower_swap_mut_own,no,thm,Support/Model/FrameSurgery.lean,BoCa/Reborrow.lean:9437,
BoCa.Fig16.ResU.valid_single_mut_of_wit,BoCa.Fig16.ResU.valid_single_mut_of_wit,no,thm,Support/Model/FrameSurgery.lean,BoCa/Reborrow.lean:9478,
BoCa.Fig16.ResU.wit_get_none_of_valid_mut,BoCa.Fig16.ResU.wit_get_none_of_valid_mut,no,thm,Support/Model/FrameSurgery.lean,BoCa/Reborrow.lean:9399,
BoCa.Fig16.LSet.exists_greatest,BoCa.Fig16.LSet.exists_greatest,no,thm,Support/Model/Lifetimes.lean,BoCa/Fig16.lean:359,
BoCa.Fig16.LSet.exists_least,BoCa.Fig16.LSet.exists_least,no,thm,Support/Model/Lifetimes.lean,BoCa/Fig16.lean:370,
BoCa.Fig16.LSet.ext,BoCa.Fig16.LSet.ext,no,thm,Support/Model/Lifetimes.lean,BoCa/Fig16.lean:280,
BoCa.Fig16.LSet.meet_mono_of_subset,BoCa.Fig16.LSet.meet_mono_of_subset,no,thm,Support/Model/Lifetimes.lean,BoCa/Fig16.lean:274,
BoCa.Fig16.LSet.nonempty,BoCa.Fig16.LSet.nonempty,no,thm,Support/Model/Lifetimes.lean,BoCa/Fig16.lean:401,
BoCa.Fig16.LSet.union_assoc,BoCa.Fig16.LSet.union_assoc,no,thm,Support/Model/Lifetimes.lean,BoCa/Fig16.lean:328,
BoCa.Fig16.LSet.union_comm,BoCa.Fig16.LSet.union_comm,no,thm,Support/Model/Lifetimes.lean,BoCa/Fig16.lean:322,
BoCa.Fig16.LSet.union_self,BoCa.Fig16.LSet.union_self,no,thm,Support/Model/Lifetimes.lean,BoCa/Fig16.lean:325,
BoCa.Fig16.Life.meet_comm,BoCa.Fig16.Life.meet_comm,no,thm,Support/Model/Lifetimes.lean,BoCa/Fig16.lean:230,
BoCa.Fig16.Life.meet_self,BoCa.Fig16.Life.meet_self,no,thm,Support/Model/Lifetimes.lean,BoCa/Fig16.lean:231,
BoCa.Fig16.Life.sqsupset_iff,BoCa.Fig16.Life.sqsupset_iff,no,thm,Support/Model/Lifetimes.lean,BoCa/Fig16.lean:223,
BoCa.Fig16.Life.top_sqsubseteq,BoCa.Fig16.Life.top_sqsubseteq,no,thm,Support/Model/Lifetimes.lean,BoCa/Fig16.lean:224,
BoCa.Fig16.BoLo.term!ₛ_,BoCa.Fig16.BoLo.term!ₛ_,no,def,Support/Model/Notation.lean,BoCa/Fig16.lean:10282,
BoCa.Fig16.AgW.inStratum_at,BoCa.Fig16.AgW.inStratum_at,no,thm,Support/Model/Outlives.lean,BoCa/Reborrow.lean:3884,
BoCa.Fig16.AgW.lsOf_source,BoCa.Fig16.AgW.lsOf_source,no,thm,Support/Model/Outlives.lean,BoCa/Reborrow.lean:3603,
BoCa.Fig16.BigComp.lsOf_inv,BoCa.Fig16.BigComp.lsOf_inv,no,thm,Support/Model/Outlives.lean,BoCa/Reborrow.lean:3567,
BoCa.Fig16.BoLo.AgW.inStratum,BoCa.Fig16.BoLo.AgW.inStratum,no,thm,Support/Model/Outlives.lean,BoCa/Fig16Wp.lean:1039,
BoCa.Fig16.BoLo.ExW.inStratum,BoCa.Fig16.BoLo.ExW.inStratum,no,thm,Support/Model/Outlives.lean,BoCa/Fig16Wp.lean:1011,
BoCa.Fig16.BoLo.agW_get_at,BoCa.Fig16.BoLo.agW_get_at,no,thm,Support/Model/Outlives.lean,BoCa/Fig16Wp.lean:1100,
BoCa.Fig16.BoLo.cellCompR_at_le_imm,BoCa.Fig16.BoLo.cellCompR_at_le_imm,no,thm,Support/Model/Outlives.lean,BoCa/Fig16Wp.lean:950,
BoCa.Fig16.BoLo.cellCompR_inStratum,BoCa.Fig16.BoLo.cellCompR_inStratum,no,thm,Support/Model/Outlives.lean,BoCa/Fig16Wp.lean:933,
BoCa.Fig16.BoLo.cellCompS_inStratum,BoCa.Fig16.BoLo.cellCompS_inStratum,no,thm,Support/Model/Outlives.lean,BoCa/Fig16Wp.lean:920,
BoCa.Fig16.BoLo.cell_at_of_inStratum,BoCa.Fig16.BoLo.cell_at_of_inStratum,no,thm,Support/Model/Outlives.lean,BoCa/Fig16Wp.lean:897,
BoCa.Fig16.BoLo.cell_inStratum_of_at,BoCa.Fig16.BoLo.cell_inStratum_of_at,no,thm,Support/Model/Outlives.lean,BoCa/Fig16Wp.lean:889,
BoCa.Fig16.BoLo.cell_wit_inStratum,BoCa.Fig16.BoLo.cell_wit_inStratum,no,thm,Support/Model/Outlives.lean,BoCa/Fig16Wp.lean:905,
BoCa.Fig16.BoLo.compR_get_at,BoCa.Fig16.BoLo.compR_get_at,no,thm,Support/Model/Outlives.lean,BoCa/Fig16Wp.lean:1083,
BoCa.Fig16.BoLo.compR_hC,BoCa.Fig16.BoLo.compR_hC,no,thm,Support/Model/Outlives.lean,BoCa/Fig16Wp.lean:1007,
BoCa.Fig16.BoLo.compS_hC,BoCa.Fig16.BoLo.compS_hC,no,thm,Support/Model/Outlives.lean,BoCa/Fig16Wp.lean:1003,
BoCa.Fig16.BoLo.flat_inStratum,BoCa.Fig16.BoLo.flat_inStratum,no,thm,Support/Model/Outlives.lean,BoCa/Fig16Wp.lean:1075,
BoCa.Fig16.BoLo.flat_inStratum_inv,BoCa.Fig16.BoLo.flat_inStratum_inv,no,thm,Support/Model/Outlives.lean,BoCa/Fig16Wp.lean:1109,
BoCa.Fig16.BoLo.inStratum_bigComp,BoCa.Fig16.BoLo.inStratum_bigComp,no,thm,Support/Model/Outlives.lean,BoCa/Fig16Wp.lean:988,
BoCa.Fig16.BoLo.inStratum_comp,BoCa.Fig16.BoLo.inStratum_comp,no,thm,Support/Model/Outlives.lean,BoCa/Fig16Wp.lean:971,
BoCa.Fig16.BoLo.inStratum_restrict,BoCa.Fig16.BoLo.inStratum_restrict,no,thm,Support/Model/Outlives.lean,BoCa/Fig16Wp.lean:967,
BoCa.Fig16.CellU.CompR.lsOf_inv,BoCa.Fig16.CellU.CompR.lsOf_inv,no,thm,Support/Model/Outlives.lean,BoCa/Reborrow.lean:3526,
BoCa.Fig16.CellU.compS_hC,BoCa.Fig16.CellU.compS_hC,no,thm,Support/Model/Outlives.lean,BoCa/Reborrow.lean:3829,
BoCa.Fig16.CellU.kind_of_lsOf,BoCa.Fig16.CellU.kind_of_lsOf,no,thm,Support/Model/Outlives.lean,BoCa/Reborrow.lean:3596,
BoCa.Fig16.CellU.not_at_lt_of_inStratum_down,BoCa.Fig16.CellU.not_at_lt_of_inStratum_down,no,thm,Support/Model/Outlives.lean,BoCa/Reborrow.lean:3695,
BoCa.Fig16.CellU.sqsupset_of_lsOf,BoCa.Fig16.CellU.sqsupset_of_lsOf,no,thm,Support/Model/Outlives.lean,BoCa/Reborrow.lean:3587,
BoCa.Fig16.CellU.wit_inStratum_at,BoCa.Fig16.CellU.wit_inStratum_at,no,thm,Support/Model/Outlives.lean,BoCa/Reborrow.lean:3515,
BoCa.Fig16.CellU.wit_inStratum_of_down,BoCa.Fig16.CellU.wit_inStratum_of_down,no,thm,Support/Model/Outlives.lean,BoCa/Reborrow.lean:3800,
BoCa.Fig16.ExW.inStratum_at,BoCa.Fig16.ExW.inStratum_at,no,thm,Support/Model/Outlives.lean,BoCa/Reborrow.lean:3854,
BoCa.Fig16.Life.le_of_down_lt,BoCa.Fig16.Life.le_of_down_lt,no,thm,Support/Model/Outlives.lean,BoCa/Reborrow.lean:3793,
BoCa.Fig16.Life.not_lt_of_down_lt,BoCa.Fig16.Life.not_lt_of_down_lt,no,thm,Support/Model/Outlives.lean,BoCa/Reborrow.lean:3689,
BoCa.Fig16.ResU.CompR.lsOf_inv,BoCa.Fig16.ResU.CompR.lsOf_inv,no,thm,Support/Model/Outlives.lean,BoCa/Reborrow.lean:3549,
BoCa.Fig16.ResU.CompS.inStratum_left,BoCa.Fig16.ResU.CompS.inStratum_left,no,thm,Support/Model/Outlives.lean,BoCa/Reborrow.lean:3704,
BoCa.Fig16.ResU.CompS.inStratum_left_at,BoCa.Fig16.ResU.CompS.inStratum_left_at,no,thm,Support/Model/Outlives.lean,BoCa/Reborrow.lean:3834,
BoCa.Fig16.ResU.CompS.inStratum_right,BoCa.Fig16.ResU.CompS.inStratum_right,no,thm,Support/Model/Outlives.lean,BoCa/Reborrow.lean:3718,
BoCa.Fig16.ResU.CompS.inStratum_right_at,BoCa.Fig16.ResU.CompS.inStratum_right_at,no,thm,Support/Model/Outlives.lean,BoCa/Reborrow.lean:3848,
BoCa.Fig16.ResU.Sub.inStratum,BoCa.Fig16.ResU.Sub.inStratum,no,thm,Support/Model/Outlives.lean,BoCa/Reborrow.lean:3966,
BoCa.Fig16.ResU.flat_imm_at_top_of_no_shorter,BoCa.Fig16.ResU.flat_imm_at_top_of_no_shorter,no,thm,Support/Model/Outlives.lean,BoCa/Reborrow.lean:3640,
BoCa.Fig16.ResU.flat_inStratum_at,BoCa.Fig16.ResU.flat_inStratum_at,no,thm,Support/Model/Outlives.lean,BoCa/Reborrow.lean:3915,
BoCa.Fig16.ResU.flat_inStratum_inv_at,BoCa.Fig16.ResU.flat_inStratum_inv_at,no,thm,Support/Model/Outlives.lean,BoCa/Reborrow.lean:3927,
BoCa.Fig16.ResU.inStratum_comp_at,BoCa.Fig16.ResU.inStratum_comp_at,no,thm,Support/Model/Outlives.lean,BoCa/Reborrow.lean:3813,
BoCa.Fig16.ResU.reb_restrictDom_exclPart_empty,BoCa.Fig16.ResU.reb_restrictDom_exclPart_empty,no,thm,Support/Model/Outlives.lean,BoCa/Reborrow.lean:4022,
BoCa.Fig16.ResU.updV_outlives_at,BoCa.Fig16.ResU.updV_outlives_at,no,thm,Support/Model/Outlives.lean,BoCa/Reborrow.lean:3945,
BoCa.Fig16.Equiv,BoCa.Fig16.Equiv,no,induct,Support/Model/Prelude.lean,BoCa/Fig16.lean:956,
BoCa.Fig16.Equiv.invFun,BoCa.Fig16.Equiv.invFun,no,def,Support/Model/Prelude.lean,BoCa/Fig16.lean:961,
BoCa.Fig16.Equiv.leftInv,BoCa.Fig16.Equiv.leftInv,no,thm,Support/Model/Prelude.lean,BoCa/Fig16.lean:963,
BoCa.Fig16.Equiv.mk,BoCa.Fig16.Equiv.mk,no,ctor,Support/Model/Prelude.lean,BoCa/Fig16.lean:957,
BoCa.Fig16.Equiv.rightInv,BoCa.Fig16.Equiv.rightInv,no,thm,Support/Model/Prelude.lean,BoCa/Fig16.lean:965,
BoCa.Fig16.Equiv.toFun,BoCa.Fig16.Equiv.toFun,no,def,Support/Model/Prelude.lean,BoCa/Fig16.lean:959,
BoCa.Fig16.FinDom,BoCa.Fig16.FinDom,no,def,Support/Model/Prelude.lean,BoCa/Fig16.lean:438,
BoCa.Fig16.Kind,BoCa.Fig16.Kind,no,induct,Support/Model/Prelude.lean,BoCa/Fig16.lean:1201,5.49
BoCa.Fig16.Kind.imm,BoCa.Fig16.Kind.imm,no,ctor,Support/Model/Prelude.lean,BoCa/Fig16.lean:1205,5.49
BoCa.Fig16.Kind.imm.elim,BoCa.Fig16.Kind.imm.elim,no,def,Support/Model/Prelude.lean,BoCa/Fig16.lean:1205,5.49
BoCa.Fig16.Kind.mut,BoCa.Fig16.Kind.mut,no,ctor,Support/Model/Prelude.lean,BoCa/Fig16.lean:1207,5.49
BoCa.Fig16.Kind.mut.elim,BoCa.Fig16.Kind.mut.elim,no,def,Support/Model/Prelude.lean,BoCa/Fig16.lean:1207,5.49
BoCa.Fig16.Kind.ofNat,BoCa.Fig16.Kind.ofNat,no,def,Support/Model/Prelude.lean,BoCa/Fig16.lean:1201,5.49
BoCa.Fig16.Kind.ofNat_ctorIdx,BoCa.Fig16.Kind.ofNat_ctorIdx,no,thm,Support/Model/Prelude.lean,BoCa/Fig16.lean:1201,5.49
BoCa.Fig16.Kind.own,BoCa.Fig16.Kind.own,no,ctor,Support/Model/Prelude.lean,BoCa/Fig16.lean:1203,5.49
BoCa.Fig16.Kind.own.elim,BoCa.Fig16.Kind.own.elim,no,def,Support/Model/Prelude.lean,BoCa/Fig16.lean:1203,5.49
BoCa.Fig16.Kind.toCtorIdx,BoCa.Fig16.Kind.toCtorIdx,no,def,Support/Model/Prelude.lean,BoCa/Fig16.lean:1201,5.49
BoCa.Fig16.cast_left,BoCa.Fig16.cast_left,no,thm,Support/Model/Prelude.lean,BoCa/Fig16.lean:616,
BoCa.Fig16.cast_right,BoCa.Fig16.cast_right,no,thm,Support/Model/Prelude.lean,BoCa/Fig16.lean:619,
BoCa.Fig16.instDecidableEqKind,BoCa.Fig16.instDecidableEqKind,no,def,Support/Model/Prelude.lean,BoCa/Fig16.lean:1209,5.49
BoCa.Fig16.leMaxL,BoCa.Fig16.leMaxL,no,thm,Support/Model/Prelude.lean,BoCa/Fig16.lean:142,
BoCa.Fig16.leMaxR,BoCa.Fig16.leMaxR,no,thm,Support/Model/Prelude.lean,BoCa/Fig16.lean:143,
BoCa.Fig16.minLeL,BoCa.Fig16.minLeL,no,thm,Support/Model/Prelude.lean,BoCa/Fig16.lean:140,
BoCa.Fig16.minLeR,BoCa.Fig16.minLeR,no,thm,Support/Model/Prelude.lean,BoCa/Fig16.lean:141,
BoCa.Fig16.BoLo.BiEntails,BoCa.Fig16.BoLo.BiEntails,no,def,Support/Model/Propositions.lean,BoCa/Fig16.lean:10229,
BoCa.Fig16.BoLo.Entails,BoCa.Fig16.BoLo.Entails,no,def,Support/Model/Propositions.lean,BoCa/Fig16.lean:10226,
BoCa.Fig16.BoLo.Outlives.mono,BoCa.Fig16.BoLo.Outlives.mono,no,thm,Support/Model/Propositions.lean,BoCa/Fig16.lean:10644,
BoCa.Fig16.BoLo.compS_empty_left,BoCa.Fig16.BoLo.compS_empty_left,no,thm,Support/Model/Propositions.lean,BoCa/Fig16.lean:10383,
BoCa.Fig16.BoLo.emp_empty,BoCa.Fig16.BoLo.emp_empty,no,thm,Support/Model/Propositions.lean,BoCa/Fig16.lean:10381,
BoCa.Fig16.BoLo.eq_of_compS_empty_left,BoCa.Fig16.BoLo.eq_of_compS_empty_left,no,thm,Support/Model/Propositions.lean,BoCa/Fig16.lean:10388,
BoCa.Fig16.BoLo.hash_valid,BoCa.Fig16.BoLo.hash_valid,no,thm,Support/Model/Propositions.lean,BoCa/Fig16Wp.lean:145,
BoCa.Fig16.BoLo.hash_valid_comp,BoCa.Fig16.BoLo.hash_valid_comp,no,thm,Support/Model/Propositions.lean,BoCa/Fig16Wp.lean:136,
BoCa.Fig16.BoLo.outlives_comp,BoCa.Fig16.BoLo.outlives_comp,no,thm,Support/Model/Propositions.lean,BoCa/Fig16.lean:10653,
BoCa.Fig16.BoLo.outlives_of_atLife,BoCa.Fig16.BoLo.outlives_of_atLife,no,thm,Support/Model/Propositions.lean,BoCa/Fig16.lean:10609,
BoCa.Fig16.BoLo.ptoAny_of_own,BoCa.Fig16.BoLo.ptoAny_of_own,no,thm,Support/Model/Propositions.lean,BoCa/Fig16.lean:10862,
BoCa.Fig16.BoLo.ptoMut_of_cell,BoCa.Fig16.BoLo.ptoMut_of_cell,no,thm,Support/Model/Propositions.lean,BoCa/Fig16.lean:10872,
BoCa.Fig16.BoLo.sep_assoc',BoCa.Fig16.BoLo.sep_assoc',no,thm,Support/Model/Propositions.lean,BoCa/Fig16.lean:10581,
BoCa.Fig16.BoLo.wp_updV_iff_upd,BoCa.Fig16.BoLo.wp_updV_iff_upd,no,thm,Support/Model/Propositions.lean,BoCa/Fig16Wp.lean:235,
BoCa.Fig16.AgW.single_imm_inv,BoCa.Fig16.AgW.single_imm_inv,no,thm,Support/Model/Reborrow.lean,BoCa/Reborrow.lean:324,
BoCa.Fig16.BigComp.dom,BoCa.Fig16.BigComp.dom,no,thm,Support/Model/Reborrow.lean,BoCa/Reborrow.lean:174,
BoCa.Fig16.BigComp.nil_inv,BoCa.Fig16.BigComp.nil_inv,no,thm,Support/Model/Reborrow.lean,BoCa/Reborrow.lean:289,
BoCa.Fig16.CellU.CompR.erase_left,BoCa.Fig16.CellU.CompR.erase_left,no,thm,Support/Model/Reborrow.lean,BoCa/Reborrow.lean:101,
BoCa.Fig16.CellU.CompR.erase_right,BoCa.Fig16.CellU.CompR.erase_right,no,thm,Support/Model/Reborrow.lean,BoCa/Reborrow.lean:107,
BoCa.Fig16.CellU.CompR.nonown_left,BoCa.Fig16.CellU.CompR.nonown_left,no,thm,Support/Model/Reborrow.lean,BoCa/Reborrow.lean:113,
BoCa.Fig16.CellU.CompR.nonown_right,BoCa.Fig16.CellU.CompR.nonown_right,no,thm,Support/Model/Reborrow.lean,BoCa/Reborrow.lean:129,
BoCa.Fig16.CellU.CompatS.kind_left,BoCa.Fig16.CellU.CompatS.kind_left,no,thm,Support/Model/Reborrow.lean,BoCa/Reborrow.lean:76,
BoCa.Fig16.CellU.compatS_of,BoCa.Fig16.CellU.compatS_of,no,thm,Support/Model/Reborrow.lean,BoCa/Reborrow.lean:82,
BoCa.Fig16.CellU.eq_ownOf_of_kind,BoCa.Fig16.CellU.eq_ownOf_of_kind,no,thm,Support/Model/Reborrow.lean,BoCa/Reborrow.lean:67,
BoCa.Fig16.ExR.get_of_ne_imm,BoCa.Fig16.ExR.get_of_ne_imm,no,thm,Support/Model/Reborrow.lean,BoCa/Reborrow.lean:293,
BoCa.Fig16.ResU.Comp.dom_left,BoCa.Fig16.ResU.Comp.dom_left,no,thm,Support/Model/Reborrow.lean,BoCa/Reborrow.lean:154,
BoCa.Fig16.ResU.Comp.dom_right,BoCa.Fig16.ResU.Comp.dom_right,no,thm,Support/Model/Reborrow.lean,BoCa/Reborrow.lean:164,
BoCa.Fig16.ResU.frame_cell,BoCa.Fig16.ResU.frame_cell,no,thm,Support/Model/Reborrow.lean,BoCa/Reborrow.lean:412,
BoCa.Fig16.ResU.reb_dom_subset,BoCa.Fig16.ResU.reb_dom_subset,no,thm,Support/Model/Reborrow.lean,BoCa/Reborrow.lean:188,
BoCa.Fig16.ResU.reb_imm_cell_kw,BoCa.Fig16.ResU.reb_imm_cell_kw,no,thm,Support/Model/Reborrow.lean,BoCa/Reborrow.lean:221,
BoCa.Fig16.ResU.reb_imm_cell_sub,BoCa.Fig16.ResU.reb_imm_cell_sub,no,thm,Support/Model/Reborrow.lean,BoCa/Reborrow.lean:202,
BoCa.Fig16.ResU.reb_src,BoCa.Fig16.ResU.reb_src,no,thm,Support/Model/Reborrow.lean,BoCa/Reborrow.lean:235,
BoCa.Fig16.ResU.sites_nil_of_none,BoCa.Fig16.ResU.sites_nil_of_none,no,thm,Support/Model/Reborrow.lean,BoCa/Reborrow.lean:267,
BoCa.Fig16.ResU.sites_singleton_of,BoCa.Fig16.ResU.sites_singleton_of,no,thm,Support/Model/Reborrow.lean,BoCa/Reborrow.lean:275,
BoCa.Fig16.ResU.witFlat_cell,BoCa.Fig16.ResU.witFlat_cell,no,thm,Support/Model/Reborrow.lean,BoCa/Reborrow.lean:380,
BoCa.Fig16.BigComp.sublist_factor,BoCa.Fig16.BigComp.sublist_factor,no,thm,Support/Model/ReborrowFrame.lean,BoCa/Reborrow.lean:1491,
BoCa.Fig16.EscrowAgree,BoCa.Fig16.EscrowAgree,no,def,Support/Model/ReborrowFrame.lean,BoCa/Reborrow.lean:519,
BoCa.Fig16.ExW.empty_of_all_imm,BoCa.Fig16.ExW.empty_of_all_imm,no,thm,Support/Model/ReborrowFrame.lean,BoCa/Reborrow.lean:1231,
BoCa.Fig16.ExW.under_le,BoCa.Fig16.ExW.under_le,no,thm,Support/Model/ReborrowFrame.lean,BoCa/Reborrow.lean:937,
BoCa.Fig16.ResU.CompS.erase_left,BoCa.Fig16.ResU.CompS.erase_left,no,thm,Support/Model/ReborrowFrame.lean,BoCa/Reborrow.lean:1440,
BoCa.Fig16.ResU.CompS.inStratum,BoCa.Fig16.ResU.CompS.inStratum,no,thm,Support/Model/ReborrowFrame.lean,BoCa/Reborrow.lean:1477,
BoCa.Fig16.ResU.CompatS.of_factors,BoCa.Fig16.ResU.CompatS.of_factors,no,thm,Support/Model/ReborrowFrame.lean,BoCa/Reborrow.lean:1459,
BoCa.Fig16.ResU.Under,BoCa.Fig16.ResU.Under,no,def,Support/Model/ReborrowFrame.lean,BoCa/Reborrow.lean:878,
BoCa.Fig16.ResU.Under.bigComp,BoCa.Fig16.ResU.Under.bigComp,no,thm,Support/Model/ReborrowFrame.lean,BoCa/Reborrow.lean:924,
BoCa.Fig16.ResU.Under.compR,BoCa.Fig16.ResU.Under.compR,no,thm,Support/Model/ReborrowFrame.lean,BoCa/Reborrow.lean:904,
BoCa.Fig16.ResU.Under.of_factor,BoCa.Fig16.ResU.Under.of_factor,no,thm,Support/Model/ReborrowFrame.lean,BoCa/Reborrow.lean:889,
BoCa.Fig16.ResU.agW_of_hash_left,BoCa.Fig16.ResU.agW_of_hash_left,no,thm,Support/Model/ReborrowFrame.lean,BoCa/Reborrow.lean:508,
BoCa.Fig16.ResU.ag_cell_of_reb,BoCa.Fig16.ResU.ag_cell_of_reb,no,thm,Support/Model/ReborrowFrame.lean,BoCa/Reborrow.lean:992,
BoCa.Fig16.ResU.ag_dom_of_reb,BoCa.Fig16.ResU.ag_dom_of_reb,no,thm,Support/Model/ReborrowFrame.lean,BoCa/Reborrow.lean:1138,
BoCa.Fig16.ResU.del_compS,BoCa.Fig16.ResU.del_compS,no,thm,Support/Model/ReborrowFrame.lean,BoCa/Reborrow.lean:816,
BoCa.Fig16.ResU.flatR_of_valid_single_imm,BoCa.Fig16.ResU.flatR_of_valid_single_imm,no,thm,Support/Model/ReborrowFrame.lean,BoCa/Reborrow.lean:1151,
BoCa.Fig16.ResU.frame_compatR_ag,BoCa.Fig16.ResU.frame_compatR_ag,no,thm,Support/Model/ReborrowFrame.lean,BoCa/Reborrow.lean:1323,
BoCa.Fig16.ResU.frame_compatS_ag,BoCa.Fig16.ResU.frame_compatS_ag,no,thm,Support/Model/ReborrowFrame.lean,BoCa/Reborrow.lean:1298,
BoCa.Fig16.ResU.frame_flat_facts,BoCa.Fig16.ResU.frame_flat_facts,no,thm,Support/Model/ReborrowFrame.lean,BoCa/Reborrow.lean:1256,
BoCa.Fig16.ResU.reb_imm_image,BoCa.Fig16.ResU.reb_imm_image,no,thm,Support/Model/ReborrowFrame.lean,BoCa/Reborrow.lean:803,
BoCa.Fig16.ResU.reb_overlap,BoCa.Fig16.ResU.reb_overlap,no,thm,Support/Model/ReborrowFrame.lean,BoCa/Reborrow.lean:1523,
BoCa.Fig16.ResU.reb_own_le,BoCa.Fig16.ResU.reb_own_le,no,thm,Support/Model/ReborrowFrame.lean,BoCa/Reborrow.lean:836,
BoCa.Fig16.ResU.six61_imm_at,BoCa.Fig16.ResU.six61_imm_at,no,thm,Support/Model/ReborrowFrame.lean,BoCa/Reborrow.lean:1575,
BoCa.Fig16.ResU.six61_side,BoCa.Fig16.ResU.six61_side,no,thm,Support/Model/ReborrowFrame.lean,BoCa/Reborrow.lean:1545,
BoCa.Fig16.escrowAgree_of_no_own,BoCa.Fig16.escrowAgree_of_no_own,no,thm,Support/Model/ReborrowFrame.lean,BoCa/Reborrow.lean:548,
BoCa.Fig16.BigComp.absorb,BoCa.Fig16.BigComp.absorb,no,thm,Support/Model/ReborrowLowering.lean,BoCa/Reborrow.lean:2025,
BoCa.Fig16.CellU.compR_imm_sub,BoCa.Fig16.CellU.compR_imm_sub,no,thm,Support/Model/ReborrowLowering.lean,BoCa/Reborrow.lean:2047,
BoCa.Fig16.ResU.CompR.absorb,BoCa.Fig16.ResU.CompR.absorb,no,thm,Support/Model/ReborrowLowering.lean,BoCa/Reborrow.lean:2000,
BoCa.Fig16.ResU.CompR.absorb_comp,BoCa.Fig16.ResU.CompR.absorb_comp,no,thm,Support/Model/ReborrowLowering.lean,BoCa/Reborrow.lean:2018,
BoCa.Fig16.ResU.LeR.absorb,BoCa.Fig16.ResU.LeR.absorb,no,thm,Support/Model/ReborrowLowering.lean,BoCa/Reborrow.lean:2012,
BoCa.Fig16.ResU.lower_congr_iff,BoCa.Fig16.ResU.lower_congr_iff,no,thm,Support/Model/ReborrowLowering.lean,BoCa/Reborrow.lean:2315,
BoCa.Fig16.ResU.reb_immPart_ag_absorbs,BoCa.Fig16.ResU.reb_immPart_ag_absorbs,no,thm,Support/Model/ReborrowLowering.lean,BoCa/Reborrow.lean:2102,
BoCa.Fig16.ResU.restrictDom_compR_restrict,BoCa.Fig16.ResU.restrictDom_compR_restrict,no,thm,Support/Model/ReborrowLowering.lean,BoCa/Reborrow.lean:2063,
BoCa.Fig16.ResU.restrictDom_dom,BoCa.Fig16.ResU.restrictDom_dom,no,thm,Support/Model/ReborrowLowering.lean,BoCa/Reborrow.lean:2040,
BoCa.Fig16.ResU.restrictDom_split,BoCa.Fig16.ResU.restrictDom_split,no,thm,Support/Model/ReborrowLowering.lean,BoCa/Reborrow.lean:2267,
BoCa.Fig16.BoLo.RebEscrow,BoCa.Fig16.BoLo.RebEscrow,no,def,Support/Model/ReborrowRule.lean,BoCa/RebWp.lean:71,
BoCa.Fig16.BoLo.exists_shorter,BoCa.Fig16.BoLo.exists_shorter,no,thm,Support/Model/ReborrowRule.lean,BoCa/RebWp.lean:90,
BoCa.Fig16.BoLo.noOwn_exclPart,BoCa.Fig16.BoLo.noOwn_exclPart,no,thm,Support/Model/ReborrowRule.lean,BoCa/RebWp.lean:111,
BoCa.Fig16.BoLo.noOwn_le_restrict_imm,BoCa.Fig16.BoLo.noOwn_le_restrict_imm,no,thm,Support/Model/ReborrowRule.lean,BoCa/RebWp.lean:116,
BoCa.Fig16.BoLo.noOwn_single_imm,BoCa.Fig16.BoLo.noOwn_single_imm,no,thm,Support/Model/ReborrowRule.lean,BoCa/RebWp.lean:99,
BoCa.Fig16.BoLo.noOwn_subKeep,BoCa.Fig16.BoLo.noOwn_subKeep,no,thm,Support/Model/ReborrowRule.lean,BoCa/RebWp.lean:139,
BoCa.Fig16.CellU.compR_ne_imm,BoCa.Fig16.CellU.compR_ne_imm,no,thm,Support/Model/RelaxedWalks.lean,BoCa/Fig16.lean:2678,
BoCa.Fig16.ExR.immFree,BoCa.Fig16.ExR.immFree,no,thm,Support/Model/RelaxedWalks.lean,BoCa/Fig16.lean:2762,
BoCa.Fig16.ResU.FlatR.functional,BoCa.Fig16.ResU.FlatR.functional,no,thm,Support/Model/RelaxedWalks.lean,BoCa/Fig16.lean:4556,
BoCa.Fig16.ResU.delDom_get_of_none,BoCa.Fig16.ResU.delDom_get_of_none,no,thm,Support/Model/Restriction.lean,BoCa/Reborrow.lean:1807,
BoCa.Fig16.ResU.delDom_get_of_some,BoCa.Fig16.ResU.delDom_get_of_some,no,thm,Support/Model/Restriction.lean,BoCa/Reborrow.lean:1802,
BoCa.Fig16.ResU.restrictDom_compS,BoCa.Fig16.ResU.restrictDom_compS,no,thm,Support/Model/Restriction.lean,BoCa/Reborrow.lean:1819,
BoCa.Fig16.ResU.restrictDom_get_inv,BoCa.Fig16.ResU.restrictDom_get_inv,no,thm,Support/Model/Restriction.lean,BoCa/Reborrow.lean:1812,
BoCa.Fig16.ResU.restrictDom_get_of_none,BoCa.Fig16.ResU.restrictDom_get_of_none,no,thm,Support/Model/Restriction.lean,BoCa/Reborrow.lean:1797,
BoCa.Fig16.ResU.restrictDom_get_of_some,BoCa.Fig16.ResU.restrictDom_get_of_some,no,thm,Support/Model/Restriction.lean,BoCa/Reborrow.lean:1791,
BoCa.Fig16.AgW.single_own,BoCa.Fig16.AgW.single_own,no,thm,Support/Model/Singletons.lean,BoCa/Fig16.lean:8871,
BoCa.Fig16.ExW.single_own,BoCa.Fig16.ExW.single_own,no,thm,Support/Model/Singletons.lean,BoCa/Fig16.lean:8860,
BoCa.Fig16.ResU.LeR,BoCa.Fig16.ResU.LeR,no,def,Support/Model/Singletons.lean,BoCa/Fig16.lean:2497,
BoCa.Fig16.ResU.comp_empty_left,BoCa.Fig16.ResU.comp_empty_left,no,thm,Support/Model/Singletons.lean,BoCa/Fig16.lean:8812,
BoCa.Fig16.ResU.flat_single_own,BoCa.Fig16.ResU.flat_single_own,no,thm,Support/Model/Singletons.lean,BoCa/Fig16.lean:8882,
BoCa.Fig16.ResU.inStratum_empty,BoCa.Fig16.ResU.inStratum_empty,no,thm,Support/Model/Singletons.lean,BoCa/Fig16.lean:2464,
BoCa.Fig16.ResU.inStratum_single,BoCa.Fig16.ResU.inStratum_single,no,thm,Support/Model/Singletons.lean,BoCa/Fig16.lean:2469,
BoCa.Fig16.ResU.inStratum_single_own,BoCa.Fig16.ResU.inStratum_single_own,no,thm,Support/Model/Singletons.lean,BoCa/Fig16.lean:2477,
BoCa.Fig16.ResU.restrictOn_eq_some,BoCa.Fig16.ResU.restrictOn_eq_some,no,thm,Support/Model/Singletons.lean,BoCa/Fig16.lean:2416,
BoCa.Fig16.ResU.restrict_single_other,BoCa.Fig16.ResU.restrict_single_other,no,thm,Support/Model/Singletons.lean,BoCa/Fig16.lean:8836,
BoCa.Fig16.ResU.restrict_single_self,BoCa.Fig16.ResU.restrict_single_self,no,thm,Support/Model/Singletons.lean,BoCa/Fig16.lean:8821,
BoCa.Fig16.ResU.single_get_eq_some,BoCa.Fig16.ResU.single_get_eq_some,no,thm,Support/Model/Singletons.lean,BoCa/Fig16.lean:2482,
BoCa.Fig16.ResU.single_get_ne,BoCa.Fig16.ResU.single_get_ne,no,thm,Support/Model/Singletons.lean,BoCa/Fig16.lean:2461,
BoCa.Fig16.ResU.sites_single_other,BoCa.Fig16.ResU.sites_single_other,no,thm,Support/Model/Singletons.lean,BoCa/Fig16.lean:8854,
BoCa.Fig16.ResU.sites_single_self,BoCa.Fig16.ResU.sites_single_self,no,thm,Support/Model/Singletons.lean,BoCa/Fig16.lean:8846,
BoCa.Fig16.ResU.valid_single_own,BoCa.Fig16.ResU.valid_single_own,no,thm,Support/Model/Singletons.lean,BoCa/Fig16.lean:8888,
BoCa.Fig16.ResU.exists_stratum,BoCa.Fig16.ResU.exists_stratum,no,thm,Support/Model/Strata.lean,BoCa/Fig16.lean:1363,
BoCa.Fig16.CellU.subLS,BoCa.Fig16.CellU.subLS,no,def,Support/Model/Subtraction.lean,BoCa/Reborrow.lean:3219,
BoCa.Fig16.CellU.subLS_of_diff,BoCa.Fig16.CellU.subLS_of_diff,no,thm,Support/Model/Subtraction.lean,BoCa/Reborrow.lean:3239,
BoCa.Fig16.CellU.subLS_of_diffEmpty,BoCa.Fig16.CellU.subLS_of_diffEmpty,no,thm,Support/Model/Subtraction.lean,BoCa/Reborrow.lean:3232,
BoCa.Fig16.LSet.Diff.functional,BoCa.Fig16.LSet.Diff.functional,no,thm,Support/Model/Subtraction.lean,BoCa/Reborrow.lean:3115,
BoCa.Fig16.LSet.diff_inStratum,BoCa.Fig16.LSet.diff_inStratum,no,thm,Support/Model/Subtraction.lean,BoCa/Fig16.lean:2908,
BoCa.Fig16.LSet.diff_join_le,BoCa.Fig16.LSet.diff_join_le,no,thm,Support/Model/Subtraction.lean,BoCa/Fig16.lean:2905,
BoCa.Fig16.LSet.diff_union,BoCa.Fig16.LSet.diff_union,no,thm,Support/Model/Subtraction.lean,BoCa/Reborrow.lean:3120,
BoCa.Fig16.LSet.eq_of_diffEmpty,BoCa.Fig16.LSet.eq_of_diffEmpty,no,thm,Support/Model/Subtraction.lean,BoCa/Reborrow.lean:3133,
BoCa.Fig16.LSet.exists_diff,BoCa.Fig16.LSet.exists_diff,no,thm,Support/Model/Subtraction.lean,BoCa/Fig16.lean:2918,
BoCa.Fig16.ResU.SubKeep.compS,BoCa.Fig16.ResU.SubKeep.compS,no,thm,Support/Model/Subtraction.lean,BoCa/Reborrow.lean:3453,
BoCa.Fig16.ResU.SubKeep.functional,BoCa.Fig16.ResU.SubKeep.functional,no,thm,Support/Model/Subtraction.lean,BoCa/Reborrow.lean:3400,
BoCa.Fig16.ResU.SubKeep.toSub,BoCa.Fig16.ResU.SubKeep.toSub,no,thm,Support/Model/Subtraction.lean,BoCa/Fig16.lean:3022,
BoCa.Fig16.ResU.exclPart_eq_some,BoCa.Fig16.ResU.exclPart_eq_some,no,thm,Support/Model/Subtraction.lean,BoCa/Reborrow.lean:3138,
BoCa.Fig16.ResU.exclPart_restrict_compS,BoCa.Fig16.ResU.exclPart_restrict_compS,no,thm,Support/Model/Subtraction.lean,BoCa/Reborrow.lean:3147,
BoCa.Fig16.ResU.subWitness,BoCa.Fig16.ResU.subWitness,no,def,Support/Model/Subtraction.lean,BoCa/Reborrow.lean:3251,
BoCa.Fig16.ResU.subWitness_dom,BoCa.Fig16.ResU.subWitness_dom,no,thm,Support/Model/Subtraction.lean,BoCa/Reborrow.lean:3286,
BoCa.Fig16.ResU.subWitness_of_imm,BoCa.Fig16.ResU.subWitness_of_imm,no,thm,Support/Model/Subtraction.lean,BoCa/Reborrow.lean:3276,
BoCa.Fig16.ResU.subWitness_of_none,BoCa.Fig16.ResU.subWitness_of_none,no,thm,Support/Model/Subtraction.lean,BoCa/Reborrow.lean:3267,
BoCa.Fig16.ResU.sub_of_le,BoCa.Fig16.ResU.sub_of_le,no,thm,Support/Model/Subtraction.lean,BoCa/Reborrow.lean:3298,
BoCa.Fig16.ResU.six52_keep,BoCa.Fig16.ResU.six52_keep,no,thm,Support/Model/SubtractionKeep.lean,BoCa/Reborrow.lean:4243,
BoCa.Fig16.AgW.get_ls_imm,BoCa.Fig16.AgW.get_ls_imm,no,thm,Support/Model/Surgery.lean,BoCa/Reborrow.lean:2780,
BoCa.Fig16.AgW.single_imm,BoCa.Fig16.AgW.single_imm,no,thm,Support/Model/Surgery.lean,BoCa/Reborrow.lean:8306,
BoCa.Fig16.AgW.single_mut,BoCa.Fig16.AgW.single_mut,no,thm,Support/Model/Surgery.lean,BoCa/Reborrow.lean:9069,
BoCa.Fig16.AgW.single_mut_inv,BoCa.Fig16.AgW.single_mut_inv,no,thm,Support/Model/Surgery.lean,BoCa/Reborrow.lean:8854,
BoCa.Fig16.BigComp.toR,BoCa.Fig16.BigComp.toR,no,thm,Support/Model/Surgery.lean,BoCa/Reborrow.lean:2638,
BoCa.Fig16.CellU.CompR.imm_union,BoCa.Fig16.CellU.CompR.imm_union,no,thm,Support/Model/Surgery.lean,BoCa/Reborrow.lean:5545,
BoCa.Fig16.CellU.CompR.ls_imm,BoCa.Fig16.CellU.CompR.ls_imm,no,thm,Support/Model/Surgery.lean,BoCa/Reborrow.lean:2697,
BoCa.Fig16.ExW.single_mut,BoCa.Fig16.ExW.single_mut,no,thm,Support/Model/Surgery.lean,BoCa/Reborrow.lean:9047,
BoCa.Fig16.ExW.single_mut_inv,BoCa.Fig16.ExW.single_mut_inv,no,thm,Support/Model/Surgery.lean,BoCa/Reborrow.lean:8802,
BoCa.Fig16.ResU.CompR.get_ls_imm,BoCa.Fig16.ResU.CompR.get_ls_imm,no,thm,Support/Model/Surgery.lean,BoCa/Reborrow.lean:2749,
BoCa.Fig16.ResU.Flat.get_ls_imm,BoCa.Fig16.ResU.Flat.get_ls_imm,no,thm,Support/Model/Surgery.lean,BoCa/Reborrow.lean:2796,
BoCa.Fig16.ResU.SixThirtyEight,BoCa.Fig16.ResU.SixThirtyEight,no,def,Support/Model/Surgery.lean,BoCa/Reborrow.lean:8585,
BoCa.Fig16.ResU.SixThirtyEightResidual,BoCa.Fig16.ResU.SixThirtyEightResidual,no,def,Support/Model/Surgery.lean,BoCa/Reborrow.lean:8692,
BoCa.Fig16.ResU.compS_agree_off_right,BoCa.Fig16.ResU.compS_agree_off_right,no,thm,Support/Model/Surgery.lean,BoCa/Reborrow.lean:9026,
BoCa.Fig16.ResU.compS_single_get_ne,BoCa.Fig16.ResU.compS_single_get_ne,no,thm,Support/Model/Surgery.lean,BoCa/Reborrow.lean:5658,
BoCa.Fig16.ResU.compS_single_get_self,BoCa.Fig16.ResU.compS_single_get_self,no,thm,Support/Model/Surgery.lean,BoCa/Reborrow.lean:5669,
BoCa.Fig16.ResU.compatS_congr_of_excl,BoCa.Fig16.ResU.compatS_congr_of_excl,no,thm,Support/Model/Surgery.lean,BoCa/Reborrow.lean:9007,
BoCa.Fig16.ResU.eq_of_comp_empty_left,BoCa.Fig16.ResU.eq_of_comp_empty_left,no,thm,Support/Model/Surgery.lean,BoCa/Reborrow.lean:8789,
BoCa.Fig16.ResU.eq_of_comp_empty_right,BoCa.Fig16.ResU.eq_of_comp_empty_right,no,thm,Support/Model/Surgery.lean,BoCa/Reborrow.lean:8773,
BoCa.Fig16.ResU.flat_get_of_ne_imm,BoCa.Fig16.ResU.flat_get_of_ne_imm,no,thm,Support/Model/Surgery.lean,BoCa/Reborrow.lean:9545,
BoCa.Fig16.ResU.flat_imm_at_top,BoCa.Fig16.ResU.flat_imm_at_top,no,thm,Support/Model/Surgery.lean,BoCa/Reborrow.lean:2856,
BoCa.Fig16.ResU.flat_own_normal,BoCa.Fig16.ResU.flat_own_normal,no,thm,Support/Model/Surgery.lean,BoCa/Reborrow.lean:5681,
BoCa.Fig16.ResU.six38_no_borrow_in_frame,BoCa.Fig16.ResU.six38_no_borrow_in_frame,no,thm,Support/Model/Surgery.lean,BoCa/Reborrow.lean:8605,
BoCa.Fig16.ResU.updV_inStratum,BoCa.Fig16.ResU.updV_inStratum,no,thm,Support/Model/Surgery.lean,BoCa/Reborrow.lean:9521,
BoCa.Fig16.ResU.walks_none_of_hash_own,BoCa.Fig16.ResU.walks_none_of_hash_own,no,thm,Support/Model/Surgery.lean,BoCa/Reborrow.lean:8328,
BoCa.Fig16.BigComp.single,BoCa.Fig16.BigComp.single,no,thm,Support/Model/Update.lean,BoCa/Fig16.lean:8470,
BoCa.Fig16.CellU.CompR.imm_nonimm_left,BoCa.Fig16.CellU.CompR.imm_nonimm_left,no,thm,Support/Model/Update.lean,BoCa/Reborrow.lean:5356,
BoCa.Fig16.CellU.Sim.symm,BoCa.Fig16.CellU.Sim.symm,no,thm,Support/Model/Update.lean,BoCa/Reborrow.lean:5088,
BoCa.Fig16.ResU.Le.empty,BoCa.Fig16.ResU.Le.empty,no,thm,Support/Model/Update.lean,BoCa/Fig16.lean:8460,
BoCa.Fig16.ResU.Le.refl,BoCa.Fig16.ResU.Le.refl,no,thm,Support/Model/Update.lean,BoCa/Fig16.lean:8446,
BoCa.Fig16.ResU.Le.trans,BoCa.Fig16.ResU.Le.trans,no,thm,Support/Model/Update.lean,BoCa/Fig16.lean:8451,
BoCa.Fig16.ResU.SimFormAt,BoCa.Fig16.ResU.SimFormAt,no,def,Support/Model/Update.lean,BoCa/Reborrow.lean:5421,
BoCa.Fig16.ResU.Upd.symm,BoCa.Fig16.ResU.Upd.symm,no,thm,Support/Model/Update.lean,BoCa/Fig16.lean:7919,
BoCa.Fig16.ResU.borrowPart_eq_some,BoCa.Fig16.ResU.borrowPart_eq_some,no,thm,Support/Model/Update.lean,BoCa/Reborrow.lean:5132,
BoCa.Fig16.ResU.del_get_ne,BoCa.Fig16.ResU.del_get_ne,no,thm,Support/Model/Update.lean,BoCa/Fig16.lean:8355,
BoCa.Fig16.ResU.dom_single,BoCa.Fig16.ResU.dom_single,no,thm,Support/Model/Update.lean,BoCa/Fig16.lean:8325,
BoCa.Fig16.ResU.flatAt_iff,BoCa.Fig16.ResU.flatAt_iff,no,thm,Support/Model/Update.lean,BoCa/Fig16.lean:7803,
BoCa.Fig16.ResU.simForm_iff_at,BoCa.Fig16.ResU.simForm_iff_at,no,thm,Support/Model/Update.lean,BoCa/Reborrow.lean:5435,
BoCa.Fig16.ResU.sim_of_upd,BoCa.Fig16.ResU.sim_of_upd,no,thm,Support/Model/Update.lean,BoCa/Reborrow.lean:5149,
BoCa.Fig16.ResU.upd_of_flat,BoCa.Fig16.ResU.upd_of_flat,no,thm,Support/Model/Update.lean,BoCa/Fig16.lean:7881,
BoCa.Fig16.BoLo.CellUpd,BoCa.Fig16.BoLo.CellUpd,no,def,Support/Model/UpdateFrame.lean,BoCa/Fig16Wp.lean:1429,
BoCa.Fig16.BoLo.CellUpd.refl,BoCa.Fig16.BoLo.CellUpd.refl,no,thm,Support/Model/UpdateFrame.lean,BoCa/Fig16Wp.lean:1602,
BoCa.Fig16.BoLo.IsMutSig,BoCa.Fig16.BoLo.IsMutSig,no,def,Support/Model/UpdateFrame.lean,BoCa/Fig16Wp.lean:1354,
BoCa.Fig16.BoLo.cellUpd_of_upd,BoCa.Fig16.BoLo.cellUpd_of_upd,no,thm,Support/Model/UpdateFrame.lean,BoCa/Fig16Wp.lean:1585,
BoCa.Fig16.BoLo.compS_exch,BoCa.Fig16.BoLo.compS_exch,no,thm,Support/Model/UpdateFrame.lean,BoCa/Fig16Wp.lean:1848,
BoCa.Fig16.BoLo.compS_lcomm,BoCa.Fig16.BoLo.compS_lcomm,no,thm,Support/Model/UpdateFrame.lean,BoCa/Fig16Wp.lean:1855,
BoCa.Fig16.BoLo.compS_reassoc,BoCa.Fig16.BoLo.compS_reassoc,no,thm,Support/Model/UpdateFrame.lean,BoCa/Fig16Wp.lean:1838,
BoCa.Fig16.BoLo.compS_reassoc',BoCa.Fig16.BoLo.compS_reassoc',no,thm,Support/Model/UpdateFrame.lean,BoCa/Fig16Wp.lean:1843,
BoCa.Fig16.BoLo.flat_compR,BoCa.Fig16.BoLo.flat_compR,no,thm,Support/Model/UpdateFrame.lean,BoCa/Fig16Wp.lean:1220,
BoCa.Fig16.BoLo.optComp_left_none,BoCa.Fig16.BoLo.optComp_left_none,no,thm,Support/Model/UpdateFrame.lean,BoCa/Fig16Wp.lean:1206,
BoCa.Fig16.BoLo.optComp_right_none,BoCa.Fig16.BoLo.optComp_right_none,no,thm,Support/Model/UpdateFrame.lean,BoCa/Fig16Wp.lean:1213,
BoCa.Fig16.BoLo.wandAll,BoCa.Fig16.BoLo.wandAll,no,def,Support/Model/UpdateFrame.lean,BoCa/Fig16Wp.lean:1967,
BoCa.Fig16.ResU.UpdV.symm,BoCa.Fig16.ResU.UpdV.symm,no,thm,Support/Model/UpdateSymmetry.lean,BoCa/Fig16.lean:7936,
BoCa.Fig16.ResU.updV_self_iff,BoCa.Fig16.ResU.updV_self_iff,no,thm,Support/Model/UpdateSymmetry.lean,BoCa/Fig16.lean:7945,
BoCa.Fig16.AgWitsI.append,BoCa.Fig16.AgWitsI.append,no,thm,Support/Model/WalkSplitting.lean,BoCa/Fig16.lean:5385,
BoCa.Fig16.AgWitsI.iff_mem,BoCa.Fig16.AgWitsI.iff_mem,no,thm,Support/Model/WalkSplitting.lean,BoCa/Fig16.lean:5358,
BoCa.Fig16.AgWitsI.of_compS_left,BoCa.Fig16.AgWitsI.of_compS_left,no,thm,Support/Model/WalkSplitting.lean,BoCa/Fig16.lean:5412,
BoCa.Fig16.AgWitsI.subset,BoCa.Fig16.AgWitsI.subset,no,thm,Support/Model/WalkSplitting.lean,BoCa/Fig16.lean:5393,
BoCa.Fig16.AgWitsI.to_compS_left,BoCa.Fig16.AgWitsI.to_compS_left,no,thm,Support/Model/WalkSplitting.lean,BoCa/Fig16.lean:5448,
BoCa.Fig16.AgWitsM.append,BoCa.Fig16.AgWitsM.append,no,thm,Support/Model/WalkSplitting.lean,BoCa/Fig16.lean:5377,
BoCa.Fig16.AgWitsM.iff_mem,BoCa.Fig16.AgWitsM.iff_mem,no,thm,Support/Model/WalkSplitting.lean,BoCa/Fig16.lean:5340,
BoCa.Fig16.AgWitsM.of_compS_left,BoCa.Fig16.AgWitsM.of_compS_left,no,thm,Support/Model/WalkSplitting.lean,BoCa/Fig16.lean:5398,
BoCa.Fig16.AgWitsM.to_compS_left,BoCa.Fig16.AgWitsM.to_compS_left,no,thm,Support/Model/WalkSplitting.lean,BoCa/Fig16.lean:5427,
BoCa.Fig16.CellU.CompS.kind,BoCa.Fig16.CellU.CompS.kind,no,thm,Support/Model/WalkSplitting.lean,BoCa/Fig16.lean:4676,
BoCa.Fig16.CellU.CompS.wit,BoCa.Fig16.CellU.CompS.wit,no,thm,Support/Model/WalkSplitting.lean,BoCa/Fig16.lean:4685,
BoCa.Fig16.CellU.CompatS.wit,BoCa.Fig16.CellU.CompatS.wit,no,thm,Support/Model/WalkSplitting.lean,BoCa/Fig16.lean:5509,
BoCa.Fig16.ExWits.append,BoCa.Fig16.ExWits.append,no,thm,Support/Model/WalkSplitting.lean,BoCa/Fig16.lean:5183,
BoCa.Fig16.ExWits.iff_mem,BoCa.Fig16.ExWits.iff_mem,no,thm,Support/Model/WalkSplitting.lean,BoCa/Fig16.lean:5161,
BoCa.Fig16.ExWits.of_compS_left,BoCa.Fig16.ExWits.of_compS_left,no,thm,Support/Model/WalkSplitting.lean,BoCa/Fig16.lean:5191,
BoCa.Fig16.ExWits.to_compS_left,BoCa.Fig16.ExWits.to_compS_left,no,thm,Support/Model/WalkSplitting.lean,BoCa/Fig16.lean:5206,
BoCa.Fig16.Kind.mut_ne_imm,BoCa.Fig16.Kind.mut_ne_imm,no,thm,Support/Model/WalkSplitting.lean,BoCa/Fig16.lean:4695,
BoCa.Fig16.List.filter_perm_append,BoCa.Fig16.List.filter_perm_append,no,thm,Support/Model/WalkSplitting.lean,BoCa/Fig16.lean:5048,
BoCa.Fig16.List.perm_of_keys_mem,BoCa.Fig16.List.perm_of_keys_mem,no,thm,Support/Model/WalkSplitting.lean,BoCa/Fig16.lean:5693,
BoCa.Fig16.List.split_by_key,BoCa.Fig16.List.split_by_key,no,thm,Support/Model/WalkSplitting.lean,BoCa/Fig16.lean:5066,
BoCa.Fig16.ResU.CompS.get_left,BoCa.Fig16.ResU.CompS.get_left,no,thm,Support/Model/WalkSplitting.lean,BoCa/Fig16.lean:4745,
BoCa.Fig16.ResU.CompS.get_left_of_ne_imm,BoCa.Fig16.ResU.CompS.get_left_of_ne_imm,no,thm,Support/Model/WalkSplitting.lean,BoCa/Fig16.lean:4769,
BoCa.Fig16.ResU.CompS.get_split_of_ne_imm,BoCa.Fig16.ResU.CompS.get_split_of_ne_imm,no,thm,Support/Model/WalkSplitting.lean,BoCa/Fig16.lean:4785,
BoCa.Fig16.ResU.CompS.kind_wit_left,BoCa.Fig16.ResU.CompS.kind_wit_left,no,thm,Support/Model/WalkSplitting.lean,BoCa/Fig16.lean:4721,
BoCa.Fig16.ResU.CompS.restrict,BoCa.Fig16.ResU.CompS.restrict,no,thm,Support/Model/WalkSplitting.lean,BoCa/Fig16.lean:4844,
BoCa.Fig16.ResU.CompatS.right_eq_none,BoCa.Fig16.ResU.CompatS.right_eq_none,no,thm,Support/Model/WalkSplitting.lean,BoCa/Fig16.lean:4712,
BoCa.Fig16.ResU.CompatS.wit_of_overlap,BoCa.Fig16.ResU.CompatS.wit_of_overlap,no,thm,Support/Model/WalkSplitting.lean,BoCa/Fig16.lean:5517,
BoCa.Fig16.ResU.restrict_get_ne,BoCa.Fig16.ResU.restrict_get_ne,no,thm,Support/Model/WalkSplitting.lean,BoCa/Fig16.lean:4836,
BoCa.Fig16.ResU.restrict_get_none,BoCa.Fig16.ResU.restrict_get_none,no,thm,Support/Model/WalkSplitting.lean,BoCa/Fig16.lean:4823,
BoCa.Fig16.ResU.restrict_get_some,BoCa.Fig16.ResU.restrict_get_some,no,thm,Support/Model/WalkSplitting.lean,BoCa/Fig16.lean:4830,
BoCa.Fig16.AgWitsI.mem,BoCa.Fig16.AgWitsI.mem,no,thm,Support/Model/Walks.lean,BoCa/Fig16.lean:4414,
BoCa.Fig16.AgWitsM.mem,BoCa.Fig16.AgWitsM.mem,no,thm,Support/Model/Walks.lean,BoCa/Fig16.lean:4399,
BoCa.Fig16.BigComp.functional,BoCa.Fig16.BigComp.functional,no,thm,Support/Model/Walks.lean,BoCa/Fig16.lean:4190,
BoCa.Fig16.CellU.compS_ne_imm,BoCa.Fig16.CellU.compS_ne_imm,no,thm,Support/Model/Walks.lean,BoCa/Fig16.lean:2673,
BoCa.Fig16.ExWits.mem,BoCa.Fig16.ExWits.mem,no,thm,Support/Model/Walks.lean,BoCa/Fig16.lean:4291,
BoCa.Fig16.List.perm_of_keys,BoCa.Fig16.List.perm_of_keys,no,thm,Support/Model/Walks.lean,BoCa/Fig16.lean:4086,
BoCa.Fig16.ResU.Comp.comm_of_laws,BoCa.Fig16.ResU.Comp.comm_of_laws,no,thm,Support/Model/Walks.lean,BoCa/Fig16.lean:4174,
BoCa.Fig16.ResU.Comp.of_pointwise,BoCa.Fig16.ResU.Comp.of_pointwise,no,thm,Support/Model/Walks.lean,BoCa/Fig16.lean:4161,
BoCa.Fig16.ResU.CompLaws,BoCa.Fig16.ResU.CompLaws,no,induct,Support/Model/Walks.lean,BoCa/Fig16.lean:4125,
BoCa.Fig16.ResU.CompLaws.assoc,BoCa.Fig16.ResU.CompLaws.assoc,no,thm,Support/Model/Walks.lean,BoCa/Fig16.lean:4137,
BoCa.Fig16.ResU.CompLaws.comm,BoCa.Fig16.ResU.CompLaws.comm,no,thm,Support/Model/Walks.lean,BoCa/Fig16.lean:4135,
BoCa.Fig16.ResU.CompLaws.functional,BoCa.Fig16.ResU.CompLaws.functional,no,thm,Support/Model/Walks.lean,BoCa/Fig16.lean:4133,
BoCa.Fig16.ResU.CompLaws.mk,BoCa.Fig16.ResU.CompLaws.mk,no,ctor,Support/Model/Walks.lean,BoCa/Fig16.lean:4130,
BoCa.Fig16.ResU.ImmFree,BoCa.Fig16.ResU.ImmFree,no,def,Support/Model/Walks.lean,BoCa/Fig16.lean:2614,
BoCa.Fig16.ResU.ImmFree.bigComp,BoCa.Fig16.ResU.ImmFree.bigComp,no,thm,Support/Model/Walks.lean,BoCa/Fig16.lean:2660,
BoCa.Fig16.ResU.ImmFree.comp,BoCa.Fig16.ResU.ImmFree.comp,no,thm,Support/Model/Walks.lean,BoCa/Fig16.lean:2641,
BoCa.Fig16.ResU.Sites.perm,BoCa.Fig16.ResU.Sites.perm,no,thm,Support/Model/Walks.lean,BoCa/Fig16.lean:4108,
BoCa.Fig16.ResU.compLawsR,BoCa.Fig16.ResU.compLawsR,no,thm,Support/Model/Walks.lean,BoCa/Fig16.lean:4147,
BoCa.Fig16.ResU.compLawsS,BoCa.Fig16.ResU.compLawsS,no,thm,Support/Model/Walks.lean,BoCa/Fig16.lean:4139,
BoCa.Fig16.ResU.immFree_empty,BoCa.Fig16.ResU.immFree_empty,no,thm,Support/Model/Walks.lean,BoCa/Fig16.lean:2633,
BoCa.Fig16.ResU.immFree_restrict,BoCa.Fig16.ResU.immFree_restrict,no,thm,Support/Model/Walks.lean,BoCa/Fig16.lean:2636,
BoCa.Fig16.ResU.restrict_imm_empty_iff,BoCa.Fig16.ResU.restrict_imm_empty_iff,no,thm,Support/Model/Walks.lean,BoCa/Fig16.lean:2618,
BoCa.Ctx,BoCa.Ctx,no,def,Support/Statics/Contexts.lean,BoCa/Ty.lean:538,
BoCa.Ctx.Split,BoCa.Ctx.Split,no,induct,Support/Statics/Contexts.lean,BoCa/Derives.lean:158,
BoCa.Ctx.Split.below.dead,BoCa.Ctx.Split.below.dead,no,ctor,Support/Statics/Contexts.lean,BoCa/Derives.lean:158,
BoCa.Ctx.Split.below.left,BoCa.Ctx.Split.below.left,no,ctor,Support/Statics/Contexts.lean,BoCa/Derives.lean:158,
BoCa.Ctx.Split.below.nil,BoCa.Ctx.Split.below.nil,no,ctor,Support/Statics/Contexts.lean,BoCa/Derives.lean:158,
BoCa.Ctx.Split.below.right,BoCa.Ctx.Split.below.right,no,ctor,Support/Statics/Contexts.lean,BoCa/Derives.lean:158,
BoCa.Ctx.Split.dead,BoCa.Ctx.Split.dead,no,ctor,Support/Statics/Contexts.lean,BoCa/Derives.lean:167,
BoCa.Ctx.Split.left,BoCa.Ctx.Split.left,no,ctor,Support/Statics/Contexts.lean,BoCa/Derives.lean:163,
BoCa.Ctx.Split.nil,BoCa.Ctx.Split.nil,no,ctor,Support/Statics/Contexts.lean,BoCa/Derives.lean:162,
BoCa.Ctx.Split.right,BoCa.Ctx.Split.right,no,ctor,Support/Statics/Contexts.lean,BoCa/Derives.lean:165,
BoCa.Slot,BoCa.Slot,no,induct,Support/Statics/Contexts.lean,BoCa/Ty.lean:533,
BoCa.Slot.live,BoCa.Slot.live,no,def,Support/Statics/Contexts.lean,BoCa/Ty.lean:535,
BoCa.Slot.mk,BoCa.Slot.mk,no,ctor,Support/Statics/Contexts.lean,BoCa/Ty.lean:533,
BoCa.Slot.ty,BoCa.Slot.ty,no,def,Support/Statics/Contexts.lean,BoCa/Ty.lean:534,
BoCa.instDecidableEqSlot,BoCa.instDecidableEqSlot,no,def,Support/Statics/Contexts.lean,BoCa/Ty.lean:536,
BoCa.instDecidableEqSlot.decEq,BoCa.instDecidableEqSlot.decEq,no,def,Support/Statics/Contexts.lean,BoCa/Ty.lean:536,
BoCa.instInhabitedSlot,BoCa.instInhabitedSlot,no,def,Support/Statics/Contexts.lean,BoCa/Ty.lean:536,
BoCa.instInhabitedSlot.default,BoCa.instInhabitedSlot.default,no,def,Support/Statics/Contexts.lean,BoCa/Ty.lean:536,
BoCa.instReprSlot,BoCa.instReprSlot,no,def,Support/Statics/Contexts.lean,BoCa/Ty.lean:536,
BoCa.instReprSlot.repr,BoCa.instReprSlot.repr,no,def,Support/Statics/Contexts.lean,BoCa/Ty.lean:536,
BoCa.Ctx.ScopedB,BoCa.Ctx.ScopedB,no,def,Support/Statics/Presupposed.lean,BoCa/Derives.lean:272,
BoCa.Ctx.ScopedB.allI,BoCa.Ctx.ScopedB.allI,no,thm,Support/Statics/Presupposed.lean,BoCa/Derives.lean:353,
BoCa.Ctx.ScopedB.cons,BoCa.Ctx.ScopedB.cons,no,thm,Support/Statics/Presupposed.lean,BoCa/Derives.lean:336,
BoCa.Ctx.ScopedB.extend,BoCa.Ctx.ScopedB.extend,no,thm,Support/Statics/Presupposed.lean,BoCa/Derives.lean:344,
BoCa.Ctx.ScopedB.split_left,BoCa.Ctx.ScopedB.split_left,no,thm,Support/Statics/Presupposed.lean,BoCa/Derives.lean:291,
BoCa.Ctx.ScopedB.split_right,BoCa.Ctx.ScopedB.split_right,no,thm,Support/Statics/Presupposed.lean,BoCa/Derives.lean:314,
BoCa.Ctx.Solo.lt_of_liveWithin,BoCa.Ctx.Solo.lt_of_liveWithin,no,thm,Support/Statics/Presupposed.lean,BoCa/Derives.lean:413,
BoCa.Ctx.Split.liveWithin,BoCa.Ctx.Split.liveWithin,no,thm,Support/Statics/Presupposed.lean,BoCa/Derives.lean:396,
BoCa.DerivesWf,BoCa.DerivesWf,no,induct,Support/Statics/Presupposed.lean,BoCa/Derives.lean:819,
BoCa.DerivesWf.allE,BoCa.DerivesWf.allE,no,ctor,Support/Statics/Presupposed.lean,BoCa/Derives.lean:861,
BoCa.DerivesWf.allI,BoCa.DerivesWf.allI,no,ctor,Support/Statics/Presupposed.lean,BoCa/Derives.lean:855,
BoCa.DerivesWf.allocAx,BoCa.DerivesWf.allocAx,no,ctor,Support/Statics/Presupposed.lean,BoCa/Derives.lean:870,
BoCa.DerivesWf.below.allE,BoCa.DerivesWf.below.allE,no,ctor,Support/Statics/Presupposed.lean,BoCa/Derives.lean:819,
BoCa.DerivesWf.below.allI,BoCa.DerivesWf.below.allI,no,ctor,Support/Statics/Presupposed.lean,BoCa/Derives.lean:819,
BoCa.DerivesWf.below.allocAx,BoCa.DerivesWf.below.allocAx,no,ctor,Support/Statics/Presupposed.lean,BoCa/Derives.lean:819,
BoCa.DerivesWf.below.boxE,BoCa.DerivesWf.below.boxE,no,ctor,Support/Statics/Presupposed.lean,BoCa/Derives.lean:819,
BoCa.DerivesWf.below.boxIctx,BoCa.DerivesWf.below.boxIctx,no,ctor,Support/Statics/Presupposed.lean,BoCa/Derives.lean:819,
BoCa.DerivesWf.below.copyAx,BoCa.DerivesWf.below.copyAx,no,ctor,Support/Statics/Presupposed.lean,BoCa/Derives.lean:819,
BoCa.DerivesWf.below.forgetImmAx,BoCa.DerivesWf.below.forgetImmAx,no,ctor,Support/Statics/Presupposed.lean,BoCa/Derives.lean:819,
BoCa.DerivesWf.below.forgetMutAx,BoCa.DerivesWf.below.forgetMutAx,no,ctor,Support/Statics/Presupposed.lean,BoCa/Derives.lean:819,
BoCa.DerivesWf.below.forgetUnkAx,BoCa.DerivesWf.below.forgetUnkAx,no,ctor,Support/Statics/Presupposed.lean,BoCa/Derives.lean:819,
BoCa.DerivesWf.below.freeAx,BoCa.DerivesWf.below.freeAx,no,ctor,Support/Statics/Presupposed.lean,BoCa/Derives.lean:819,
BoCa.DerivesWf.below.immSub,BoCa.DerivesWf.below.immSub,no,ctor,Support/Statics/Presupposed.lean,BoCa/Derives.lean:819,
BoCa.DerivesWf.below.lolliE,BoCa.DerivesWf.below.lolliE,no,ctor,Support/Statics/Presupposed.lean,BoCa/Derives.lean:819,
BoCa.DerivesWf.below.lolliI,BoCa.DerivesWf.below.lolliI,no,ctor,Support/Statics/Presupposed.lean,BoCa/Derives.lean:819,
BoCa.DerivesWf.below.mutSub,BoCa.DerivesWf.below.mutSub,no,ctor,Support/Statics/Presupposed.lean,BoCa/Derives.lean:819,
BoCa.DerivesWf.below.sumE,BoCa.DerivesWf.below.sumE,no,ctor,Support/Statics/Presupposed.lean,BoCa/Derives.lean:819,
BoCa.DerivesWf.below.sumI₁,BoCa.DerivesWf.below.sumI₁,no,ctor,Support/Statics/Presupposed.lean,BoCa/Derives.lean:819,
BoCa.DerivesWf.below.sumI₂,BoCa.DerivesWf.below.sumI₂,no,ctor,Support/Statics/Presupposed.lean,BoCa/Derives.lean:819,
BoCa.DerivesWf.below.swapAx,BoCa.DerivesWf.below.swapAx,no,ctor,Support/Statics/Presupposed.lean,BoCa/Derives.lean:819,
BoCa.DerivesWf.below.tensorE,BoCa.DerivesWf.below.tensorE,no,ctor,Support/Statics/Presupposed.lean,BoCa/Derives.lean:819,
BoCa.DerivesWf.below.tensorI,BoCa.DerivesWf.below.tensorI,no,ctor,Support/Statics/Presupposed.lean,BoCa/Derives.lean:819,
BoCa.DerivesWf.below.unitE,BoCa.DerivesWf.below.unitE,no,ctor,Support/Statics/Presupposed.lean,BoCa/Derives.lean:819,
BoCa.DerivesWf.below.unitI,BoCa.DerivesWf.below.unitI,no,ctor,Support/Statics/Presupposed.lean,BoCa/Derives.lean:819,
BoCa.DerivesWf.below.var,BoCa.DerivesWf.below.var,no,ctor,Support/Statics/Presupposed.lean,BoCa/Derives.lean:819,
BoCa.DerivesWf.below.withbor1Ax,BoCa.DerivesWf.below.withbor1Ax,no,ctor,Support/Statics/Presupposed.lean,BoCa/Derives.lean:819,
BoCa.DerivesWf.below.withbor2Ax,BoCa.DerivesWf.below.withbor2Ax,no,ctor,Support/Statics/Presupposed.lean,BoCa/Derives.lean:819,
BoCa.DerivesWf.below.withbor3Ax,BoCa.DerivesWf.below.withbor3Ax,no,ctor,Support/Statics/Presupposed.lean,BoCa/Derives.lean:819,
BoCa.DerivesWf.below.withloadAx,BoCa.DerivesWf.below.withloadAx,no,ctor,Support/Statics/Presupposed.lean,BoCa/Derives.lean:819,
BoCa.DerivesWf.below.withswapAx,BoCa.DerivesWf.below.withswapAx,no,ctor,Support/Statics/Presupposed.lean,BoCa/Derives.lean:819,
BoCa.DerivesWf.boxE,BoCa.DerivesWf.boxE,no,ctor,Support/Statics/Presupposed.lean,BoCa/Derives.lean:865,
BoCa.DerivesWf.boxIctx,BoCa.DerivesWf.boxIctx,no,ctor,Support/Statics/Presupposed.lean,BoCa/Derives.lean:863,
BoCa.DerivesWf.copyAx,BoCa.DerivesWf.copyAx,no,ctor,Support/Statics/Presupposed.lean,BoCa/Derives.lean:875,
BoCa.DerivesWf.forgetImmAx,BoCa.DerivesWf.forgetImmAx,no,ctor,Support/Statics/Presupposed.lean,BoCa/Derives.lean:876,
BoCa.DerivesWf.forgetMutAx,BoCa.DerivesWf.forgetMutAx,no,ctor,Support/Statics/Presupposed.lean,BoCa/Derives.lean:878,
BoCa.DerivesWf.forgetUnkAx,BoCa.DerivesWf.forgetUnkAx,no,ctor,Support/Statics/Presupposed.lean,BoCa/Derives.lean:880,
BoCa.DerivesWf.freeAx,BoCa.DerivesWf.freeAx,no,ctor,Support/Statics/Presupposed.lean,BoCa/Derives.lean:872,
BoCa.DerivesWf.immSub,BoCa.DerivesWf.immSub,no,ctor,Support/Statics/Presupposed.lean,BoCa/Derives.lean:866,
BoCa.DerivesWf.lolliE,BoCa.DerivesWf.lolliE,no,ctor,Support/Statics/Presupposed.lean,BoCa/Derives.lean:852,
BoCa.DerivesWf.lolliI,BoCa.DerivesWf.lolliI,no,ctor,Support/Statics/Presupposed.lean,BoCa/Derives.lean:847,
BoCa.DerivesWf.mutSub,BoCa.DerivesWf.mutSub,no,ctor,Support/Statics/Presupposed.lean,BoCa/Derives.lean:868,
BoCa.DerivesWf.sumE,BoCa.DerivesWf.sumE,no,ctor,Support/Statics/Presupposed.lean,BoCa/Derives.lean:839,
BoCa.DerivesWf.sumI₁,BoCa.DerivesWf.sumI₁,no,ctor,Support/Statics/Presupposed.lean,BoCa/Derives.lean:835,
BoCa.DerivesWf.sumI₂,BoCa.DerivesWf.sumI₂,no,ctor,Support/Statics/Presupposed.lean,BoCa/Derives.lean:837,
BoCa.DerivesWf.swapAx,BoCa.DerivesWf.swapAx,no,ctor,Support/Statics/Presupposed.lean,BoCa/Derives.lean:874,
BoCa.DerivesWf.tensorE,BoCa.DerivesWf.tensorE,no,ctor,Support/Statics/Presupposed.lean,BoCa/Derives.lean:828,
BoCa.DerivesWf.tensorI,BoCa.DerivesWf.tensorI,no,ctor,Support/Statics/Presupposed.lean,BoCa/Derives.lean:825,
BoCa.DerivesWf.unitE,BoCa.DerivesWf.unitE,no,ctor,Support/Statics/Presupposed.lean,BoCa/Derives.lean:822,
BoCa.DerivesWf.unitI,BoCa.DerivesWf.unitI,no,ctor,Support/Statics/Presupposed.lean,BoCa/Derives.lean:821,
BoCa.DerivesWf.var,BoCa.DerivesWf.var,no,ctor,Support/Statics/Presupposed.lean,BoCa/Derives.lean:820,
BoCa.DerivesWf.withbor1Ax,BoCa.DerivesWf.withbor1Ax,no,ctor,Support/Statics/Presupposed.lean,BoCa/Derives.lean:881,
BoCa.DerivesWf.withbor2Ax,BoCa.DerivesWf.withbor2Ax,no,ctor,Support/Statics/Presupposed.lean,BoCa/Derives.lean:886,
BoCa.DerivesWf.withbor3Ax,BoCa.DerivesWf.withbor3Ax,no,ctor,Support/Statics/Presupposed.lean,BoCa/Derives.lean:891,
BoCa.DerivesWf.withloadAx,BoCa.DerivesWf.withloadAx,no,ctor,Support/Statics/Presupposed.lean,BoCa/Derives.lean:894,
BoCa.DerivesWf.withswapAx,BoCa.DerivesWf.withswapAx,no,ctor,Support/Statics/Presupposed.lean,BoCa/Derives.lean:897,
BoCa.Lifetime.LSub.empty,BoCa.Lifetime.LSub.empty,no,def,Support/Statics/Presupposed.lean,BoCa/Life.lean:240,
BoCa.Lifetime.LSub.find?_extend,BoCa.Lifetime.LSub.find?_extend,no,thm,Support/Statics/Presupposed.lean,BoCa/Life.lean:242,
BoCa.Lifetime.Life.interp_defined_of_wf,BoCa.Lifetime.Life.interp_defined_of_wf,no,thm,Support/Statics/Presupposed.lean,BoCa/Life.lean:361,
BoCa.Lifetime.Life.interp_extend,BoCa.Lifetime.Life.interp_extend,no,thm,Support/Statics/Presupposed.lean,BoCa/Life.lean:511,
BoCa.Lifetime.Life.interp_join_some,BoCa.Lifetime.Life.interp_join_some,no,thm,Support/Statics/Presupposed.lean,BoCa/Life.lean:280,
BoCa.Lifetime.Life.interp_meet_some,BoCa.Lifetime.Life.interp_meet_some,no,thm,Support/Statics/Presupposed.lean,BoCa/Life.lean:285,
BoCa.Lifetime.Life.mentions_false_of_wf,BoCa.Lifetime.Life.mentions_false_of_wf,no,thm,Support/Statics/Presupposed.lean,BoCa/Ty.lean:489,
BoCa.Lifetime.Life.wf_canon,BoCa.Lifetime.Life.wf_canon,no,thm,Support/Statics/Presupposed.lean,BoCa/Life.lean:555,
BoCa.Lifetime.Life.wf_insert,BoCa.Lifetime.Life.wf_insert,no,thm,Support/Statics/Presupposed.lean,BoCa/Life.lean:477,
BoCa.Lifetime.Life.wf_mono,BoCa.Lifetime.Life.wf_mono,no,thm,Support/Statics/Presupposed.lean,BoCa/Life.lean:426,
BoCa.Lifetime.LifeCtx.Ok,BoCa.Lifetime.LifeCtx.Ok,no,def,Support/Statics/Presupposed.lean,BoCa/Life.lean:406,
BoCa.Lifetime.LifeCtx.Ok.bound_mentions_false,BoCa.Lifetime.LifeCtx.Ok.bound_mentions_false,no,thm,Support/Statics/Presupposed.lean,BoCa/Ty.lean:512,
BoCa.Lifetime.LifeCtx.Ok.extend,BoCa.Lifetime.LifeCtx.Ok.extend,no,thm,Support/Statics/Presupposed.lean,BoCa/Life.lean:412,
BoCa.Lifetime.LifeCtx.canonical,BoCa.Lifetime.LifeCtx.canonical,no,def,Support/Statics/Presupposed.lean,BoCa/Life.lean:542,
BoCa.Lifetime.LifeCtx.empty,BoCa.Lifetime.LifeCtx.empty,no,def,Support/Statics/Presupposed.lean,BoCa/Life.lean:308,
BoCa.Lifetime.LifeCtx.find?_extend,BoCa.Lifetime.LifeCtx.find?_extend,no,thm,Support/Statics/Presupposed.lean,BoCa/Life.lean:316,
BoCa.Lifetime.assocFind_isSome_insert,BoCa.Lifetime.assocFind_isSome_insert,no,thm,Support/Statics/Presupposed.lean,BoCa/Life.lean:457,
BoCa.Lifetime.assocFind_none_insert,BoCa.Lifetime.assocFind_none_insert,no,thm,Support/Statics/Presupposed.lean,BoCa/Life.lean:442,
BoCa.Lifetime.canonList,BoCa.Lifetime.canonList,no,def,Support/Statics/Presupposed.lean,BoCa/Life.lean:534,
BoCa.Lifetime.canonList_dom,BoCa.Lifetime.canonList_dom,no,thm,Support/Statics/Presupposed.lean,BoCa/Life.lean:544,
BoCa.Lifetime.canonList_models,BoCa.Lifetime.canonList_models,no,thm,Support/Statics/Presupposed.lean,BoCa/Life.lean:579,
BoCa.Lifetime.instDecidableOk,BoCa.Lifetime.instDecidableOk,no,def,Support/Statics/Presupposed.lean,BoCa/Life.lean:410,
BoCa.Lifetime.meetOfDomL_wf,BoCa.Lifetime.meetOfDomL_wf,no,thm,Support/Statics/Presupposed.lean,BoCa/Life.lean:929,
BoCa.Lifetime.okB_bound_wf,BoCa.Lifetime.okB_bound_wf,no,thm,Support/Statics/Presupposed.lean,BoCa/Life.lean:492,
BoCa.Ty.bindsB,BoCa.Ty.bindsB,no,def,Support/Statics/Presupposed.lean,BoCa/Ty.lean:306,
BoCa.Ty.scopedB,BoCa.Ty.scopedB,no,def,Support/Statics/Presupposed.lean,BoCa/Ty.lean:383,
BoCa.Ty.scopedB_extend,BoCa.Ty.scopedB_extend,no,thm,Support/Statics/Presupposed.lean,BoCa/Ty.lean:481,
BoCa.Ty.scopedB_insert,BoCa.Ty.scopedB_insert,no,thm,Support/Statics/Presupposed.lean,BoCa/Ty.lean:434,
BoCa.Ty.scopedB_of_wfB,BoCa.Ty.scopedB_of_wfB,no,thm,Support/Statics/Presupposed.lean,BoCa/Ty.lean:403,
BoCa.Ty.wfB,BoCa.Ty.wfB,no,def,Support/Statics/Presupposed.lean,BoCa/Ty.lean:283,
BoCa.scopedB_axWithbor1Ty,BoCa.scopedB_axWithbor1Ty,no,thm,Support/Statics/Presupposed.lean,BoCa/Derives.lean:601,
BoCa.scopedB_axWithbor2Ty,BoCa.scopedB_axWithbor2Ty,no,thm,Support/Statics/Presupposed.lean,BoCa/Derives.lean:609,
BoCa.scopedB_axWithbor3Ty,BoCa.scopedB_axWithbor3Ty,no,thm,Support/Statics/Presupposed.lean,BoCa/Derives.lean:616,
BoCa.scopedB_axWithloadTy,BoCa.scopedB_axWithloadTy,no,thm,Support/Statics/Presupposed.lean,BoCa/Derives.lean:624,
BoCa.Expr.psub,BoCa.Expr.psub,no,def,Support/Syntax/Terms.lean,BoCa/Subst.lean:68,
BoCa.Expr.psub_cons,BoCa.Expr.psub_cons,no,thm,Support/Syntax/Terms.lean,BoCa/Subst.lean:222,
BoCa.Expr.psub_cons₂,BoCa.Expr.psub_cons₂,no,thm,Support/Syntax/Terms.lean,BoCa/Subst.lean:294,
BoCa.Expr.shift,BoCa.Expr.shift,no,def,Support/Syntax/Terms.lean,BoCa/Syntax.lean:204,1.43
BoCa.Expr.shift_shift,BoCa.Expr.shift_shift,no,thm,Support/Syntax/Terms.lean,BoCa/Subst.lean:136,
BoCa.Expr.shift_zero,BoCa.Expr.shift_zero,no,thm,Support/Syntax/Terms.lean,BoCa/Subst.lean:109,
BoCa.Expr.subst,BoCa.Expr.subst,no,def,Support/Syntax/Terms.lean,BoCa/Syntax.lean:234,1.43
BoCa.Expr.subst_shift,BoCa.Expr.subst_shift,no,thm,Support/Syntax/Terms.lean,BoCa/Subst.lean:169,
BoCa.IsVal.app_arg,BoCa.IsVal.app_arg,no,thm,Support/Syntax/Terms.lean,BoCa/Syntax.lean:133,
BoCa.IsVal.app_fun,BoCa.IsVal.app_fun,no,thm,Support/Syntax/Terms.lean,BoCa/Syntax.lean:128,
BoCa.IsVal.inj₁_inv,BoCa.IsVal.inj₁_inv,no,thm,Support/Syntax/Terms.lean,BoCa/Syntax.lean:124,
BoCa.IsVal.inj₂_inv,BoCa.IsVal.inj₂_inv,no,thm,Support/Syntax/Terms.lean,BoCa/Syntax.lean:126,
BoCa.IsVal.pair_left,BoCa.IsVal.pair_left,no,thm,Support/Syntax/Terms.lean,BoCa/Syntax.lean:118,
BoCa.IsVal.pair_right,BoCa.IsVal.pair_right,no,thm,Support/Syntax/Terms.lean,BoCa/Syntax.lean:121,
BoCa.IsVal.shift,BoCa.IsVal.shift,no,thm,Support/Syntax/Terms.lean,BoCa/Syntax.lean:218,
BoCa.IsVal.subst,BoCa.IsVal.subst,no,thm,Support/Syntax/Terms.lean,BoCa/Syntax.lean:249,
BoCa.Val.ext,BoCa.Val.ext,no,thm,Support/Syntax/Terms.lean,BoCa/Syntax.lean:182,
BoCa.Val.isVal,BoCa.Val.isVal,no,thm,Support/Syntax/Terms.lean,BoCa/Syntax.lean:186,
BoCa.Val.shift,BoCa.Val.shift,no,def,Support/Syntax/Terms.lean,BoCa/Syntax.lean:229,1.43
BoCa.Val.shift_shift,BoCa.Val.shift_shift,no,thm,Support/Syntax/Terms.lean,BoCa/Subst.lean:163,
BoCa.Val.shift_zero,BoCa.Val.shift_zero,no,thm,Support/Syntax/Terms.lean,BoCa/Subst.lean:130,
BoCa.Val.subst,BoCa.Val.subst,no,def,Support/Syntax/Terms.lean,BoCa/Syntax.lean:261,1.43
BoCa.Val.val_shift,BoCa.Val.val_shift,no,thm,Support/Syntax/Terms.lean,BoCa/Syntax.lean:231,
BoCa.Val.val_subst,BoCa.Val.val_subst,no,thm,Support/Syntax/Terms.lean,BoCa/Syntax.lean:263,
BoCa.isVal_app_iff,BoCa.isVal_app_iff,no,thm,Support/Syntax/Terms.lean,BoCa/Syntax.lean:145,
BoCa.isVal_inj₁_iff,BoCa.isVal_inj₁_iff,no,thm,Support/Syntax/Terms.lean,BoCa/Syntax.lean:139,
BoCa.isVal_inj₂_iff,BoCa.isVal_inj₂_iff,no,thm,Support/Syntax/Terms.lean,BoCa/Syntax.lean:142,
BoCa.isVal_pair_iff,BoCa.isVal_pair_iff,no,thm,Support/Syntax/Terms.lean,BoCa/Syntax.lean:136,
BoCa.load',BoCa.load',no,def,Support/Syntax/Terms.lean,BoCa/Notation.lean:9,
BoCa.store',BoCa.store',no,def,Support/Syntax/Terms.lean,BoCa/Notation.lean:10,
BoCa.unit',BoCa.unit',no,def,Support/Syntax/Terms.lean,BoCa/Notation.lean:12,
BoCa.v0,BoCa.v0,no,def,Support/Syntax/Terms.lean,BoCa/Notation.lean:13,
BoCa.v1,BoCa.v1,no,def,Support/Syntax/Terms.lean,BoCa/Notation.lean:14,
BoCa.v2,BoCa.v2,no,def,Support/Syntax/Terms.lean,BoCa/Notation.lean:15,
BoCa.v3,BoCa.v3,no,def,Support/Syntax/Terms.lean,BoCa/Notation.lean:16,
BoCa.Fig16.LogRel.Typed.admWf_of_scopedB,BoCa.Fig16.LogRel.Typed.admWf_of_scopedB,no,thm,Support/TypedWorld/Compatibility.lean,BoCa/TypedFundamental.lean:877,
BoCa.Fig16.LogRel.Typed.allE_compatX,BoCa.Fig16.LogRel.Typed.allE_compatX,no,thm,Support/TypedWorld/Compatibility.lean,BoCa/TypedFundamental.lean:778,6.162
BoCa.Fig16.LogRel.Typed.allI_compatX,BoCa.Fig16.LogRel.Typed.allI_compatX,no,thm,Support/TypedWorld/Compatibility.lean,BoCa/TypedFundamental.lean:795,6.161
BoCa.Fig16.LogRel.Typed.alloc_compatX,BoCa.Fig16.LogRel.Typed.alloc_compatX,no,thm,Support/TypedWorld/Compatibility.lean,BoCa/TypedFundamental.lean:629,6.165
BoCa.Fig16.LogRel.Typed.boxE_compatX,BoCa.Fig16.LogRel.Typed.boxE_compatX,no,thm,Support/TypedWorld/Compatibility.lean,BoCa/TypedFundamental.lean:582,6.164
BoCa.Fig16.LogRel.Typed.boxI_compatX,BoCa.Fig16.LogRel.Typed.boxI_compatX,no,thm,Support/TypedWorld/Compatibility.lean,BoCa/TypedFundamental.lean:841,6.163
BoCa.Fig16.LogRel.Typed.copy_compatX,BoCa.Fig16.LogRel.Typed.copy_compatX,no,thm,Support/TypedWorld/Compatibility.lean,BoCa/TypedFundamental.lean:700,6.170
BoCa.Fig16.LogRel.Typed.forgetImm_compatX,BoCa.Fig16.LogRel.Typed.forgetImm_compatX,no,thm,Support/TypedWorld/Compatibility.lean,BoCa/TypedFundamental.lean:722,6.171
BoCa.Fig16.LogRel.Typed.forgetMut_compatX,BoCa.Fig16.LogRel.Typed.forgetMut_compatX,no,thm,Support/TypedWorld/Compatibility.lean,BoCa/TypedFundamental.lean:741,6.171
BoCa.Fig16.LogRel.Typed.forgetUnk_compatX,BoCa.Fig16.LogRel.Typed.forgetUnk_compatX,no,thm,Support/TypedWorld/Compatibility.lean,BoCa/TypedFundamental.lean:760,6.171
BoCa.Fig16.LogRel.Typed.free_compatX,BoCa.Fig16.LogRel.Typed.free_compatX,no,thm,Support/TypedWorld/Compatibility.lean,BoCa/TypedFundamental.lean:590,6.166
BoCa.Fig16.LogRel.Typed.gDenX_iff,BoCa.Fig16.LogRel.Typed.gDenX_iff,no,thm,Support/TypedWorld/Compatibility.lean,BoCa/TypedFundamental.lean:71,
BoCa.Fig16.LogRel.Typed.gDenX_local,BoCa.Fig16.LogRel.Typed.gDenX_local,no,thm,Support/TypedWorld/Compatibility.lean,BoCa/TypedFundamental.lean:66,
BoCa.Fig16.LogRel.Typed.gDenX_mk,BoCa.Fig16.LogRel.Typed.gDenX_mk,no,thm,Support/TypedWorld/Compatibility.lean,BoCa/TypedFundamental.lean:74,
BoCa.Fig16.LogRel.Typed.gDenX_nil,BoCa.Fig16.LogRel.Typed.gDenX_nil,no,thm,Support/TypedWorld/Compatibility.lean,BoCa/TypedFundamental.lean:1358,
BoCa.Fig16.LogRel.Typed.gDenX_same,BoCa.Fig16.LogRel.Typed.gDenX_same,no,thm,Support/TypedWorld/Compatibility.lean,BoCa/TypedFundamental.lean:185,
BoCa.Fig16.LogRel.Typed.gDenX_split,BoCa.Fig16.LogRel.Typed.gDenX_split,no,thm,Support/TypedWorld/Compatibility.lean,BoCa/TypedFundamental.lean:147,
BoCa.Fig16.LogRel.Typed.gSepX_congr,BoCa.Fig16.LogRel.Typed.gSepX_congr,no,thm,Support/TypedWorld/Compatibility.lean,BoCa/TypedFundamental.lean:371,
BoCa.Fig16.LogRel.Typed.gSepX_dead,BoCa.Fig16.LogRel.Typed.gSepX_dead,no,thm,Support/TypedWorld/Compatibility.lean,BoCa/TypedFundamental.lean:78,
BoCa.Fig16.LogRel.Typed.gSepX_local,BoCa.Fig16.LogRel.Typed.gSepX_local,no,thm,Support/TypedWorld/Compatibility.lean,BoCa/TypedFundamental.lean:50,
BoCa.Fig16.LogRel.Typed.gSepX_outlives,BoCa.Fig16.LogRel.Typed.gSepX_outlives,no,thm,Support/TypedWorld/Compatibility.lean,BoCa/TypedFundamental.lean:388,
BoCa.Fig16.LogRel.Typed.gSepX_solo,BoCa.Fig16.LogRel.Typed.gSepX_solo,no,thm,Support/TypedWorld/Compatibility.lean,BoCa/TypedFundamental.lean:90,
BoCa.Fig16.LogRel.Typed.gSepX_split,BoCa.Fig16.LogRel.Typed.gSepX_split,no,thm,Support/TypedWorld/Compatibility.lean,BoCa/TypedFundamental.lean:113,
BoCa.Fig16.LogRel.Typed.id_compatX,BoCa.Fig16.LogRel.Typed.id_compatX,no,thm,Support/TypedWorld/Compatibility.lean,BoCa/TypedFundamental.lean:420,6.152
BoCa.Fig16.LogRel.Typed.immSub_compatX,BoCa.Fig16.LogRel.Typed.immSub_compatX,no,thm,Support/TypedWorld/Compatibility.lean,BoCa/TypedFundamental.lean:603,6.167
BoCa.Fig16.LogRel.Typed.lolliE_compatX,BoCa.Fig16.LogRel.Typed.lolliE_compatX,no,thm,Support/TypedWorld/Compatibility.lean,BoCa/TypedFundamental.lean:563,6.160
BoCa.Fig16.LogRel.Typed.lolliI_compatX,BoCa.Fig16.LogRel.Typed.lolliI_compatX,no,thm,Support/TypedWorld/Compatibility.lean,BoCa/TypedFundamental.lean:545,6.159
BoCa.Fig16.LogRel.Typed.mutSub_compatX,BoCa.Fig16.LogRel.Typed.mutSub_compatX,no,thm,Support/TypedWorld/Compatibility.lean,BoCa/TypedFundamental.lean:615,6.168
BoCa.Fig16.LogRel.Typed.ok_empty,BoCa.Fig16.LogRel.Typed.ok_empty,no,thm,Support/TypedWorld/Compatibility.lean,BoCa/TypedFundamental.lean:1372,
BoCa.Fig16.LogRel.Typed.ptoImmO_toImm,BoCa.Fig16.LogRel.Typed.ptoImmO_toImm,no,thm,Support/TypedWorld/Compatibility.lean,BoCa/TypedFundamental.lean:191,
BoCa.Fig16.LogRel.Typed.ptoImmS_antitone,BoCa.Fig16.LogRel.Typed.ptoImmS_antitone,no,thm,Support/TypedWorld/Compatibility.lean,BoCa/TypedFundamental.lean:332,
BoCa.Fig16.LogRel.Typed.ptoImmS_dup,BoCa.Fig16.LogRel.Typed.ptoImmS_dup,no,thm,Support/TypedWorld/Compatibility.lean,BoCa/TypedFundamental.lean:344,
BoCa.Fig16.LogRel.Typed.ptoImmS_ptoImm,BoCa.Fig16.LogRel.Typed.ptoImmS_ptoImm,no,thm,Support/TypedWorld/Compatibility.lean,BoCa/TypedFundamental.lean:357,
BoCa.Fig16.LogRel.Typed.ptoMutS_antitone,BoCa.Fig16.LogRel.Typed.ptoMutS_antitone,no,thm,Support/TypedWorld/Compatibility.lean,BoCa/TypedFundamental.lean:338,
BoCa.Fig16.LogRel.Typed.ptoMutS_ptoMut,BoCa.Fig16.LogRel.Typed.ptoMutS_ptoMut,no,thm,Support/TypedWorld/Compatibility.lean,BoCa/TypedFundamental.lean:363,
BoCa.Fig16.LogRel.Typed.rebChooseTW_pin,BoCa.Fig16.LogRel.Typed.rebChooseTW_pin,no,thm,Support/TypedWorld/Compatibility.lean,BoCa/TypedFundamental.lean:199,
BoCa.Fig16.LogRel.Typed.sumE_compatX,BoCa.Fig16.LogRel.Typed.sumE_compatX,no,thm,Support/TypedWorld/Compatibility.lean,BoCa/TypedFundamental.lean:514,6.158
BoCa.Fig16.LogRel.Typed.sumI₁_compatX,BoCa.Fig16.LogRel.Typed.sumI₁_compatX,no,thm,Support/TypedWorld/Compatibility.lean,BoCa/TypedFundamental.lean:498,6.157
BoCa.Fig16.LogRel.Typed.sumI₂_compatX,BoCa.Fig16.LogRel.Typed.sumI₂_compatX,no,thm,Support/TypedWorld/Compatibility.lean,BoCa/TypedFundamental.lean:506,6.157
BoCa.Fig16.LogRel.Typed.swap_compatX,BoCa.Fig16.LogRel.Typed.swap_compatX,no,thm,Support/TypedWorld/Compatibility.lean,BoCa/TypedFundamental.lean:642,6.169
BoCa.Fig16.LogRel.Typed.tensorE_compatX,BoCa.Fig16.LogRel.Typed.tensorE_compatX,no,thm,Support/TypedWorld/Compatibility.lean,BoCa/TypedFundamental.lean:471,6.156
BoCa.Fig16.LogRel.Typed.tensorI_compatX,BoCa.Fig16.LogRel.Typed.tensorI_compatX,no,thm,Support/TypedWorld/Compatibility.lean,BoCa/TypedFundamental.lean:453,6.155
BoCa.Fig16.LogRel.Typed.unitE_compatX,BoCa.Fig16.LogRel.Typed.unitE_compatX,no,thm,Support/TypedWorld/Compatibility.lean,BoCa/TypedFundamental.lean:440,6.154
BoCa.Fig16.LogRel.Typed.unitI_compatX,BoCa.Fig16.LogRel.Typed.unitI_compatX,no,thm,Support/TypedWorld/Compatibility.lean,BoCa/TypedFundamental.lean:432,6.153
BoCa.Fig16.LogRel.Typed.vP_same,BoCa.Fig16.LogRel.Typed.vP_same,no,thm,Support/TypedWorld/Compatibility.lean,BoCa/TypedFundamental.lean:180,
BoCa.Fig16.LogRel.Typed.withbor1_compatX,BoCa.Fig16.LogRel.Typed.withbor1_compatX,no,thm,Support/TypedWorld/Compatibility.lean,BoCa/TypedFundamental.lean:889,6.172
BoCa.Fig16.LogRel.Typed.withbor2_compatX,BoCa.Fig16.LogRel.Typed.withbor2_compatX,no,thm,Support/TypedWorld/Compatibility.lean,BoCa/TypedFundamental.lean:978,6.173
BoCa.Fig16.LogRel.Typed.withbor3_compatX,BoCa.Fig16.LogRel.Typed.withbor3_compatX,no,thm,Support/TypedWorld/Compatibility.lean,BoCa/TypedFundamental.lean:1056,6.174
BoCa.Fig16.LogRel.Typed.withload_compatX,BoCa.Fig16.LogRel.Typed.withload_compatX,no,thm,Support/TypedWorld/Compatibility.lean,BoCa/TypedFundamental.lean:211,6.175
BoCa.Fig16.LogRel.Typed.withswap_compatX,BoCa.Fig16.LogRel.Typed.withswap_compatX,no,thm,Support/TypedWorld/Compatibility.lean,BoCa/TypedFundamental.lean:1142,6.176
BoCa.Fig16.LogRel.Typed.wpTS_bind_frame,BoCa.Fig16.LogRel.Typed.wpTS_bind_frame,no,thm,Support/TypedWorld/Compatibility.lean,BoCa/TypedFundamental.lean:165,
BoCa.Fig16.LogRel.Typed.wpTS_mono,BoCa.Fig16.LogRel.Typed.wpTS_mono,no,thm,Support/TypedWorld/Compatibility.lean,BoCa/TypedFundamental.lean:156,
BoCa.Fig16.LogRel.Typed.wpTS_I_frameX,BoCa.Fig16.LogRel.Typed.wpTS_I_frameX,no,thm,Support/TypedWorld/FrameRules.lean,BoCa/TypedRel.lean:1429,6.64
BoCa.Fig16.LogRel.Typed.wpTS_M_antiFrameX,BoCa.Fig16.LogRel.Typed.wpTS_M_antiFrameX,no,thm,Support/TypedWorld/FrameRules.lean,BoCa/TypedRel.lean:1923,6.66
BoCa.Fig16.LogRel.Typed.wpTS_M_frameX,BoCa.Fig16.LogRel.Typed.wpTS_M_frameX,no,thm,Support/TypedWorld/FrameRules.lean,BoCa/TypedRel.lean:1717,6.65
BoCa.Fig16.LogRel.Typed.AllCp,BoCa.Fig16.LogRel.Typed.AllCp,no,def,Support/TypedWorld/Images.lean,BoCa/TypedImage.lean:1869,
BoCa.Fig16.LogRel.Typed.CellU.CompR.back_view,BoCa.Fig16.LogRel.Typed.CellU.CompR.back_view,no,thm,Support/TypedWorld/Images.lean,BoCa/TypedImage.lean:101,
BoCa.Fig16.LogRel.Typed.Chain.own,BoCa.Fig16.LogRel.Typed.Chain.own,no,thm,Support/TypedWorld/Images.lean,BoCa/TypedImage.lean:1369,
BoCa.Fig16.LogRel.Typed.Chain.snoc,BoCa.Fig16.LogRel.Typed.Chain.snoc,no,thm,Support/TypedWorld/Images.lean,BoCa/TypedImage.lean:1375,
BoCa.Fig16.LogRel.Typed.ChainInv,BoCa.Fig16.LogRel.Typed.ChainInv,no,def,Support/TypedWorld/Images.lean,BoCa/TypedImage.lean:1566,
BoCa.Fig16.LogRel.Typed.Cp,BoCa.Fig16.LogRel.Typed.Cp,no,def,Support/TypedWorld/Images.lean,BoCa/TypedImage.lean:1863,
BoCa.Fig16.LogRel.Typed.DeepInv,BoCa.Fig16.LogRel.Typed.DeepInv,no,def,Support/TypedWorld/Images.lean,BoCa/TypedImage.lean:1537,
BoCa.Fig16.LogRel.Typed.JointAt,BoCa.Fig16.LogRel.Typed.JointAt,no,def,Support/TypedWorld/Images.lean,BoCa/TypedImage.lean:1136,
BoCa.Fig16.LogRel.Typed.JointDeep,BoCa.Fig16.LogRel.Typed.JointDeep,no,def,Support/TypedWorld/Images.lean,BoCa/TypedImage.lean:1552,
BoCa.Fig16.LogRel.Typed.RefPos.inv_box,BoCa.Fig16.LogRel.Typed.RefPos.inv_box,no,thm,Support/TypedWorld/Images.lean,BoCa/TypedImage.lean:1194,
BoCa.Fig16.LogRel.Typed.RefPos.inv_ref,BoCa.Fig16.LogRel.Typed.RefPos.inv_ref,no,thm,Support/TypedWorld/Images.lean,BoCa/TypedImage.lean:1177,
BoCa.Fig16.LogRel.Typed.RefPos.inv_sum,BoCa.Fig16.LogRel.Typed.RefPos.inv_sum,no,thm,Support/TypedWorld/Images.lean,BoCa/TypedImage.lean:1188,
BoCa.Fig16.LogRel.Typed.RefPos.inv_tensor,BoCa.Fig16.LogRel.Typed.RefPos.inv_tensor,no,thm,Support/TypedWorld/Images.lean,BoCa/TypedImage.lean:1181,
BoCa.Fig16.LogRel.Typed.RefPos.not_free,BoCa.Fig16.LogRel.Typed.RefPos.not_free,no,thm,Support/TypedWorld/Images.lean,BoCa/TypedImage.lean:435,
BoCa.Fig16.LogRel.Typed.Root,BoCa.Fig16.LogRel.Typed.Root,no,def,Support/TypedWorld/Images.lean,BoCa/TypedImage.lean:789,
BoCa.Fig16.LogRel.Typed.Val.inj₁_inj',BoCa.Fig16.LogRel.Typed.Val.inj₁_inj',no,thm,Support/TypedWorld/Images.lean,BoCa/TypedImage.lean:451,
BoCa.Fig16.LogRel.Typed.Val.inj₁_ne_inj₂,BoCa.Fig16.LogRel.Typed.Val.inj₁_ne_inj₂,no,thm,Support/TypedWorld/Images.lean,BoCa/TypedImage.lean:461,
BoCa.Fig16.LogRel.Typed.Val.inj₂_inj',BoCa.Fig16.LogRel.Typed.Val.inj₂_inj',no,thm,Support/TypedWorld/Images.lean,BoCa/TypedImage.lean:456,
BoCa.Fig16.LogRel.Typed.Val.pair_inj',BoCa.Fig16.LogRel.Typed.Val.pair_inj',no,thm,Support/TypedWorld/Images.lean,BoCa/TypedImage.lean:445,
BoCa.Fig16.LogRel.Typed.agW_image_noview,BoCa.Fig16.LogRel.Typed.agW_image_noview,no,thm,Support/TypedWorld/Images.lean,BoCa/TypedImage.lean:1990,
BoCa.Fig16.LogRel.Typed.agW_of_valid,BoCa.Fig16.LogRel.Typed.agW_of_valid,no,thm,Support/TypedWorld/Images.lean,BoCa/TypedImage.lean:336,
BoCa.Fig16.LogRel.Typed.agW_relRes,BoCa.Fig16.LogRel.Typed.agW_relRes,no,thm,Support/TypedWorld/Images.lean,BoCa/TypedImage.lean:1084,
BoCa.Fig16.LogRel.Typed.agW_source,BoCa.Fig16.LogRel.Typed.agW_source,no,thm,Support/TypedWorld/Images.lean,BoCa/TypedImage.lean:581,
BoCa.Fig16.LogRel.Typed.agWitsI_congr,BoCa.Fig16.LogRel.Typed.agWitsI_congr,no,thm,Support/TypedWorld/Images.lean,BoCa/TypedImage.lean:1070,
BoCa.Fig16.LogRel.Typed.allCp_left,BoCa.Fig16.LogRel.Typed.allCp_left,no,thm,Support/TypedWorld/Images.lean,BoCa/TypedImage.lean:1910,
BoCa.Fig16.LogRel.Typed.allCp_right,BoCa.Fig16.LogRel.Typed.allCp_right,no,thm,Support/TypedWorld/Images.lean,BoCa/TypedImage.lean:1923,
BoCa.Fig16.LogRel.Typed.allCp_trans,BoCa.Fig16.LogRel.Typed.allCp_trans,no,thm,Support/TypedWorld/Images.lean,BoCa/TypedImage.lean:1926,
BoCa.Fig16.LogRel.Typed.alloc_ag,BoCa.Fig16.LogRel.Typed.alloc_ag,no,thm,Support/TypedWorld/Images.lean,BoCa/TypedImage.lean:316,
BoCa.Fig16.LogRel.Typed.back_some,BoCa.Fig16.LogRel.Typed.back_some,no,thm,Support/TypedWorld/Images.lean,BoCa/TypedImage.lean:134,
BoCa.Fig16.LogRel.Typed.back_view,BoCa.Fig16.LogRel.Typed.back_view,no,thm,Support/TypedWorld/Images.lean,BoCa/TypedImage.lean:119,
BoCa.Fig16.LogRel.Typed.bigComp_allCp,BoCa.Fig16.LogRel.Typed.bigComp_allCp,no,thm,Support/TypedWorld/Images.lean,BoCa/TypedImage.lean:1901,
BoCa.Fig16.LogRel.Typed.bigComp_back,BoCa.Fig16.LogRel.Typed.bigComp_back,no,thm,Support/TypedWorld/Images.lean,BoCa/TypedImage.lean:568,
BoCa.Fig16.LogRel.Typed.cell_of_compS_single,BoCa.Fig16.LogRel.Typed.cell_of_compS_single,no,thm,Support/TypedWorld/Images.lean,BoCa/TypedImage.lean:2106,
BoCa.Fig16.LogRel.Typed.chainInv_reb,BoCa.Fig16.LogRel.Typed.chainInv_reb,no,thm,Support/TypedWorld/Images.lean,BoCa/TypedImage.lean:1649,
BoCa.Fig16.LogRel.Typed.chainInv_rebDeep,BoCa.Fig16.LogRel.Typed.chainInv_rebDeep,no,thm,Support/TypedWorld/Images.lean,BoCa/TypedImage.lean:1737,
BoCa.Fig16.LogRel.Typed.chain_last,BoCa.Fig16.LogRel.Typed.chain_last,no,thm,Support/TypedWorld/Images.lean,BoCa/TypedImage.lean:1490,
BoCa.Fig16.LogRel.Typed.chain_own,BoCa.Fig16.LogRel.Typed.chain_own,no,thm,Support/TypedWorld/Images.lean,BoCa/TypedImage.lean:1384,
BoCa.Fig16.LogRel.Typed.chain_unique,BoCa.Fig16.LogRel.Typed.chain_unique,no,thm,Support/TypedWorld/Images.lean,BoCa/TypedImage.lean:1410,
BoCa.Fig16.LogRel.Typed.chain_unique_rec,BoCa.Fig16.LogRel.Typed.chain_unique_rec,no,thm,Support/TypedWorld/Images.lean,BoCa/TypedImage.lean:1577,
BoCa.Fig16.LogRel.Typed.chain_val,BoCa.Fig16.LogRel.Typed.chain_val,no,thm,Support/TypedWorld/Images.lean,BoCa/TypedImage.lean:1582,
BoCa.Fig16.LogRel.Typed.compS_get_left',BoCa.Fig16.LogRel.Typed.compS_get_left',no,thm,Support/TypedWorld/Images.lean,BoCa/TypedImage.lean:466,
BoCa.Fig16.LogRel.Typed.compS_get_right',BoCa.Fig16.LogRel.Typed.compS_get_right',no,thm,Support/TypedWorld/Images.lean,BoCa/TypedImage.lean:481,
BoCa.Fig16.LogRel.Typed.comp_allCp,BoCa.Fig16.LogRel.Typed.comp_allCp,no,thm,Support/TypedWorld/Images.lean,BoCa/TypedImage.lean:1889,
BoCa.Fig16.LogRel.Typed.comp_get_l,BoCa.Fig16.LogRel.Typed.comp_get_l,no,thm,Support/TypedWorld/Images.lean,BoCa/TypedImage.lean:40,
BoCa.Fig16.LogRel.Typed.comp_some,BoCa.Fig16.LogRel.Typed.comp_some,no,thm,Support/TypedWorld/Images.lean,BoCa/TypedImage.lean:59,
BoCa.Fig16.LogRel.Typed.comp_some_r,BoCa.Fig16.LogRel.Typed.comp_some_r,no,thm,Support/TypedWorld/Images.lean,BoCa/TypedImage.lean:151,
BoCa.Fig16.LogRel.Typed.compatR_imm_congr,BoCa.Fig16.LogRel.Typed.compatR_imm_congr,no,thm,Support/TypedWorld/Images.lean,BoCa/TypedImage.lean:1063,
BoCa.Fig16.LogRel.Typed.compatR_imm_congr',BoCa.Fig16.LogRel.Typed.compatR_imm_congr',no,thm,Support/TypedWorld/Images.lean,BoCa/TypedImage.lean:1036,
BoCa.Fig16.LogRel.Typed.cp_comp,BoCa.Fig16.LogRel.Typed.cp_comp,no,thm,Support/TypedWorld/Images.lean,BoCa/TypedImage.lean:1879,
BoCa.Fig16.LogRel.Typed.cp_compat,BoCa.Fig16.LogRel.Typed.cp_compat,no,thm,Support/TypedWorld/Images.lean,BoCa/TypedImage.lean:1872,
BoCa.Fig16.LogRel.Typed.deepInv_back,BoCa.Fig16.LogRel.Typed.deepInv_back,no,thm,Support/TypedWorld/Images.lean,BoCa/TypedImage.lean:1630,
BoCa.Fig16.LogRel.Typed.del_stratum_of_le,BoCa.Fig16.LogRel.Typed.del_stratum_of_le,no,thm,Support/TypedWorld/Images.lean,BoCa/TypedImage.lean:339,
BoCa.Fig16.LogRel.Typed.empty_of_pure,BoCa.Fig16.LogRel.Typed.empty_of_pure,no,thm,Support/TypedWorld/Images.lean,BoCa/TypedImage.lean:796,
BoCa.Fig16.LogRel.Typed.escrow_walks,BoCa.Fig16.LogRel.Typed.escrow_walks,no,thm,Support/TypedWorld/Images.lean,BoCa/TypedImage.lean:653,
BoCa.Fig16.LogRel.Typed.ex_ag_disjoint,BoCa.Fig16.LogRel.Typed.ex_ag_disjoint,no,thm,Support/TypedWorld/Images.lean,BoCa/TypedImage.lean:162,
BoCa.Fig16.LogRel.Typed.flat_empty,BoCa.Fig16.LogRel.Typed.flat_empty,no,thm,Support/TypedWorld/Images.lean,BoCa/TypedImage.lean:51,
BoCa.Fig16.LogRel.Typed.frame_fwd,BoCa.Fig16.LogRel.Typed.frame_fwd,no,thm,Support/TypedWorld/Images.lean,BoCa/TypedImage.lean:1516,
BoCa.Fig16.LogRel.Typed.frame_imm,BoCa.Fig16.LogRel.Typed.frame_imm,no,thm,Support/TypedWorld/Images.lean,BoCa/TypedImage.lean:770,
BoCa.Fig16.LogRel.Typed.frame_support,BoCa.Fig16.LogRel.Typed.frame_support,no,thm,Support/TypedWorld/Images.lean,BoCa/TypedImage.lean:298,
BoCa.Fig16.LogRel.Typed.frame_transfer,BoCa.Fig16.LogRel.Typed.frame_transfer,no,thm,Support/TypedWorld/Images.lean,BoCa/TypedImage.lean:274,
BoCa.Fig16.LogRel.Typed.frame_walks,BoCa.Fig16.LogRel.Typed.frame_walks,no,thm,Support/TypedWorld/Images.lean,BoCa/TypedImage.lean:225,
BoCa.Fig16.LogRel.Typed.hRR,BoCa.Fig16.LogRel.Typed.hRR,no,thm,Support/TypedWorld/Images.lean,BoCa/TypedImage.lean:670,
BoCa.Fig16.LogRel.Typed.image_at_pos,BoCa.Fig16.LogRel.Typed.image_at_pos,no,thm,Support/TypedWorld/Images.lean,BoCa/TypedImage.lean:486,
BoCa.Fig16.LogRel.Typed.image_dom,BoCa.Fig16.LogRel.Typed.image_dom,no,thm,Support/TypedWorld/Images.lean,BoCa/TypedImage.lean:798,
BoCa.Fig16.LogRel.Typed.imm_back,BoCa.Fig16.LogRel.Typed.imm_back,no,thm,Support/TypedWorld/Images.lean,BoCa/TypedImage.lean:742,
BoCa.Fig16.LogRel.Typed.imm_fwd_l,BoCa.Fig16.LogRel.Typed.imm_fwd_l,no,thm,Support/TypedWorld/Images.lean,BoCa/TypedImage.lean:758,
BoCa.Fig16.LogRel.Typed.imm_fwd_r,BoCa.Fig16.LogRel.Typed.imm_fwd_r,no,thm,Support/TypedWorld/Images.lean,BoCa/TypedImage.lean:764,
BoCa.Fig16.LogRel.Typed.interp_ext_self,BoCa.Fig16.LogRel.Typed.interp_ext_self,no,thm,Support/TypedWorld/Images.lean,BoCa/TypedImage.lean:995,
BoCa.Fig16.LogRel.Typed.le_of_compS_left,BoCa.Fig16.LogRel.Typed.le_of_compS_left,no,thm,Support/TypedWorld/Images.lean,BoCa/TypedImage.lean:1221,
BoCa.Fig16.LogRel.Typed.le_of_compS_right,BoCa.Fig16.LogRel.Typed.le_of_compS_right,no,thm,Support/TypedWorld/Images.lean,BoCa/TypedImage.lean:1223,
BoCa.Fig16.LogRel.Typed.lift_escrow,BoCa.Fig16.LogRel.Typed.lift_escrow,no,thm,Support/TypedWorld/Images.lean,BoCa/TypedImage.lean:662,
BoCa.Fig16.LogRel.Typed.lift_part,BoCa.Fig16.LogRel.Typed.lift_part,no,thm,Support/TypedWorld/Images.lean,BoCa/TypedImage.lean:187,
BoCa.Fig16.LogRel.Typed.lift_view,BoCa.Fig16.LogRel.Typed.lift_view,no,thm,Support/TypedWorld/Images.lean,BoCa/TypedImage.lean:69,
BoCa.Fig16.LogRel.Typed.lift_view_r,BoCa.Fig16.LogRel.Typed.lift_view_r,no,thm,Support/TypedWorld/Images.lean,BoCa/TypedImage.lean:145,
BoCa.Fig16.LogRel.Typed.not_own_both,BoCa.Fig16.LogRel.Typed.not_own_both,no,thm,Support/TypedWorld/Images.lean,BoCa/TypedImage.lean:1206,
BoCa.Fig16.LogRel.Typed.own_del,BoCa.Fig16.LogRel.Typed.own_del,no,thm,Support/TypedWorld/Images.lean,BoCa/TypedImage.lean:1510,
BoCa.Fig16.LogRel.Typed.own_of_le,BoCa.Fig16.LogRel.Typed.own_of_le,no,thm,Support/TypedWorld/Images.lean,BoCa/TypedImage.lean:1201,
BoCa.Fig16.LogRel.Typed.own_split,BoCa.Fig16.LogRel.Typed.own_split,no,thm,Support/TypedWorld/Images.lean,BoCa/TypedImage.lean:1228,
BoCa.Fig16.LogRel.Typed.plusRes,BoCa.Fig16.LogRel.Typed.plusRes,no,def,Support/TypedWorld/Images.lean,BoCa/TypedImage.lean:1963,
BoCa.Fig16.LogRel.Typed.plusRes_other,BoCa.Fig16.LogRel.Typed.plusRes_other,no,thm,Support/TypedWorld/Images.lean,BoCa/TypedImage.lean:1984,
BoCa.Fig16.LogRel.Typed.plusRes_own,BoCa.Fig16.LogRel.Typed.plusRes_own,no,thm,Support/TypedWorld/Images.lean,BoCa/TypedImage.lean:1977,
BoCa.Fig16.LogRel.Typed.reb_cell,BoCa.Fig16.LogRel.Typed.reb_cell,no,thm,Support/TypedWorld/Images.lean,BoCa/TypedImage.lean:617,
BoCa.Fig16.LogRel.Typed.reb_cell_erase,BoCa.Fig16.LogRel.Typed.reb_cell_erase,no,thm,Support/TypedWorld/Images.lean,BoCa/TypedImage.lean:1937,
BoCa.Fig16.LogRel.Typed.reb_like_back,BoCa.Fig16.LogRel.Typed.reb_like_back,no,thm,Support/TypedWorld/Images.lean,BoCa/TypedImage.lean:1590,
BoCa.Fig16.LogRel.Typed.reb_like_fwd,BoCa.Fig16.LogRel.Typed.reb_like_fwd,no,thm,Support/TypedWorld/Images.lean,BoCa/TypedImage.lean:1605,
BoCa.Fig16.LogRel.Typed.reb_like_new,BoCa.Fig16.LogRel.Typed.reb_like_new,no,thm,Support/TypedWorld/Images.lean,BoCa/TypedImage.lean:1618,
BoCa.Fig16.LogRel.Typed.reb_support,BoCa.Fig16.LogRel.Typed.reb_support,no,thm,Support/TypedWorld/Images.lean,BoCa/TypedImage.lean:216,
BoCa.Fig16.LogRel.Typed.reb_transfer_gen,BoCa.Fig16.LogRel.Typed.reb_transfer_gen,no,thm,Support/TypedWorld/Images.lean,BoCa/TypedImage.lean:673,
BoCa.Fig16.LogRel.Typed.reb_wit_stratum,BoCa.Fig16.LogRel.Typed.reb_wit_stratum,no,thm,Support/TypedWorld/Images.lean,BoCa/TypedImage.lean:1152,
BoCa.Fig16.LogRel.Typed.refPos_blocks,BoCa.Fig16.LogRel.Typed.refPos_blocks,no,thm,Support/TypedWorld/Images.lean,BoCa/TypedImage.lean:1282,
BoCa.Fig16.LogRel.Typed.relCell,BoCa.Fig16.LogRel.Typed.relCell,no,def,Support/TypedWorld/Images.lean,BoCa/TypedImage.lean:903,
BoCa.Fig16.LogRel.Typed.relCell_compS,BoCa.Fig16.LogRel.Typed.relCell_compS,no,thm,Support/TypedWorld/Images.lean,BoCa/TypedImage.lean:945,
BoCa.Fig16.LogRel.Typed.relCell_fire,BoCa.Fig16.LogRel.Typed.relCell_fire,no,thm,Support/TypedWorld/Images.lean,BoCa/TypedImage.lean:930,
BoCa.Fig16.LogRel.Typed.relCell_keep,BoCa.Fig16.LogRel.Typed.relCell_keep,no,thm,Support/TypedWorld/Images.lean,BoCa/TypedImage.lean:938,
BoCa.Fig16.LogRel.Typed.relCell_props,BoCa.Fig16.LogRel.Typed.relCell_props,no,thm,Support/TypedWorld/Images.lean,BoCa/TypedImage.lean:921,
BoCa.Fig16.LogRel.Typed.relRes,BoCa.Fig16.LogRel.Typed.relRes,no,def,Support/TypedWorld/Images.lean,BoCa/TypedImage.lean:911,
BoCa.Fig16.LogRel.Typed.relRes_compS,BoCa.Fig16.LogRel.Typed.relRes_compS,no,thm,Support/TypedWorld/Images.lean,BoCa/TypedImage.lean:965,
BoCa.Fig16.LogRel.Typed.relRes_empty,BoCa.Fig16.LogRel.Typed.relRes_empty,no,thm,Support/TypedWorld/Images.lean,BoCa/TypedImage.lean:984,
BoCa.Fig16.LogRel.Typed.relRes_get,BoCa.Fig16.LogRel.Typed.relRes_get,no,thm,Support/TypedWorld/Images.lean,BoCa/TypedImage.lean:918,
BoCa.Fig16.LogRel.Typed.relRes_single,BoCa.Fig16.LogRel.Typed.relRes_single,no,thm,Support/TypedWorld/Images.lean,BoCa/TypedImage.lean:987,
BoCa.Fig16.LogRel.Typed.relabel_reb,BoCa.Fig16.LogRel.Typed.relabel_reb,no,thm,Support/TypedWorld/Images.lean,BoCa/TypedImage.lean:999,
BoCa.Fig16.LogRel.Typed.single_ne,BoCa.Fig16.LogRel.Typed.single_ne,no,thm,Support/TypedWorld/Images.lean,BoCa/TypedImage.lean:44,
BoCa.Fig16.LogRel.Typed.sub_comp,BoCa.Fig16.LogRel.Typed.sub_comp,no,thm,Support/TypedWorld/Images.lean,BoCa/TypedImage.lean:1211,
BoCa.Fig16.LogRel.Typed.typed_image_pos,BoCa.Fig16.LogRel.Typed.typed_image_pos,no,thm,Support/TypedWorld/Images.lean,BoCa/TypedImage.lean:540,
BoCa.Fig16.LogRel.Typed.vShape_congr,BoCa.Fig16.LogRel.Typed.vShape_congr,no,thm,Support/TypedWorld/Images.lean,BoCa/TypedImage.lean:375,
BoCa.Fig16.LogRel.Typed.vShape_extend_of_not_free,BoCa.Fig16.LogRel.Typed.vShape_extend_of_not_free,no,thm,Support/TypedWorld/Images.lean,BoCa/TypedImage.lean:411,
BoCa.Fig16.LogRel.Typed.AllICp,BoCa.Fig16.LogRel.Typed.AllICp,no,def,Support/TypedWorld/Invariant.lean,BoCa/TypedWorld.lean:216,
BoCa.Fig16.LogRel.Typed.CellU.CompR.lift_full,BoCa.Fig16.LogRel.Typed.CellU.CompR.lift_full,no,thm,Support/TypedWorld/Invariant.lean,BoCa/TypedWorld.lean:1280,
BoCa.Fig16.LogRel.Typed.Class,BoCa.Fig16.LogRel.Typed.Class,no,def,Support/TypedWorld/Invariant.lean,BoCa/TypedWorld.lean:1956,
BoCa.Fig16.LogRel.Typed.Class.congr,BoCa.Fig16.LogRel.Typed.Class.congr,no,thm,Support/TypedWorld/Invariant.lean,BoCa/TypedWorld.lean:2320,
BoCa.Fig16.LogRel.Typed.Coverage,BoCa.Fig16.LogRel.Typed.Coverage,no,def,Support/TypedWorld/Invariant.lean,BoCa/TypedWorld.lean:1963,
BoCa.Fig16.LogRel.Typed.DescR.cases,BoCa.Fig16.LogRel.Typed.DescR.cases,no,thm,Support/TypedWorld/Invariant.lean,BoCa/TypedWorld.lean:2062,
BoCa.Fig16.LogRel.Typed.DescR.refl,BoCa.Fig16.LogRel.Typed.DescR.refl,no,thm,Support/TypedWorld/Invariant.lean,BoCa/TypedWorld.lean:1693,
BoCa.Fig16.LogRel.Typed.DescR.sub,BoCa.Fig16.LogRel.Typed.DescR.sub,no,thm,Support/TypedWorld/Invariant.lean,BoCa/TypedWorld.lean:1701,
BoCa.Fig16.LogRel.Typed.ExIn,BoCa.Fig16.LogRel.Typed.ExIn,no,def,Support/TypedWorld/Invariant.lean,BoCa/TypedWorld.lean:1776,
BoCa.Fig16.LogRel.Typed.FrameRec.ext',BoCa.Fig16.LogRel.Typed.FrameRec.ext',no,thm,Support/TypedWorld/Invariant.lean,BoCa/TypedWorld.lean:1731,
BoCa.Fig16.LogRel.Typed.GPos.free,BoCa.Fig16.LogRel.Typed.GPos.free,no,thm,Support/TypedWorld/Invariant.lean,BoCa/TypedWorld.lean:1583,
BoCa.Fig16.LogRel.Typed.GPos.of_chain,BoCa.Fig16.LogRel.Typed.GPos.of_chain,no,thm,Support/TypedWorld/Invariant.lean,BoCa/TypedWorld.lean:1576,
BoCa.Fig16.LogRel.Typed.ICp,BoCa.Fig16.LogRel.Typed.ICp,no,def,Support/TypedWorld/Invariant.lean,BoCa/TypedWorld.lean:206,
BoCa.Fig16.LogRel.Typed.ICp.ls,BoCa.Fig16.LogRel.Typed.ICp.ls,no,thm,Support/TypedWorld/Invariant.lean,BoCa/TypedWorld.lean:218,
BoCa.Fig16.LogRel.Typed.ICpAt,BoCa.Fig16.LogRel.Typed.ICpAt,no,def,Support/TypedWorld/Invariant.lean,BoCa/TypedWorld.lean:213,
BoCa.Fig16.LogRel.Typed.LeInv,BoCa.Fig16.LogRel.Typed.LeInv,no,def,Support/TypedWorld/Invariant.lean,BoCa/TypedWorld.lean:181,
BoCa.Fig16.LogRel.Typed.LeInvW,BoCa.Fig16.LogRel.Typed.LeInvW,no,def,Support/TypedWorld/Invariant.lean,BoCa/TypedWorld.lean:1836,
BoCa.Fig16.LogRel.Typed.Lifts,BoCa.Fig16.LogRel.Typed.Lifts,no,def,Support/TypedWorld/Invariant.lean,BoCa/TypedWorld.lean:1298,
BoCa.Fig16.LogRel.Typed.Lifts.trans,BoCa.Fig16.LogRel.Typed.Lifts.trans,no,thm,Support/TypedWorld/Invariant.lean,BoCa/TypedWorld.lean:1304,
BoCa.Fig16.LogRel.Typed.LinPath.functional,BoCa.Fig16.LogRel.Typed.LinPath.functional,no,thm,Support/TypedWorld/Invariant.lean,BoCa/TypedWorld.lean:1761,
BoCa.Fig16.LogRel.Typed.LinPath.inv_cons,BoCa.Fig16.LogRel.Typed.LinPath.inv_cons,no,thm,Support/TypedWorld/Invariant.lean,BoCa/TypedWorld.lean:1751,
BoCa.Fig16.LogRel.Typed.LinPath.inv_nil,BoCa.Fig16.LogRel.Typed.LinPath.inv_nil,no,thm,Support/TypedWorld/Invariant.lean,BoCa/TypedWorld.lean:1745,
BoCa.Fig16.LogRel.Typed.LinPath.last,BoCa.Fig16.LogRel.Typed.LinPath.last,no,thm,Support/TypedWorld/Invariant.lean,BoCa/TypedWorld.lean:2050,
BoCa.Fig16.LogRel.Typed.LinPath.snoc,BoCa.Fig16.LogRel.Typed.LinPath.snoc,no,thm,Support/TypedWorld/Invariant.lean,BoCa/TypedWorld.lean:1695,
BoCa.Fig16.LogRel.Typed.LinPath.typed,BoCa.Fig16.LogRel.Typed.LinPath.typed,no,thm,Support/TypedWorld/Invariant.lean,BoCa/TypedWorld.lean:1722,
BoCa.Fig16.LogRel.Typed.LinPath.xpath,BoCa.Fig16.LogRel.Typed.LinPath.xpath,no,thm,Support/TypedWorld/Invariant.lean,BoCa/TypedWorld.lean:1705,
BoCa.Fig16.LogRel.Typed.MutAt,BoCa.Fig16.LogRel.Typed.MutAt,no,induct,Support/TypedWorld/Invariant.lean,BoCa/TypedWorld.lean:303,
BoCa.Fig16.LogRel.Typed.MutAt.below.nest,BoCa.Fig16.LogRel.Typed.MutAt.below.nest,no,ctor,Support/TypedWorld/Invariant.lean,BoCa/TypedWorld.lean:303,
BoCa.Fig16.LogRel.Typed.MutAt.below.top,BoCa.Fig16.LogRel.Typed.MutAt.below.top,no,ctor,Support/TypedWorld/Invariant.lean,BoCa/TypedWorld.lean:303,
BoCa.Fig16.LogRel.Typed.MutAt.mono,BoCa.Fig16.LogRel.Typed.MutAt.mono,no,thm,Support/TypedWorld/Invariant.lean,BoCa/TypedWorld.lean:311,
BoCa.Fig16.LogRel.Typed.MutAt.nest,BoCa.Fig16.LogRel.Typed.MutAt.nest,no,ctor,Support/TypedWorld/Invariant.lean,BoCa/TypedWorld.lean:308,
BoCa.Fig16.LogRel.Typed.MutAt.of_compS_left,BoCa.Fig16.LogRel.Typed.MutAt.of_compS_left,no,thm,Support/TypedWorld/Invariant.lean,BoCa/TypedWorld.lean:324,
BoCa.Fig16.LogRel.Typed.MutAt.of_compS_right,BoCa.Fig16.LogRel.Typed.MutAt.of_compS_right,no,thm,Support/TypedWorld/Invariant.lean,BoCa/TypedWorld.lean:330,
BoCa.Fig16.LogRel.Typed.MutAt.of_del,BoCa.Fig16.LogRel.Typed.MutAt.of_del,no,thm,Support/TypedWorld/Invariant.lean,BoCa/TypedWorld.lean:337,
BoCa.Fig16.LogRel.Typed.MutAt.of_le,BoCa.Fig16.LogRel.Typed.MutAt.of_le,no,thm,Support/TypedWorld/Invariant.lean,BoCa/TypedWorld.lean:333,
BoCa.Fig16.LogRel.Typed.MutAt.split,BoCa.Fig16.LogRel.Typed.MutAt.split,no,thm,Support/TypedWorld/Invariant.lean,BoCa/TypedWorld.lean:359,
BoCa.Fig16.LogRel.Typed.MutAt.top,BoCa.Fig16.LogRel.Typed.MutAt.top,no,ctor,Support/TypedWorld/Invariant.lean,BoCa/TypedWorld.lean:306,
BoCa.Fig16.LogRel.Typed.MutPos.free,BoCa.Fig16.LogRel.Typed.MutPos.free,no,thm,Support/TypedWorld/Invariant.lean,BoCa/TypedWorld.lean:1375,
BoCa.Fig16.LogRel.Typed.MutPos.inv_box,BoCa.Fig16.LogRel.Typed.MutPos.inv_box,no,thm,Support/TypedWorld/Invariant.lean,BoCa/TypedWorld.lean:1370,
BoCa.Fig16.LogRel.Typed.MutPos.inv_mut,BoCa.Fig16.LogRel.Typed.MutPos.inv_mut,no,thm,Support/TypedWorld/Invariant.lean,BoCa/TypedWorld.lean:1353,
BoCa.Fig16.LogRel.Typed.MutPos.inv_sum,BoCa.Fig16.LogRel.Typed.MutPos.inv_sum,no,thm,Support/TypedWorld/Invariant.lean,BoCa/TypedWorld.lean:1364,
BoCa.Fig16.LogRel.Typed.MutPos.inv_tensor,BoCa.Fig16.LogRel.Typed.MutPos.inv_tensor,no,thm,Support/TypedWorld/Invariant.lean,BoCa/TypedWorld.lean:1357,
BoCa.Fig16.LogRel.Typed.NVAt,BoCa.Fig16.LogRel.Typed.NVAt,no,def,Support/TypedWorld/Invariant.lean,BoCa/TypedWorld.lean:1779,
BoCa.Fig16.LogRel.Typed.NestLife,BoCa.Fig16.LogRel.Typed.NestLife,no,def,Support/TypedWorld/Invariant.lean,BoCa/TypedWorld.lean:749,
BoCa.Fig16.LogRel.Typed.NoMut,BoCa.Fig16.LogRel.Typed.NoMut,no,def,Support/TypedWorld/Invariant.lean,BoCa/TypedWorld.lean:1951,
BoCa.Fig16.LogRel.Typed.RefPos.free,BoCa.Fig16.LogRel.Typed.RefPos.free,no,thm,Support/TypedWorld/Invariant.lean,BoCa/TypedWorld.lean:1035,
BoCa.Fig16.LogRel.Typed.SubRec.functional,BoCa.Fig16.LogRel.Typed.SubRec.functional,no,thm,Support/TypedWorld/Invariant.lean,BoCa/TypedWorld.lean:1735,
BoCa.Fig16.LogRel.Typed.SubRec.typed,BoCa.Fig16.LogRel.Typed.SubRec.typed,no,thm,Support/TypedWorld/Invariant.lean,BoCa/TypedWorld.lean:1712,
BoCa.Fig16.LogRel.Typed.TI,BoCa.Fig16.LogRel.Typed.TI,no,def,Support/TypedWorld/Invariant.lean,BoCa/TypedWorld.lean:1968,
BoCa.Fig16.LogRel.Typed.TI.exIn,BoCa.Fig16.LogRel.Typed.TI.exIn,no,thm,Support/TypedWorld/Invariant.lean,BoCa/TypedWorld.lean:1981,
BoCa.Fig16.LogRel.Typed.TI.leInvW,BoCa.Fig16.LogRel.Typed.TI.leInvW,no,thm,Support/TypedWorld/Invariant.lean,BoCa/TypedWorld.lean:1976,
BoCa.Fig16.LogRel.Typed.TI.sub,BoCa.Fig16.LogRel.Typed.TI.sub,no,thm,Support/TypedWorld/Invariant.lean,BoCa/TypedWorld.lean:1986,
BoCa.Fig16.LogRel.Typed.TW.inv,BoCa.Fig16.LogRel.Typed.TW.inv,no,thm,Support/TypedWorld/Invariant.lean,BoCa/TypedWorld.lean:2877,
BoCa.Fig16.LogRel.Typed.TW.valid,BoCa.Fig16.LogRel.Typed.TW.valid,no,thm,Support/TypedWorld/Invariant.lean,BoCa/TypedWorld.lean:1934,
BoCa.Fig16.LogRel.Typed.XPath,BoCa.Fig16.LogRel.Typed.XPath,no,induct,Support/TypedWorld/Invariant.lean,BoCa/TypedWorld.lean:1091,
BoCa.Fig16.LogRel.Typed.XPath.below.cons,BoCa.Fig16.LogRel.Typed.XPath.below.cons,no,ctor,Support/TypedWorld/Invariant.lean,BoCa/TypedWorld.lean:1091,
BoCa.Fig16.LogRel.Typed.XPath.below.nil,BoCa.Fig16.LogRel.Typed.XPath.below.nil,no,ctor,Support/TypedWorld/Invariant.lean,BoCa/TypedWorld.lean:1091,
BoCa.Fig16.LogRel.Typed.XPath.cons,BoCa.Fig16.LogRel.Typed.XPath.cons,no,ctor,Support/TypedWorld/Invariant.lean,BoCa/TypedWorld.lean:1095,
BoCa.Fig16.LogRel.Typed.XPath.nil,BoCa.Fig16.LogRel.Typed.XPath.nil,no,ctor,Support/TypedWorld/Invariant.lean,BoCa/TypedWorld.lean:1094,
BoCa.Fig16.LogRel.Typed.agW_mut,BoCa.Fig16.LogRel.Typed.agW_mut,no,thm,Support/TypedWorld/Invariant.lean,BoCa/TypedWorld.lean:454,
BoCa.Fig16.LogRel.Typed.ag_none_of_top,BoCa.Fig16.LogRel.Typed.ag_none_of_top,no,thm,Support/TypedWorld/Invariant.lean,BoCa/TypedWorld.lean:976,
BoCa.Fig16.LogRel.Typed.bigComp_get_of_ne_imm,BoCa.Fig16.LogRel.Typed.bigComp_get_of_ne_imm,no,thm,Support/TypedWorld/Invariant.lean,BoCa/TypedWorld.lean:1098,
BoCa.Fig16.LogRel.Typed.bigComp_mut_src,BoCa.Fig16.LogRel.Typed.bigComp_mut_src,no,thm,Support/TypedWorld/Invariant.lean,BoCa/TypedWorld.lean:413,
BoCa.Fig16.LogRel.Typed.bigComp_two,BoCa.Fig16.LogRel.Typed.bigComp_two,no,thm,Support/TypedWorld/Invariant.lean,BoCa/TypedWorld.lean:1105,
BoCa.Fig16.LogRel.Typed.chainInv_of_ag_sub,BoCa.Fig16.LogRel.Typed.chainInv_of_ag_sub,no,thm,Support/TypedWorld/Invariant.lean,BoCa/TypedWorld.lean:34,
BoCa.Fig16.LogRel.Typed.coh_child,BoCa.Fig16.LogRel.Typed.coh_child,no,thm,Support/TypedWorld/Invariant.lean,BoCa/TypedWorld.lean:1074,
BoCa.Fig16.LogRel.Typed.coh_mut,BoCa.Fig16.LogRel.Typed.coh_mut,no,thm,Support/TypedWorld/Invariant.lean,BoCa/TypedWorld.lean:2950,
BoCa.Fig16.LogRel.Typed.coh_mut_child,BoCa.Fig16.LogRel.Typed.coh_mut_child,no,thm,Support/TypedWorld/Invariant.lean,BoCa/TypedWorld.lean:2962,
BoCa.Fig16.LogRel.Typed.coh_root,BoCa.Fig16.LogRel.Typed.coh_root,no,thm,Support/TypedWorld/Invariant.lean,BoCa/TypedWorld.lean:1065,
BoCa.Fig16.LogRel.Typed.compR_mut_src,BoCa.Fig16.LogRel.Typed.compR_mut_src,no,thm,Support/TypedWorld/Invariant.lean,BoCa/TypedWorld.lean:381,
BoCa.Fig16.LogRel.Typed.compS_back,BoCa.Fig16.LogRel.Typed.compS_back,no,thm,Support/TypedWorld/Invariant.lean,BoCa/TypedWorld.lean:343,
BoCa.Fig16.LogRel.Typed.comp_mut_src,BoCa.Fig16.LogRel.Typed.comp_mut_src,no,thm,Support/TypedWorld/Invariant.lean,BoCa/TypedWorld.lean:396,
BoCa.Fig16.LogRel.Typed.cov_reb_like,BoCa.Fig16.LogRel.Typed.cov_reb_like,no,thm,Support/TypedWorld/Invariant.lean,BoCa/TypedWorld.lean:2436,
BoCa.Fig16.LogRel.Typed.coverage_of_icp,BoCa.Fig16.LogRel.Typed.coverage_of_icp,no,thm,Support/TypedWorld/Invariant.lean,BoCa/TypedWorld.lean:2326,
BoCa.Fig16.LogRel.Typed.end_back,BoCa.Fig16.LogRel.Typed.end_back,no,thm,Support/TypedWorld/Invariant.lean,BoCa/TypedWorld.lean:123,
BoCa.Fig16.LogRel.Typed.end_fwd_imm,BoCa.Fig16.LogRel.Typed.end_fwd_imm,no,thm,Support/TypedWorld/Invariant.lean,BoCa/TypedWorld.lean:140,
BoCa.Fig16.LogRel.Typed.end_walks,BoCa.Fig16.LogRel.Typed.end_walks,no,thm,Support/TypedWorld/Invariant.lean,BoCa/TypedWorld.lean:106,
BoCa.Fig16.LogRel.Typed.escrow_icp,BoCa.Fig16.LogRel.Typed.escrow_icp,no,thm,Support/TypedWorld/Invariant.lean,BoCa/TypedWorld.lean:644,
BoCa.Fig16.LogRel.Typed.exIn_mut,BoCa.Fig16.LogRel.Typed.exIn_mut,no,thm,Support/TypedWorld/Invariant.lean,BoCa/TypedWorld.lean:1796,
BoCa.Fig16.LogRel.Typed.exIn_of,BoCa.Fig16.LogRel.Typed.exIn_of,no,thm,Support/TypedWorld/Invariant.lean,BoCa/TypedWorld.lean:2339,
BoCa.Fig16.LogRel.Typed.exIn_of_imm,BoCa.Fig16.LogRel.Typed.exIn_of_imm,no,thm,Support/TypedWorld/Invariant.lean,BoCa/TypedWorld.lean:1784,
BoCa.Fig16.LogRel.Typed.exIn_path,BoCa.Fig16.LogRel.Typed.exIn_path,no,thm,Support/TypedWorld/Invariant.lean,BoCa/TypedWorld.lean:1819,
BoCa.Fig16.LogRel.Typed.exIn_support,BoCa.Fig16.LogRel.Typed.exIn_support,no,thm,Support/TypedWorld/Invariant.lean,BoCa/TypedWorld.lean:1811,
BoCa.Fig16.LogRel.Typed.exR_cell,BoCa.Fig16.LogRel.Typed.exR_cell,no,thm,Support/TypedWorld/Invariant.lean,BoCa/TypedWorld.lean:1339,
BoCa.Fig16.LogRel.Typed.exR_mut_wit,BoCa.Fig16.LogRel.Typed.exR_mut_wit,no,thm,Support/TypedWorld/Invariant.lean,BoCa/TypedWorld.lean:1326,
BoCa.Fig16.LogRel.Typed.exW_mut,BoCa.Fig16.LogRel.Typed.exW_mut,no,thm,Support/TypedWorld/Invariant.lean,BoCa/TypedWorld.lean:428,
BoCa.Fig16.LogRel.Typed.frame_ex,BoCa.Fig16.LogRel.Typed.frame_ex,no,thm,Support/TypedWorld/Invariant.lean,BoCa/TypedWorld.lean:2004,
BoCa.Fig16.LogRel.Typed.frame_fwd_imm,BoCa.Fig16.LogRel.Typed.frame_fwd_imm,no,thm,Support/TypedWorld/Invariant.lean,BoCa/TypedWorld.lean:160,
BoCa.Fig16.LogRel.Typed.frame_new_root',BoCa.Fig16.LogRel.Typed.frame_new_root',no,thm,Support/TypedWorld/Invariant.lean,BoCa/TypedWorld.lean:2017,
BoCa.Fig16.LogRel.Typed.gpos_cross,BoCa.Fig16.LogRel.Typed.gpos_cross,no,thm,Support/TypedWorld/Invariant.lean,BoCa/TypedWorld.lean:1609,
BoCa.Fig16.LogRel.Typed.gpos_mut_cell,BoCa.Fig16.LogRel.Typed.gpos_mut_cell,no,thm,Support/TypedWorld/Invariant.lean,BoCa/TypedWorld.lean:1589,
BoCa.Fig16.LogRel.Typed.gpos_unique,BoCa.Fig16.LogRel.Typed.gpos_unique,no,thm,Support/TypedWorld/Invariant.lean,BoCa/TypedWorld.lean:1625,
BoCa.Fig16.LogRel.Typed.hSS,BoCa.Fig16.LogRel.Typed.hSS,no,thm,Support/TypedWorld/Invariant.lean,BoCa/TypedWorld.lean:492,
BoCa.Fig16.LogRel.Typed.icpAt_agW,BoCa.Fig16.LogRel.Typed.icpAt_agW,no,thm,Support/TypedWorld/Invariant.lean,BoCa/TypedWorld.lean:290,
BoCa.Fig16.LogRel.Typed.icpAt_bigComp,BoCa.Fig16.LogRel.Typed.icpAt_bigComp,no,thm,Support/TypedWorld/Invariant.lean,BoCa/TypedWorld.lean:272,
BoCa.Fig16.LogRel.Typed.icpAt_comp,BoCa.Fig16.LogRel.Typed.icpAt_comp,no,thm,Support/TypedWorld/Invariant.lean,BoCa/TypedWorld.lean:249,
BoCa.Fig16.LogRel.Typed.icpAt_left,BoCa.Fig16.LogRel.Typed.icpAt_left,no,thm,Support/TypedWorld/Invariant.lean,BoCa/TypedWorld.lean:225,
BoCa.Fig16.LogRel.Typed.icpAt_none,BoCa.Fig16.LogRel.Typed.icpAt_none,no,thm,Support/TypedWorld/Invariant.lean,BoCa/TypedWorld.lean:287,
BoCa.Fig16.LogRel.Typed.icpAt_of_immFree,BoCa.Fig16.LogRel.Typed.icpAt_of_immFree,no,thm,Support/TypedWorld/Invariant.lean,BoCa/TypedWorld.lean:284,
BoCa.Fig16.LogRel.Typed.icpAt_right,BoCa.Fig16.LogRel.Typed.icpAt_right,no,thm,Support/TypedWorld/Invariant.lean,BoCa/TypedWorld.lean:234,
BoCa.Fig16.LogRel.Typed.icpAt_trans,BoCa.Fig16.LogRel.Typed.icpAt_trans,no,thm,Support/TypedWorld/Invariant.lean,BoCa/TypedWorld.lean:246,
BoCa.Fig16.LogRel.Typed.icp_trans,BoCa.Fig16.LogRel.Typed.icp_trans,no,thm,Support/TypedWorld/Invariant.lean,BoCa/TypedWorld.lean:237,
BoCa.Fig16.LogRel.Typed.image_dom_mut,BoCa.Fig16.LogRel.Typed.image_dom_mut,no,thm,Support/TypedWorld/Invariant.lean,BoCa/TypedWorld.lean:879,
BoCa.Fig16.LogRel.Typed.img_cell,BoCa.Fig16.LogRel.Typed.img_cell,no,thm,Support/TypedWorld/Invariant.lean,BoCa/TypedWorld.lean:709,
BoCa.Fig16.LogRel.Typed.img_ls,BoCa.Fig16.LogRel.Typed.img_ls,no,thm,Support/TypedWorld/Invariant.lean,BoCa/TypedWorld.lean:727,
BoCa.Fig16.LogRel.Typed.img_walk,BoCa.Fig16.LogRel.Typed.img_walk,no,thm,Support/TypedWorld/Invariant.lean,BoCa/TypedWorld.lean:655,
BoCa.Fig16.LogRel.Typed.imm_back_full,BoCa.Fig16.LogRel.Typed.imm_back_full,no,thm,Support/TypedWorld/Invariant.lean,BoCa/TypedWorld.lean:80,
BoCa.Fig16.LogRel.Typed.imm_fwd_full_l,BoCa.Fig16.LogRel.Typed.imm_fwd_full_l,no,thm,Support/TypedWorld/Invariant.lean,BoCa/TypedWorld.lean:96,
BoCa.Fig16.LogRel.Typed.imm_fwd_full_r,BoCa.Fig16.LogRel.Typed.imm_fwd_full_r,no,thm,Support/TypedWorld/Invariant.lean,BoCa/TypedWorld.lean:101,
BoCa.Fig16.LogRel.Typed.leInvW_of,BoCa.Fig16.LogRel.Typed.leInvW_of,no,thm,Support/TypedWorld/Invariant.lean,BoCa/TypedWorld.lean:2332,
BoCa.Fig16.LogRel.Typed.leInv_of_reb,BoCa.Fig16.LogRel.Typed.leInv_of_reb,no,thm,Support/TypedWorld/Invariant.lean,BoCa/TypedWorld.lean:797,
BoCa.Fig16.LogRel.Typed.lfree_immReborrow,BoCa.Fig16.LogRel.Typed.lfree_immReborrow,no,thm,Support/TypedWorld/Invariant.lean,BoCa/TypedWorld.lean:993,
BoCa.Fig16.LogRel.Typed.lifts_left,BoCa.Fig16.LogRel.Typed.lifts_left,no,thm,Support/TypedWorld/Invariant.lean,BoCa/TypedWorld.lean:1313,
BoCa.Fig16.LogRel.Typed.lifts_right,BoCa.Fig16.LogRel.Typed.lifts_right,no,thm,Support/TypedWorld/Invariant.lean,BoCa/TypedWorld.lean:1323,
BoCa.Fig16.LogRel.Typed.lineage_list,BoCa.Fig16.LogRel.Typed.lineage_list,no,thm,Support/TypedWorld/Invariant.lean,BoCa/TypedWorld.lean:2988,
BoCa.Fig16.LogRel.Typed.lineage_of_leInv,BoCa.Fig16.LogRel.Typed.lineage_of_leInv,no,thm,Support/TypedWorld/Invariant.lean,BoCa/TypedWorld.lean:1842,
BoCa.Fig16.LogRel.Typed.lower_of_hash,BoCa.Fig16.LogRel.Typed.lower_of_hash,no,thm,Support/TypedWorld/Invariant.lean,BoCa/TypedWorld.lean:3027,
BoCa.Fig16.LogRel.Typed.lsOf_eta,BoCa.Fig16.LogRel.Typed.lsOf_eta,no,thm,Support/TypedWorld/Invariant.lean,BoCa/TypedWorld.lean:192,
BoCa.Fig16.LogRel.Typed.lsOf_of_imm,BoCa.Fig16.LogRel.Typed.lsOf_of_imm,no,thm,Support/TypedWorld/Invariant.lean,BoCa/TypedWorld.lean:200,
BoCa.Fig16.LogRel.Typed.mutAt_image,BoCa.Fig16.LogRel.Typed.mutAt_image,no,thm,Support/TypedWorld/Invariant.lean,BoCa/TypedWorld.lean:621,
BoCa.Fig16.LogRel.Typed.mutAt_of_cell,BoCa.Fig16.LogRel.Typed.mutAt_of_cell,no,thm,Support/TypedWorld/Invariant.lean,BoCa/TypedWorld.lean:636,
BoCa.Fig16.LogRel.Typed.mutAt_walk_dom,BoCa.Fig16.LogRel.Typed.mutAt_walk_dom,no,thm,Support/TypedWorld/Invariant.lean,BoCa/TypedWorld.lean:497,
BoCa.Fig16.LogRel.Typed.mutPos_unique,BoCa.Fig16.LogRel.Typed.mutPos_unique,no,thm,Support/TypedWorld/Invariant.lean,BoCa/TypedWorld.lean:1447,
BoCa.Fig16.LogRel.Typed.mut_fold_ag,BoCa.Fig16.LogRel.Typed.mut_fold_ag,no,thm,Support/TypedWorld/Invariant.lean,BoCa/TypedWorld.lean:63,
BoCa.Fig16.LogRel.Typed.mut_ref_blocks,BoCa.Fig16.LogRel.Typed.mut_ref_blocks,no,thm,Support/TypedWorld/Invariant.lean,BoCa/TypedWorld.lean:1504,
BoCa.Fig16.LogRel.Typed.mut_split,BoCa.Fig16.LogRel.Typed.mut_split,no,thm,Support/TypedWorld/Invariant.lean,BoCa/TypedWorld.lean:830,
BoCa.Fig16.LogRel.Typed.mut_split_den,BoCa.Fig16.LogRel.Typed.mut_split_den,no,thm,Support/TypedWorld/Invariant.lean,BoCa/TypedWorld.lean:1387,
BoCa.Fig16.LogRel.Typed.nestLife_of_ag,BoCa.Fig16.LogRel.Typed.nestLife_of_ag,no,thm,Support/TypedWorld/Invariant.lean,BoCa/TypedWorld.lean:790,
BoCa.Fig16.LogRel.Typed.nestLife_of_icp,BoCa.Fig16.LogRel.Typed.nestLife_of_icp,no,thm,Support/TypedWorld/Invariant.lean,BoCa/TypedWorld.lean:780,
BoCa.Fig16.LogRel.Typed.nestLife_of_maps,BoCa.Fig16.LogRel.Typed.nestLife_of_maps,no,thm,Support/TypedWorld/Invariant.lean,BoCa/TypedWorld.lean:760,
BoCa.Fig16.LogRel.Typed.nm_reb_like,BoCa.Fig16.LogRel.Typed.nm_reb_like,no,thm,Support/TypedWorld/Invariant.lean,BoCa/TypedWorld.lean:2397,
BoCa.Fig16.LogRel.Typed.not_mutAt_ex_own,BoCa.Fig16.LogRel.Typed.not_mutAt_ex_own,no,thm,Support/TypedWorld/Invariant.lean,BoCa/TypedWorld.lean:1266,
BoCa.Fig16.LogRel.Typed.not_mutAt_ex_own_aux,BoCa.Fig16.LogRel.Typed.not_mutAt_ex_own_aux,no,thm,Support/TypedWorld/Invariant.lean,BoCa/TypedWorld.lean:1222,
BoCa.Fig16.LogRel.Typed.not_mutAt_single_own,BoCa.Fig16.LogRel.Typed.not_mutAt_single_own,no,thm,Support/TypedWorld/Invariant.lean,BoCa/TypedWorld.lean:371,
BoCa.Fig16.LogRel.Typed.not_mutAt_top_own,BoCa.Fig16.LogRel.Typed.not_mutAt_top_own,no,thm,Support/TypedWorld/Invariant.lean,BoCa/TypedWorld.lean:527,
BoCa.Fig16.LogRel.Typed.not_mut_both,BoCa.Fig16.LogRel.Typed.not_mut_both,no,thm,Support/TypedWorld/Invariant.lean,BoCa/TypedWorld.lean:1441,
BoCa.Fig16.LogRel.Typed.own_cell_ag,BoCa.Fig16.LogRel.Typed.own_cell_ag,no,thm,Support/TypedWorld/Invariant.lean,BoCa/TypedWorld.lean:51,
BoCa.Fig16.LogRel.Typed.reb_cell_ls,BoCa.Fig16.LogRel.Typed.reb_cell_ls,no,thm,Support/TypedWorld/Invariant.lean,BoCa/TypedWorld.lean:586,
BoCa.Fig16.LogRel.Typed.ti_end,BoCa.Fig16.LogRel.Typed.ti_end,no,thm,Support/TypedWorld/Invariant.lean,BoCa/TypedWorld.lean:2577,
BoCa.Fig16.LogRel.Typed.ti_endReb,BoCa.Fig16.LogRel.Typed.ti_endReb,no,thm,Support/TypedWorld/Invariant.lean,BoCa/TypedWorld.lean:2730,
BoCa.Fig16.LogRel.Typed.ti_frame,BoCa.Fig16.LogRel.Typed.ti_frame,no,thm,Support/TypedWorld/Invariant.lean,BoCa/TypedWorld.lean:2068,
BoCa.Fig16.LogRel.Typed.ti_mutFold,BoCa.Fig16.LogRel.Typed.ti_mutFold,no,thm,Support/TypedWorld/Invariant.lean,BoCa/TypedWorld.lean:2353,
BoCa.Fig16.LogRel.Typed.ti_of_ag,BoCa.Fig16.LogRel.Typed.ti_of_ag,no,thm,Support/TypedWorld/Invariant.lean,BoCa/TypedWorld.lean:2346,
BoCa.Fig16.LogRel.Typed.ti_reb,BoCa.Fig16.LogRel.Typed.ti_reb,no,thm,Support/TypedWorld/Invariant.lean,BoCa/TypedWorld.lean:2471,
BoCa.Fig16.LogRel.Typed.ti_rebDeep,BoCa.Fig16.LogRel.Typed.ti_rebDeep,no,thm,Support/TypedWorld/Invariant.lean,BoCa/TypedWorld.lean:2502,
BoCa.Fig16.LogRel.Typed.vShape_immReb_agree,BoCa.Fig16.LogRel.Typed.vShape_immReb_agree,no,thm,Support/TypedWorld/Invariant.lean,BoCa/TypedWorld.lean:1054,
BoCa.Fig16.LogRel.Typed.xpath_ex,BoCa.Fig16.LogRel.Typed.xpath_ex,no,thm,Support/TypedWorld/Invariant.lean,BoCa/TypedWorld.lean:1123,
BoCa.Fig16.LogRel.Typed.xpath_ex_part,BoCa.Fig16.LogRel.Typed.xpath_ex_part,no,thm,Support/TypedWorld/Invariant.lean,BoCa/TypedWorld.lean:2566,
BoCa.Fig16.LogRel.Typed.xpath_unique,BoCa.Fig16.LogRel.Typed.xpath_unique,no,thm,Support/TypedWorld/Invariant.lean,BoCa/TypedWorld.lean:1150,
BoCa.Fig16.LogRel.Typed.RebChooseTW,BoCa.Fig16.LogRel.Typed.RebChooseTW,no,def,Support/TypedWorld/Reborrow.lean,BoCa/TypedReborrow.lean:83,
BoCa.Fig16.LogRel.Typed.rebChooseTW_deep,BoCa.Fig16.LogRel.Typed.rebChooseTW_deep,no,thm,Support/TypedWorld/Reborrow.lean,BoCa/TypedReborrow.lean:325,
BoCa.Fig16.LogRel.Typed.rebChooseTW_top,BoCa.Fig16.LogRel.Typed.rebChooseTW_top,no,thm,Support/TypedWorld/Reborrow.lean,BoCa/TypedReborrow.lean:276,
BoCa.Fig16.LogRel.Typed.tagged_reb,BoCa.Fig16.LogRel.Typed.tagged_reb,no,thm,Support/TypedWorld/Reborrow.lean,BoCa/TypedReborrow.lean:26,
BoCa.Fig16.LogRel.Typed.tagged_rebDeep,BoCa.Fig16.LogRel.Typed.tagged_rebDeep,no,thm,Support/TypedWorld/Reborrow.lean,BoCa/TypedReborrow.lean:43,
BoCa.Fig16.LogRel.Typed.tagged_rebEnd,BoCa.Fig16.LogRel.Typed.tagged_rebEnd,no,thm,Support/TypedWorld/Reborrow.lean,BoCa/TypedReborrow.lean:69,
BoCa.Fig16.LogRel.Typed.wpTS_reborrow,BoCa.Fig16.LogRel.Typed.wpTS_reborrow,no,thm,Support/TypedWorld/Reborrow.lean,BoCa/TypedReborrow.lean:109,6.150
BoCa.Fig16.LogRel.Typed.reborrow_vShape,BoCa.Fig16.LogRel.Typed.reborrow_vShape,no,thm,Support/TypedWorld/ReborrowShapes.lean,BoCa/TypedRel.lean:2106,6.131
BoCa.Fig16.LogRel.Typed.six132_shape,BoCa.Fig16.LogRel.Typed.six132_shape,no,thm,Support/TypedWorld/ReborrowShapes.lean,BoCa/TypedRel.lean:2190,6.132
BoCa.Fig16.LogRel.Typed.six132_shape_fresh,BoCa.Fig16.LogRel.Typed.six132_shape_fresh,no,thm,Support/TypedWorld/ReborrowShapes.lean,BoCa/TypedRel.lean:2201,6.132
BoCa.Fig16.LogRel.Typed.AdmWf,BoCa.Fig16.LogRel.Typed.AdmWf,no,def,Support/TypedWorld/Records.lean,BoCa/TypedImage.lean:47,
BoCa.Fig16.LogRel.Typed.AgreeOn,BoCa.Fig16.LogRel.Typed.AgreeOn,no,def,Support/TypedWorld/Records.lean,BoCa/TypedWorld.lean:1043,
BoCa.Fig16.LogRel.Typed.CellIn,BoCa.Fig16.LogRel.Typed.CellIn,no,def,Support/TypedWorld/Records.lean,BoCa/TypedWp.lean:111,
BoCa.Fig16.LogRel.Typed.Chain,BoCa.Fig16.LogRel.Typed.Chain,no,induct,Support/TypedWorld/Records.lean,BoCa/TypedImage.lean:1357,
BoCa.Fig16.LogRel.Typed.Chain.below.one,BoCa.Fig16.LogRel.Typed.Chain.below.one,no,ctor,Support/TypedWorld/Records.lean,BoCa/TypedImage.lean:1357,
BoCa.Fig16.LogRel.Typed.Chain.below.step,BoCa.Fig16.LogRel.Typed.Chain.below.step,no,ctor,Support/TypedWorld/Records.lean,BoCa/TypedImage.lean:1357,
BoCa.Fig16.LogRel.Typed.Chain.one,BoCa.Fig16.LogRel.Typed.Chain.one,no,ctor,Support/TypedWorld/Records.lean,BoCa/TypedImage.lean:1362,
BoCa.Fig16.LogRel.Typed.Chain.step,BoCa.Fig16.LogRel.Typed.Chain.step,no,ctor,Support/TypedWorld/Records.lean,BoCa/TypedImage.lean:1364,
BoCa.Fig16.LogRel.Typed.Coh,BoCa.Fig16.LogRel.Typed.Coh,no,def,Support/TypedWorld/Records.lean,BoCa/TypedWorld.lean:1046,
BoCa.Fig16.LogRel.Typed.Desc,BoCa.Fig16.LogRel.Typed.Desc,no,def,Support/TypedWorld/Records.lean,BoCa/TypedWorld.lean:1690,
BoCa.Fig16.LogRel.Typed.DescR,BoCa.Fig16.LogRel.Typed.DescR,no,def,Support/TypedWorld/Records.lean,BoCa/TypedWorld.lean:1687,
BoCa.Fig16.LogRel.Typed.Ext,BoCa.Fig16.LogRel.Typed.Ext,no,def,Support/TypedWorld/Records.lean,BoCa/TypedWp.lean:165,
BoCa.Fig16.LogRel.Typed.FrameLife,BoCa.Fig16.LogRel.Typed.FrameLife,no,def,Support/TypedWorld/Records.lean,BoCa/TypedWp.lean:277,
BoCa.Fig16.LogRel.Typed.FrameRec,BoCa.Fig16.LogRel.Typed.FrameRec,no,induct,Support/TypedWorld/Records.lean,BoCa/TypedImage.lean:326,
BoCa.Fig16.LogRel.Typed.FrameRec.R,BoCa.Fig16.LogRel.Typed.FrameRec.R,no,def,Support/TypedWorld/Records.lean,BoCa/TypedImage.lean:332,
BoCa.Fig16.LogRel.Typed.FrameRec.T,BoCa.Fig16.LogRel.Typed.FrameRec.T,no,def,Support/TypedWorld/Records.lean,BoCa/TypedImage.lean:333,
BoCa.Fig16.LogRel.Typed.FrameRec.le,BoCa.Fig16.LogRel.Typed.FrameRec.le,no,def,Support/TypedWorld/Records.lean,BoCa/TypedImage.lean:330,
BoCa.Fig16.LogRel.Typed.FrameRec.mk,BoCa.Fig16.LogRel.Typed.FrameRec.mk,no,ctor,Support/TypedWorld/Records.lean,BoCa/TypedImage.lean:329,
BoCa.Fig16.LogRel.Typed.FrameRec.v,BoCa.Fig16.LogRel.Typed.FrameRec.v,no,def,Support/TypedWorld/Records.lean,BoCa/TypedImage.lean:331,
BoCa.Fig16.LogRel.Typed.FrameRec.δ,BoCa.Fig16.LogRel.Typed.FrameRec.δ,no,def,Support/TypedWorld/Records.lean,BoCa/TypedImage.lean:334,
BoCa.Fig16.LogRel.Typed.GPos,BoCa.Fig16.LogRel.Typed.GPos,no,induct,Support/TypedWorld/Records.lean,BoCa/TypedWorld.lean:1569,
BoCa.Fig16.LogRel.Typed.GPos.below.here,BoCa.Fig16.LogRel.Typed.GPos.below.here,no,ctor,Support/TypedWorld/Records.lean,BoCa/TypedWorld.lean:1569,
BoCa.Fig16.LogRel.Typed.GPos.below.step,BoCa.Fig16.LogRel.Typed.GPos.below.step,no,ctor,Support/TypedWorld/Records.lean,BoCa/TypedWorld.lean:1569,
BoCa.Fig16.LogRel.Typed.GPos.here,BoCa.Fig16.LogRel.Typed.GPos.here,no,ctor,Support/TypedWorld/Records.lean,BoCa/TypedWorld.lean:1572,
BoCa.Fig16.LogRel.Typed.GPos.step,BoCa.Fig16.LogRel.Typed.GPos.step,no,ctor,Support/TypedWorld/Records.lean,BoCa/TypedWorld.lean:1573,
BoCa.Fig16.LogRel.Typed.Keeps,BoCa.Fig16.LogRel.Typed.Keeps,no,def,Support/TypedWorld/Records.lean,BoCa/TypedWp.lean:39,
BoCa.Fig16.LogRel.Typed.LinLoc,BoCa.Fig16.LogRel.Typed.LinLoc,no,def,Support/TypedWorld/Records.lean,BoCa/TypedWp.lean:272,
BoCa.Fig16.LogRel.Typed.LinPath,BoCa.Fig16.LogRel.Typed.LinPath,no,induct,Support/TypedWorld/Records.lean,BoCa/TypedWorld.lean:1681,
BoCa.Fig16.LogRel.Typed.LinPath.below.cons,BoCa.Fig16.LogRel.Typed.LinPath.below.cons,no,ctor,Support/TypedWorld/Records.lean,BoCa/TypedWorld.lean:1681,
BoCa.Fig16.LogRel.Typed.LinPath.below.nil,BoCa.Fig16.LogRel.Typed.LinPath.below.nil,no,ctor,Support/TypedWorld/Records.lean,BoCa/TypedWorld.lean:1681,
BoCa.Fig16.LogRel.Typed.LinPath.cons,BoCa.Fig16.LogRel.Typed.LinPath.cons,no,ctor,Support/TypedWorld/Records.lean,BoCa/TypedWorld.lean:1685,
BoCa.Fig16.LogRel.Typed.LinPath.nil,BoCa.Fig16.LogRel.Typed.LinPath.nil,no,ctor,Support/TypedWorld/Records.lean,BoCa/TypedWorld.lean:1684,
BoCa.Fig16.LogRel.Typed.MutPos,BoCa.Fig16.LogRel.Typed.MutPos,no,induct,Support/TypedWorld/Records.lean,BoCa/TypedWorld.lean:813,
BoCa.Fig16.LogRel.Typed.MutPos.below.box,BoCa.Fig16.LogRel.Typed.MutPos.below.box,no,ctor,Support/TypedWorld/Records.lean,BoCa/TypedWorld.lean:813,
BoCa.Fig16.LogRel.Typed.MutPos.below.mut,BoCa.Fig16.LogRel.Typed.MutPos.below.mut,no,ctor,Support/TypedWorld/Records.lean,BoCa/TypedWorld.lean:813,
BoCa.Fig16.LogRel.Typed.MutPos.below.sumL,BoCa.Fig16.LogRel.Typed.MutPos.below.sumL,no,ctor,Support/TypedWorld/Records.lean,BoCa/TypedWorld.lean:813,
BoCa.Fig16.LogRel.Typed.MutPos.below.sumR,BoCa.Fig16.LogRel.Typed.MutPos.below.sumR,no,ctor,Support/TypedWorld/Records.lean,BoCa/TypedWorld.lean:813,
BoCa.Fig16.LogRel.Typed.MutPos.below.tensorL,BoCa.Fig16.LogRel.Typed.MutPos.below.tensorL,no,ctor,Support/TypedWorld/Records.lean,BoCa/TypedWorld.lean:813,
BoCa.Fig16.LogRel.Typed.MutPos.below.tensorR,BoCa.Fig16.LogRel.Typed.MutPos.below.tensorR,no,ctor,Support/TypedWorld/Records.lean,BoCa/TypedWorld.lean:813,
BoCa.Fig16.LogRel.Typed.MutPos.box,BoCa.Fig16.LogRel.Typed.MutPos.box,no,ctor,Support/TypedWorld/Records.lean,BoCa/TypedWorld.lean:827,
BoCa.Fig16.LogRel.Typed.MutPos.mut,BoCa.Fig16.LogRel.Typed.MutPos.mut,no,ctor,Support/TypedWorld/Records.lean,BoCa/TypedWorld.lean:818,
BoCa.Fig16.LogRel.Typed.MutPos.sumL,BoCa.Fig16.LogRel.Typed.MutPos.sumL,no,ctor,Support/TypedWorld/Records.lean,BoCa/TypedWorld.lean:823,
BoCa.Fig16.LogRel.Typed.MutPos.sumR,BoCa.Fig16.LogRel.Typed.MutPos.sumR,no,ctor,Support/TypedWorld/Records.lean,BoCa/TypedWorld.lean:825,
BoCa.Fig16.LogRel.Typed.MutPos.tensorL,BoCa.Fig16.LogRel.Typed.MutPos.tensorL,no,ctor,Support/TypedWorld/Records.lean,BoCa/TypedWorld.lean:819,
BoCa.Fig16.LogRel.Typed.MutPos.tensorR,BoCa.Fig16.LogRel.Typed.MutPos.tensorR,no,ctor,Support/TypedWorld/Records.lean,BoCa/TypedWorld.lean:821,
BoCa.Fig16.LogRel.Typed.RefPos,BoCa.Fig16.LogRel.Typed.RefPos,no,induct,Support/TypedWorld/Records.lean,BoCa/TypedImage.lean:417,
BoCa.Fig16.LogRel.Typed.RefPos.below.box,BoCa.Fig16.LogRel.Typed.RefPos.below.box,no,ctor,Support/TypedWorld/Records.lean,BoCa/TypedImage.lean:417,
BoCa.Fig16.LogRel.Typed.RefPos.below.ref,BoCa.Fig16.LogRel.Typed.RefPos.below.ref,no,ctor,Support/TypedWorld/Records.lean,BoCa/TypedImage.lean:417,
BoCa.Fig16.LogRel.Typed.RefPos.below.sumL,BoCa.Fig16.LogRel.Typed.RefPos.below.sumL,no,ctor,Support/TypedWorld/Records.lean,BoCa/TypedImage.lean:417,
BoCa.Fig16.LogRel.Typed.RefPos.below.sumR,BoCa.Fig16.LogRel.Typed.RefPos.below.sumR,no,ctor,Support/TypedWorld/Records.lean,BoCa/TypedImage.lean:417,
BoCa.Fig16.LogRel.Typed.RefPos.below.tensorL,BoCa.Fig16.LogRel.Typed.RefPos.below.tensorL,no,ctor,Support/TypedWorld/Records.lean,BoCa/TypedImage.lean:417,
BoCa.Fig16.LogRel.Typed.RefPos.below.tensorR,BoCa.Fig16.LogRel.Typed.RefPos.below.tensorR,no,ctor,Support/TypedWorld/Records.lean,BoCa/TypedImage.lean:417,
BoCa.Fig16.LogRel.Typed.RefPos.box,BoCa.Fig16.LogRel.Typed.RefPos.box,no,ctor,Support/TypedWorld/Records.lean,BoCa/TypedImage.lean:432,
BoCa.Fig16.LogRel.Typed.RefPos.ref,BoCa.Fig16.LogRel.Typed.RefPos.ref,no,ctor,Support/TypedWorld/Records.lean,BoCa/TypedImage.lean:423,
BoCa.Fig16.LogRel.Typed.RefPos.sumL,BoCa.Fig16.LogRel.Typed.RefPos.sumL,no,ctor,Support/TypedWorld/Records.lean,BoCa/TypedImage.lean:428,
BoCa.Fig16.LogRel.Typed.RefPos.sumR,BoCa.Fig16.LogRel.Typed.RefPos.sumR,no,ctor,Support/TypedWorld/Records.lean,BoCa/TypedImage.lean:430,
BoCa.Fig16.LogRel.Typed.RefPos.tensorL,BoCa.Fig16.LogRel.Typed.RefPos.tensorL,no,ctor,Support/TypedWorld/Records.lean,BoCa/TypedImage.lean:424,
BoCa.Fig16.LogRel.Typed.RefPos.tensorR,BoCa.Fig16.LogRel.Typed.RefPos.tensorR,no,ctor,Support/TypedWorld/Records.lean,BoCa/TypedImage.lean:426,
BoCa.Fig16.LogRel.Typed.Rel,BoCa.Fig16.LogRel.Typed.Rel,no,def,Support/TypedWorld/Records.lean,BoCa/TypedWp.lean:33,
BoCa.Fig16.LogRel.Typed.SRec,BoCa.Fig16.LogRel.Typed.SRec,no,def,Support/TypedWorld/Records.lean,BoCa/TypedWp.lean:100,
BoCa.Fig16.LogRel.Typed.SubRec,BoCa.Fig16.LogRel.Typed.SubRec,no,def,Support/TypedWorld/Records.lean,BoCa/TypedWorld.lean:1674,
BoCa.Fig16.LogRel.Typed.TyEq,BoCa.Fig16.LogRel.Typed.TyEq,no,def,Support/TypedWorld/Records.lean,BoCa/TypedRel.lean:42,
BoCa.Fig16.LogRel.Typed.WpOp,BoCa.Fig16.LogRel.Typed.WpOp,no,def,Support/TypedWorld/Records.lean,BoCa/TypedWp.lean:187,
BoCa.Fig16.LogRel.Typed.rsOf,BoCa.Fig16.LogRel.Typed.rsOf,no,def,Support/TypedWorld/Records.lean,BoCa/TypedWp.lean:103,
BoCa.Fig16.LogRel.Typed.CohE,BoCa.Fig16.LogRel.Typed.CohE,no,def,Support/TypedWorld/Relation.lean,BoCa/TypedRel.lean:334,4.8
BoCa.Fig16.LogRel.Typed.SemX,BoCa.Fig16.LogRel.Typed.SemX,no,def,Support/TypedWorld/Relation.lean,BoCa/TypedFundamental.lean:43,4.14
BoCa.Fig16.LogRel.Typed.gDenX,BoCa.Fig16.LogRel.Typed.gDenX,no,def,Support/TypedWorld/Relation.lean,BoCa/TypedFundamental.lean:39,4.13
BoCa.Fig16.LogRel.Typed.gSepX,BoCa.Fig16.LogRel.Typed.gSepX,no,def,Support/TypedWorld/Relation.lean,BoCa/TypedFundamental.lean:33,4.13
BoCa.Fig16.LogRel.Typed.ptoImmS,BoCa.Fig16.LogRel.Typed.ptoImmS,no,def,Support/TypedWorld/Relation.lean,BoCa/TypedWp.lean:205,4.8
BoCa.Fig16.LogRel.Typed.ptoMutS,BoCa.Fig16.LogRel.Typed.ptoMutS,no,def,Support/TypedWorld/Relation.lean,BoCa/TypedWp.lean:193,4.9
BoCa.Fig16.LogRel.Typed.vP,BoCa.Fig16.LogRel.Typed.vP,no,def,Support/TypedWorld/Relation.lean,BoCa/TypedFundamental.lean:30,
BoCa.Fig16.LogRel.Typed.vX,BoCa.Fig16.LogRel.Typed.vX,no,def,Support/TypedWorld/Relation.lean,BoCa/TypedRel.lean:352,4.4;4.5;4.8;4.9
BoCa.Fig16.LogRel.Typed.CellMatch,BoCa.Fig16.LogRel.Typed.CellMatch,no,def,Support/TypedWorld/RelationFacts.lean,BoCa/TypedRel.lean:763,
BoCa.Fig16.LogRel.Typed.CellMatch.del,BoCa.Fig16.LogRel.Typed.CellMatch.del,no,thm,Support/TypedWorld/RelationFacts.lean,BoCa/TypedRel.lean:790,
BoCa.Fig16.LogRel.Typed.CellMatch.left,BoCa.Fig16.LogRel.Typed.CellMatch.left,no,thm,Support/TypedWorld/RelationFacts.lean,BoCa/TypedRel.lean:769,
BoCa.Fig16.LogRel.Typed.CellMatch.of_le,BoCa.Fig16.LogRel.Typed.CellMatch.of_le,no,thm,Support/TypedWorld/RelationFacts.lean,BoCa/TypedRel.lean:782,
BoCa.Fig16.LogRel.Typed.CellMatch.right,BoCa.Fig16.LogRel.Typed.CellMatch.right,no,thm,Support/TypedWorld/RelationFacts.lean,BoCa/TypedRel.lean:779,
BoCa.Fig16.LogRel.Typed.CohE.tyEq,BoCa.Fig16.LogRel.Typed.CohE.tyEq,no,thm,Support/TypedWorld/RelationFacts.lean,BoCa/TypedRel.lean:341,
BoCa.Fig16.LogRel.Typed.LifeBound.mono,BoCa.Fig16.LogRel.Typed.LifeBound.mono,no,thm,Support/TypedWorld/RelationFacts.lean,BoCa/TypedRel.lean:802,
BoCa.Fig16.LogRel.Typed.TyEq.applyLSub,BoCa.Fig16.LogRel.Typed.TyEq.applyLSub,no,thm,Support/TypedWorld/RelationFacts.lean,BoCa/TypedRel.lean:184,
BoCa.Fig16.LogRel.Typed.TyEq.extend_left,BoCa.Fig16.LogRel.Typed.TyEq.extend_left,no,thm,Support/TypedWorld/RelationFacts.lean,BoCa/TypedRel.lean:151,
BoCa.Fig16.LogRel.Typed.TyEq.immReborrow,BoCa.Fig16.LogRel.Typed.TyEq.immReborrow,no,thm,Support/TypedWorld/RelationFacts.lean,BoCa/TypedRel.lean:156,
BoCa.Fig16.LogRel.Typed.TyEq.instLife,BoCa.Fig16.LogRel.Typed.TyEq.instLife,no,thm,Support/TypedWorld/RelationFacts.lean,BoCa/TypedRel.lean:282,
BoCa.Fig16.LogRel.Typed.TyEq.of_agree,BoCa.Fig16.LogRel.Typed.TyEq.of_agree,no,thm,Support/TypedWorld/RelationFacts.lean,BoCa/TypedRel.lean:124,
BoCa.Fig16.LogRel.Typed.TyEq.refl,BoCa.Fig16.LogRel.Typed.TyEq.refl,no,thm,Support/TypedWorld/RelationFacts.lean,BoCa/TypedRel.lean:149,
BoCa.Fig16.LogRel.Typed.TyEq.symm,BoCa.Fig16.LogRel.Typed.TyEq.symm,no,thm,Support/TypedWorld/RelationFacts.lean,BoCa/TypedRel.lean:57,
BoCa.Fig16.LogRel.Typed.TyEq.trans,BoCa.Fig16.LogRel.Typed.TyEq.trans,no,thm,Support/TypedWorld/RelationFacts.lean,BoCa/TypedRel.lean:86,
BoCa.Fig16.LogRel.Typed.WitLB,BoCa.Fig16.LogRel.Typed.WitLB,no,def,Support/TypedWorld/RelationFacts.lean,BoCa/TypedRel.lean:796,
BoCa.Fig16.LogRel.Typed.atLife_congr',BoCa.Fig16.LogRel.Typed.atLife_congr',no,thm,Support/TypedWorld/RelationFacts.lean,BoCa/TypedRel.lean:644,
BoCa.Fig16.LogRel.Typed.cohE_keeps,BoCa.Fig16.LogRel.Typed.cohE_keeps,no,thm,Support/TypedWorld/RelationFacts.lean,BoCa/TypedRel.lean:346,
BoCa.Fig16.LogRel.Typed.cohE_of_coh,BoCa.Fig16.LogRel.Typed.cohE_of_coh,no,thm,Support/TypedWorld/RelationFacts.lean,BoCa/TypedRel.lean:338,
BoCa.Fig16.LogRel.Typed.coh_congr,BoCa.Fig16.LogRel.Typed.coh_congr,no,thm,Support/TypedWorld/RelationFacts.lean,BoCa/TypedRel.lean:633,
BoCa.Fig16.LogRel.Typed.image_vX_of_shape,BoCa.Fig16.LogRel.Typed.image_vX_of_shape,no,thm,Support/TypedWorld/RelationFacts.lean,BoCa/TypedRel.lean:1253,6.131
BoCa.Fig16.LogRel.Typed.obs_transfer,BoCa.Fig16.LogRel.Typed.obs_transfer,no,thm,Support/TypedWorld/RelationFacts.lean,BoCa/TypedRel.lean:806,
BoCa.Fig16.LogRel.Typed.ptoImmO_make,BoCa.Fig16.LogRel.Typed.ptoImmO_make,no,thm,Support/TypedWorld/RelationFacts.lean,BoCa/TypedRel.lean:519,
BoCa.Fig16.LogRel.Typed.ptoImmO_read,BoCa.Fig16.LogRel.Typed.ptoImmO_read,no,thm,Support/TypedWorld/RelationFacts.lean,BoCa/TypedRel.lean:509,
BoCa.Fig16.LogRel.Typed.ptoImmS_mono,BoCa.Fig16.LogRel.Typed.ptoImmS_mono,no,thm,Support/TypedWorld/RelationFacts.lean,BoCa/TypedRel.lean:500,6.113
BoCa.Fig16.LogRel.Typed.ptoMutX_create,BoCa.Fig16.LogRel.Typed.ptoMutX_create,no,thm,Support/TypedWorld/RelationFacts.lean,BoCa/TypedRel.lean:567,
BoCa.Fig16.LogRel.Typed.ptoMutX_read,BoCa.Fig16.LogRel.Typed.ptoMutX_read,no,thm,Support/TypedWorld/RelationFacts.lean,BoCa/TypedRel.lean:535,
BoCa.Fig16.LogRel.Typed.ptoMutX_write,BoCa.Fig16.LogRel.Typed.ptoMutX_write,no,thm,Support/TypedWorld/RelationFacts.lean,BoCa/TypedRel.lean:547,
BoCa.Fig16.LogRel.Typed.rebChooseO_deep_tw,BoCa.Fig16.LogRel.Typed.rebChooseO_deep_tw,no,thm,Support/TypedWorld/RelationFacts.lean,BoCa/TypedRel.lean:1329,
BoCa.Fig16.LogRel.Typed.rebChooseO_top,BoCa.Fig16.LogRel.Typed.rebChooseO_top,no,thm,Support/TypedWorld/RelationFacts.lean,BoCa/TypedRel.lean:1145,
BoCa.Fig16.LogRel.Typed.rebChooseO_top_tw,BoCa.Fig16.LogRel.Typed.rebChooseO_top_tw,no,thm,Support/TypedWorld/RelationFacts.lean,BoCa/TypedRel.lean:1309,
BoCa.Fig16.LogRel.Typed.rebMatch_left,BoCa.Fig16.LogRel.Typed.rebMatch_left,no,thm,Support/TypedWorld/RelationFacts.lean,BoCa/TypedRel.lean:954,
BoCa.Fig16.LogRel.Typed.reb_cell_match,BoCa.Fig16.LogRel.Typed.reb_cell_match,no,thm,Support/TypedWorld/RelationFacts.lean,BoCa/TypedRel.lean:923,
BoCa.Fig16.LogRel.Typed.relRes_self,BoCa.Fig16.LogRel.Typed.relRes_self,no,thm,Support/TypedWorld/RelationFacts.lean,BoCa/TypedRel.lean:1224,
BoCa.Fig16.LogRel.Typed.relabel_obs,BoCa.Fig16.LogRel.Typed.relabel_obs,no,thm,Support/TypedWorld/RelationFacts.lean,BoCa/TypedRel.lean:975,
BoCa.Fig16.LogRel.Typed.strat_left,BoCa.Fig16.LogRel.Typed.strat_left,no,thm,Support/TypedWorld/RelationFacts.lean,BoCa/TypedRel.lean:966,
BoCa.Fig16.LogRel.Typed.tags_above,BoCa.Fig16.LogRel.Typed.tags_above,no,thm,Support/TypedWorld/RelationFacts.lean,BoCa/TypedRel.lean:1272,
BoCa.Fig16.LogRel.Typed.vO_obs,BoCa.Fig16.LogRel.Typed.vO_obs,no,thm,Support/TypedWorld/RelationFacts.lean,BoCa/TypedRel.lean:442,
BoCa.Fig16.LogRel.Typed.vShape_tyEq,BoCa.Fig16.LogRel.Typed.vShape_tyEq,no,thm,Support/TypedWorld/RelationFacts.lean,BoCa/TypedRel.lean:297,
BoCa.Fig16.LogRel.Typed.vX_congr,BoCa.Fig16.LogRel.Typed.vX_congr,no,thm,Support/TypedWorld/RelationFacts.lean,BoCa/TypedRel.lean:648,
BoCa.Fig16.LogRel.Typed.vX_extend_of_not_free,BoCa.Fig16.LogRel.Typed.vX_extend_of_not_free,no,thm,Support/TypedWorld/RelationFacts.lean,BoCa/TypedRel.lean:752,
BoCa.Fig16.LogRel.Typed.vX_imm_mode,BoCa.Fig16.LogRel.Typed.vX_imm_mode,no,thm,Support/TypedWorld/RelationFacts.lean,BoCa/TypedRel.lean:756,
BoCa.Fig16.LogRel.Typed.vX_local,BoCa.Fig16.LogRel.Typed.vX_local,no,thm,Support/TypedWorld/RelationFacts.lean,BoCa/TypedRel.lean:388,
BoCa.Fig16.LogRel.Typed.vX_outlives,BoCa.Fig16.LogRel.Typed.vX_outlives,no,thm,Support/TypedWorld/RelationFacts.lean,BoCa/TypedRel.lean:581,
BoCa.Fig16.LogRel.Typed.vX_tyEq,BoCa.Fig16.LogRel.Typed.vX_tyEq,no,thm,Support/TypedWorld/RelationFacts.lean,BoCa/TypedRel.lean:700,
BoCa.Fig16.LogRel.Typed.vX_vShape,BoCa.Fig16.LogRel.Typed.vX_vShape,no,thm,Support/TypedWorld/RelationFacts.lean,BoCa/TypedRel.lean:466,
BoCa.Fig16.LogRel.Typed.witLB_of,BoCa.Fig16.LogRel.Typed.witLB_of,no,thm,Support/TypedWorld/RelationFacts.lean,BoCa/TypedRel.lean:1286,
BoCa.Fig16.LogRel.Typed.TW,BoCa.Fig16.LogRel.Typed.TW,no,induct,Support/TypedWorld/World.lean,BoCa/TypedWorld.lean:1863,5.33
BoCa.Fig16.LogRel.Typed.TW.alloc,BoCa.Fig16.LogRel.Typed.TW.alloc,no,ctor,Support/TypedWorld/World.lean,BoCa/TypedWorld.lean:1877,5.33
BoCa.Fig16.LogRel.Typed.TW.below.alloc,BoCa.Fig16.LogRel.Typed.TW.below.alloc,no,ctor,Support/TypedWorld/World.lean,BoCa/TypedWorld.lean:1863,5.33
BoCa.Fig16.LogRel.Typed.TW.below.empty,BoCa.Fig16.LogRel.Typed.TW.below.empty,no,ctor,Support/TypedWorld/World.lean,BoCa/TypedWorld.lean:1863,5.33
BoCa.Fig16.LogRel.Typed.TW.below.free,BoCa.Fig16.LogRel.Typed.TW.below.free,no,ctor,Support/TypedWorld/World.lean,BoCa/TypedWorld.lean:1863,5.33
BoCa.Fig16.LogRel.Typed.TW.below.immEnd,BoCa.Fig16.LogRel.Typed.TW.below.immEnd,no,ctor,Support/TypedWorld/World.lean,BoCa/TypedWorld.lean:1863,5.33
BoCa.Fig16.LogRel.Typed.TW.below.immFrame,BoCa.Fig16.LogRel.Typed.TW.below.immFrame,no,ctor,Support/TypedWorld/World.lean,BoCa/TypedWorld.lean:1863,5.33
BoCa.Fig16.LogRel.Typed.TW.below.mutFold,BoCa.Fig16.LogRel.Typed.TW.below.mutFold,no,ctor,Support/TypedWorld/World.lean,BoCa/TypedWorld.lean:1863,5.33
BoCa.Fig16.LogRel.Typed.TW.below.mutUnfold,BoCa.Fig16.LogRel.Typed.TW.below.mutUnfold,no,ctor,Support/TypedWorld/World.lean,BoCa/TypedWorld.lean:1863,5.33
BoCa.Fig16.LogRel.Typed.TW.below.reb,BoCa.Fig16.LogRel.Typed.TW.below.reb,no,ctor,Support/TypedWorld/World.lean,BoCa/TypedWorld.lean:1863,5.33
BoCa.Fig16.LogRel.Typed.TW.below.rebDeep,BoCa.Fig16.LogRel.Typed.TW.below.rebDeep,no,ctor,Support/TypedWorld/World.lean,BoCa/TypedWorld.lean:1863,5.33
BoCa.Fig16.LogRel.Typed.TW.below.rebEnd,BoCa.Fig16.LogRel.Typed.TW.below.rebEnd,no,ctor,Support/TypedWorld/World.lean,BoCa/TypedWorld.lean:1863,5.33
BoCa.Fig16.LogRel.Typed.TW.below.rebEndDeep,BoCa.Fig16.LogRel.Typed.TW.below.rebEndDeep,no,ctor,Support/TypedWorld/World.lean,BoCa/TypedWorld.lean:1863,5.33
BoCa.Fig16.LogRel.Typed.TW.below.store,BoCa.Fig16.LogRel.Typed.TW.below.store,no,ctor,Support/TypedWorld/World.lean,BoCa/TypedWorld.lean:1863,5.33
BoCa.Fig16.LogRel.Typed.TW.empty,BoCa.Fig16.LogRel.Typed.TW.empty,no,ctor,Support/TypedWorld/World.lean,BoCa/TypedWorld.lean:1876,5.33
BoCa.Fig16.LogRel.Typed.TW.free,BoCa.Fig16.LogRel.Typed.TW.free,no,ctor,Support/TypedWorld/World.lean,BoCa/TypedWorld.lean:1910,5.33
BoCa.Fig16.LogRel.Typed.TW.immEnd,BoCa.Fig16.LogRel.Typed.TW.immEnd,no,ctor,Support/TypedWorld/World.lean,BoCa/TypedWorld.lean:1916,5.33
BoCa.Fig16.LogRel.Typed.TW.immFrame,BoCa.Fig16.LogRel.Typed.TW.immFrame,no,ctor,Support/TypedWorld/World.lean,BoCa/TypedWorld.lean:1880,5.33
BoCa.Fig16.LogRel.Typed.TW.mutFold,BoCa.Fig16.LogRel.Typed.TW.mutFold,no,ctor,Support/TypedWorld/World.lean,BoCa/TypedWorld.lean:1900,5.33
BoCa.Fig16.LogRel.Typed.TW.mutUnfold,BoCa.Fig16.LogRel.Typed.TW.mutUnfold,no,ctor,Support/TypedWorld/World.lean,BoCa/TypedWorld.lean:1905,5.33
BoCa.Fig16.LogRel.Typed.TW.reb,BoCa.Fig16.LogRel.Typed.TW.reb,no,ctor,Support/TypedWorld/World.lean,BoCa/TypedWorld.lean:1887,5.33
BoCa.Fig16.LogRel.Typed.TW.rebDeep,BoCa.Fig16.LogRel.Typed.TW.rebDeep,no,ctor,Support/TypedWorld/World.lean,BoCa/TypedWorld.lean:1893,5.33
BoCa.Fig16.LogRel.Typed.TW.rebEnd,BoCa.Fig16.LogRel.Typed.TW.rebEnd,no,ctor,Support/TypedWorld/World.lean,BoCa/TypedWorld.lean:1922,5.33
BoCa.Fig16.LogRel.Typed.TW.rebEndDeep,BoCa.Fig16.LogRel.Typed.TW.rebEndDeep,no,ctor,Support/TypedWorld/World.lean,BoCa/TypedWorld.lean:1927,5.33
BoCa.Fig16.LogRel.Typed.TW.store,BoCa.Fig16.LogRel.Typed.TW.store,no,ctor,Support/TypedWorld/World.lean,BoCa/TypedWorld.lean:1913,5.33
BoCa.Fig16.LogRel.Typed.Tagged,BoCa.Fig16.LogRel.Typed.Tagged,no,def,Support/TypedWorld/World.lean,BoCa/TypedWp.lean:541,5.33
BoCa.Fig16.LogRel.Typed.vShape,BoCa.Fig16.LogRel.Typed.vShape,no,def,Support/TypedWorld/World.lean,BoCa/TypedImage.lean:355,
BoCa.Fig16.LogRel.Typed.wpTS,BoCa.Fig16.LogRel.Typed.wpTS,no,def,Support/TypedWorld/World.lean,BoCa/TypedWp.lean:589,4.11;5.33
BoCa.Fig16.LogRel.Typed.AddAt,BoCa.Fig16.LogRel.Typed.AddAt,no,def,Support/TypedWorld/Wp.lean,BoCa/TypedWp.lean:929,
BoCa.Fig16.LogRel.Typed.CellIn.of_left,BoCa.Fig16.LogRel.Typed.CellIn.of_left,no,thm,Support/TypedWorld/Wp.lean,BoCa/TypedWp.lean:129,
BoCa.Fig16.LogRel.Typed.CellIn.of_right,BoCa.Fig16.LogRel.Typed.CellIn.of_right,no,thm,Support/TypedWorld/Wp.lean,BoCa/TypedWp.lean:144,
BoCa.Fig16.LogRel.Typed.CellIn.of_stratum,BoCa.Fig16.LogRel.Typed.CellIn.of_stratum,no,thm,Support/TypedWorld/Wp.lean,BoCa/TypedWp.lean:147,
BoCa.Fig16.LogRel.Typed.CellIn.single,BoCa.Fig16.LogRel.Typed.CellIn.single,no,thm,Support/TypedWorld/Wp.lean,BoCa/TypedWp.lean:159,
BoCa.Fig16.LogRel.Typed.Ext.left,BoCa.Fig16.LogRel.Typed.Ext.left,no,thm,Support/TypedWorld/Wp.lean,BoCa/TypedWp.lean:172,
BoCa.Fig16.LogRel.Typed.Ext.refl,BoCa.Fig16.LogRel.Typed.Ext.refl,no,thm,Support/TypedWorld/Wp.lean,BoCa/TypedWp.lean:184,
BoCa.Fig16.LogRel.Typed.Ext.right,BoCa.Fig16.LogRel.Typed.Ext.right,no,thm,Support/TypedWorld/Wp.lean,BoCa/TypedWp.lean:176,
BoCa.Fig16.LogRel.Typed.Ext.trans,BoCa.Fig16.LogRel.Typed.Ext.trans,no,thm,Support/TypedWorld/Wp.lean,BoCa/TypedWp.lean:180,
BoCa.Fig16.LogRel.Typed.Keeps.left,BoCa.Fig16.LogRel.Typed.Keeps.left,no,thm,Support/TypedWorld/Wp.lean,BoCa/TypedWp.lean:52,
BoCa.Fig16.LogRel.Typed.Keeps.right,BoCa.Fig16.LogRel.Typed.Keeps.right,no,thm,Support/TypedWorld/Wp.lean,BoCa/TypedWp.lean:56,
BoCa.Fig16.LogRel.Typed.Keeps.trans,BoCa.Fig16.LogRel.Typed.Keeps.trans,no,thm,Support/TypedWorld/Wp.lean,BoCa/TypedWp.lean:60,
BoCa.Fig16.LogRel.Typed.LifeBound,BoCa.Fig16.LogRel.Typed.LifeBound,no,def,Support/TypedWorld/Wp.lean,BoCa/TypedWp.lean:230,
BoCa.Fig16.LogRel.Typed.LinLife,BoCa.Fig16.LogRel.Typed.LinLife,no,def,Support/TypedWorld/Wp.lean,BoCa/TypedWp.lean:285,
BoCa.Fig16.LogRel.Typed.Rel.of_compS_left,BoCa.Fig16.LogRel.Typed.Rel.of_compS_left,no,thm,Support/TypedWorld/Wp.lean,BoCa/TypedWp.lean:42,
BoCa.Fig16.LogRel.Typed.Rel.of_compS_right,BoCa.Fig16.LogRel.Typed.Rel.of_compS_right,no,thm,Support/TypedWorld/Wp.lean,BoCa/TypedWp.lean:48,
BoCa.Fig16.LogRel.Typed.TW.linLife,BoCa.Fig16.LogRel.Typed.TW.linLife,no,thm,Support/TypedWorld/Wp.lean,BoCa/TypedWp.lean:445,
BoCa.Fig16.LogRel.Typed.addAt_frameList,BoCa.Fig16.LogRel.Typed.addAt_frameList,no,thm,Support/TypedWorld/Wp.lean,BoCa/TypedWp.lean:983,
BoCa.Fig16.LogRel.Typed.ag_ls_of_le,BoCa.Fig16.LogRel.Typed.ag_ls_of_le,no,thm,Support/TypedWorld/Wp.lean,BoCa/TypedWp.lean:532,
BoCa.Fig16.LogRel.Typed.coh_keeps,BoCa.Fig16.LogRel.Typed.coh_keeps,no,thm,Support/TypedWorld/Wp.lean,BoCa/TypedWp.lean:65,
BoCa.Fig16.LogRel.Typed.compS_get_left_nonImm,BoCa.Fig16.LogRel.Typed.compS_get_left_nonImm,no,thm,Support/TypedWorld/Wp.lean,BoCa/TypedWp.lean:116,
BoCa.Fig16.LogRel.Typed.exists_fresh,BoCa.Fig16.LogRel.Typed.exists_fresh,no,thm,Support/TypedWorld/Wp.lean,BoCa/TypedWp.lean:243,
BoCa.Fig16.LogRel.Typed.ext_add,BoCa.Fig16.LogRel.Typed.ext_add,no,thm,Support/TypedWorld/Wp.lean,BoCa/TypedWp.lean:933,
BoCa.Fig16.LogRel.Typed.ext_drop,BoCa.Fig16.LogRel.Typed.ext_drop,no,thm,Support/TypedWorld/Wp.lean,BoCa/TypedWp.lean:944,
BoCa.Fig16.LogRel.Typed.ext_of_same,BoCa.Fig16.LogRel.Typed.ext_of_same,no,thm,Support/TypedWorld/Wp.lean,BoCa/TypedWp.lean:579,
BoCa.Fig16.LogRel.Typed.ext_stored_current,BoCa.Fig16.LogRel.Typed.ext_stored_current,no,thm,Support/TypedWorld/Wp.lean,BoCa/TypedWp.lean:218,
BoCa.Fig16.LogRel.Typed.frameLife_back,BoCa.Fig16.LogRel.Typed.frameLife_back,no,thm,Support/TypedWorld/Wp.lean,BoCa/TypedWp.lean:294,
BoCa.Fig16.LogRel.Typed.frameLife_eq,BoCa.Fig16.LogRel.Typed.frameLife_eq,no,thm,Support/TypedWorld/Wp.lean,BoCa/TypedWp.lean:969,
BoCa.Fig16.LogRel.Typed.frameLife_frame,BoCa.Fig16.LogRel.Typed.frameLife_frame,no,thm,Support/TypedWorld/Wp.lean,BoCa/TypedWp.lean:359,
BoCa.Fig16.LogRel.Typed.frameLife_of_ag,BoCa.Fig16.LogRel.Typed.frameLife_of_ag,no,thm,Support/TypedWorld/Wp.lean,BoCa/TypedWp.lean:290,
BoCa.Fig16.LogRel.Typed.frameLife_reb_like,BoCa.Fig16.LogRel.Typed.frameLife_reb_like,no,thm,Support/TypedWorld/Wp.lean,BoCa/TypedWp.lean:313,
BoCa.Fig16.LogRel.Typed.frameList,BoCa.Fig16.LogRel.Typed.frameList,no,def,Support/TypedWorld/Wp.lean,BoCa/TypedWp.lean:975,
BoCa.Fig16.LogRel.Typed.lifeBound_of_tagged,BoCa.Fig16.LogRel.Typed.lifeBound_of_tagged,no,thm,Support/TypedWorld/Wp.lean,BoCa/TypedWp.lean:546,
BoCa.Fig16.LogRel.Typed.linLife_frame,BoCa.Fig16.LogRel.Typed.linLife_frame,no,thm,Support/TypedWorld/Wp.lean,BoCa/TypedWp.lean:429,
BoCa.Fig16.LogRel.Typed.linLife_of_ag,BoCa.Fig16.LogRel.Typed.linLife_of_ag,no,thm,Support/TypedWorld/Wp.lean,BoCa/TypedWp.lean:306,
BoCa.Fig16.LogRel.Typed.linLoc_of_rel,BoCa.Fig16.LogRel.Typed.linLoc_of_rel,no,thm,Support/TypedWorld/Wp.lean,BoCa/TypedWp.lean:520,
BoCa.Fig16.LogRel.Typed.lsOf_singleton_mem,BoCa.Fig16.LogRel.Typed.lsOf_singleton_mem,no,thm,Support/TypedWorld/Wp.lean,BoCa/TypedWp.lean:352,
BoCa.Fig16.LogRel.Typed.mem_rsOf,BoCa.Fig16.LogRel.Typed.mem_rsOf,no,thm,Support/TypedWorld/Wp.lean,BoCa/TypedWp.lean:106,
BoCa.Fig16.LogRel.Typed.not_rel_lineage,BoCa.Fig16.LogRel.Typed.not_rel_lineage,no,thm,Support/TypedWorld/Wp.lean,BoCa/TypedWp.lean:954,
BoCa.Fig16.LogRel.Typed.rsOf_frameList,BoCa.Fig16.LogRel.Typed.rsOf_frameList,no,thm,Support/TypedWorld/Wp.lean,BoCa/TypedWp.lean:979,
BoCa.Fig16.LogRel.Typed.strat_fresh,BoCa.Fig16.LogRel.Typed.strat_fresh,no,thm,Support/TypedWorld/Wp.lean,BoCa/TypedWp.lean:237,
BoCa.Fig16.LogRel.Typed.tagged_of_ag,BoCa.Fig16.LogRel.Typed.tagged_of_ag,no,thm,Support/TypedWorld/Wp.lean,BoCa/TypedWp.lean:575,
BoCa.Fig16.LogRel.Typed.tagged_of_frameLife,BoCa.Fig16.LogRel.Typed.tagged_of_frameLife,no,thm,Support/TypedWorld/Wp.lean,BoCa/TypedWp.lean:569,
BoCa.Fig16.LogRel.Typed.wandAllTS,BoCa.Fig16.LogRel.Typed.wandAllTS,no,def,Support/TypedWorld/Wp.lean,BoCa/TypedWp.lean:840,
BoCa.Fig16.LogRel.Typed.wpTS_1,BoCa.Fig16.LogRel.Typed.wpTS_1,no,thm,Support/TypedWorld/Wp.lean,BoCa/TypedWp.lean:630,6.137
BoCa.Fig16.LogRel.Typed.wpTS_I_forget,BoCa.Fig16.LogRel.Typed.wpTS_I_forget,no,thm,Support/TypedWorld/Wp.lean,BoCa/TypedWp.lean:915,6.149
BoCa.Fig16.LogRel.Typed.wpTS_M_forget,BoCa.Fig16.LogRel.Typed.wpTS_M_forget,no,thm,Support/TypedWorld/Wp.lean,BoCa/TypedWp.lean:907,6.148
BoCa.Fig16.LogRel.Typed.wpTS_alloc,BoCa.Fig16.LogRel.Typed.wpTS_alloc,no,thm,Support/TypedWorld/Wp.lean,BoCa/TypedWp.lean:655,6.141
BoCa.Fig16.LogRel.Typed.wpTS_bind,BoCa.Fig16.LogRel.Typed.wpTS_bind,no,thm,Support/TypedWorld/Wp.lean,BoCa/TypedWp.lean:801,6.135
BoCa.Fig16.LogRel.Typed.wpTS_box,BoCa.Fig16.LogRel.Typed.wpTS_box,no,thm,Support/TypedWorld/Wp.lean,BoCa/TypedWp.lean:870,6.147
BoCa.Fig16.LogRel.Typed.wpTS_frame_noOwn,BoCa.Fig16.LogRel.Typed.wpTS_frame_noOwn,no,thm,Support/TypedWorld/Wp.lean,BoCa/TypedWp.lean:879,6.148
BoCa.Fig16.LogRel.Typed.wpTS_free,BoCa.Fig16.LogRel.Typed.wpTS_free,no,thm,Support/TypedWorld/Wp.lean,BoCa/TypedWp.lean:682,6.142
BoCa.Fig16.LogRel.Typed.wpTS_head,BoCa.Fig16.LogRel.Typed.wpTS_head,no,thm,Support/TypedWorld/Wp.lean,BoCa/TypedWp.lean:621,6.137
BoCa.Fig16.LogRel.Typed.wpTS_load,BoCa.Fig16.LogRel.Typed.wpTS_load,no,thm,Support/TypedWorld/Wp.lean,BoCa/TypedWp.lean:712,6.143
BoCa.Fig16.LogRel.Typed.wpTS_load_I,BoCa.Fig16.LogRel.Typed.wpTS_load_I,no,thm,Support/TypedWorld/Wp.lean,BoCa/TypedWp.lean:734,6.144
BoCa.Fig16.LogRel.Typed.wpTS_lolli,BoCa.Fig16.LogRel.Typed.wpTS_lolli,no,thm,Support/TypedWorld/Wp.lean,BoCa/TypedWp.lean:650,6.140
BoCa.Fig16.LogRel.Typed.wpTS_ramify,BoCa.Fig16.LogRel.Typed.wpTS_ramify,no,thm,Support/TypedWorld/Wp.lean,BoCa/TypedWp.lean:845,6.146
BoCa.Fig16.LogRel.Typed.wpTS_store,BoCa.Fig16.LogRel.Typed.wpTS_store,no,thm,Support/TypedWorld/Wp.lean,BoCa/TypedWp.lean:761,6.145
BoCa.Fig16.LogRel.Typed.wpTS_sum₁,BoCa.Fig16.LogRel.Typed.wpTS_sum₁,no,thm,Support/TypedWorld/Wp.lean,BoCa/TypedWp.lean:641,6.139
BoCa.Fig16.LogRel.Typed.wpTS_sum₂,BoCa.Fig16.LogRel.Typed.wpTS_sum₂,no,thm,Support/TypedWorld/Wp.lean,BoCa/TypedWp.lean:646,6.139
BoCa.Fig16.LogRel.Typed.wpTS_tensor,BoCa.Fig16.LogRel.Typed.wpTS_tensor,no,thm,Support/TypedWorld/Wp.lean,BoCa/TypedWp.lean:635,6.138
BoCa.Fig16.LogRel.Typed.wpTS_val,BoCa.Fig16.LogRel.Typed.wpTS_val,no,thm,Support/TypedWorld/Wp.lean,BoCa/TypedWp.lean:610,6.136
