unit,source,lines,stage,target,inventory_rows
BoCa.Adequacy.theorem32,BoCa/Adequacy.lean:216,26,2,Paper/CONF/Results,3.2
BoCa.Adequacy.corollary33,BoCa/Adequacy.lean:299,15,2,Paper/CONF/Results,3.3
BoCa.TR3.stuck_wSeq,BoCa/TR3.lean:693,7,2,Paper/LiteralReadings,
BoCa.TR3.wp_inj₁_false,BoCa/TR3.lean:1278,11,2,Paper/LiteralReadings,
BoCa.TR3.wp_seq_false,BoCa/TR3.lean:1290,9,2,Paper/LiteralReadings,3.3
BoCa.TR3.corThree_unreachable,BoCa/TR3.lean:1371,7,2,Paper/LiteralReadings,3.3
_private.BoCa.Fig16.0.BoCa.Fig16.SplitExample.wit,BoCa/Fig16.lean:6051,2,2,Paper/LiteralReadings,
_private.BoCa.Fig16.0.BoCa.Fig16.SplitExample.wit_get,BoCa/Fig16.lean:6054,1,2,Paper/LiteralReadings,
_private.BoCa.Fig16.0.BoCa.Fig16.SplitExample.wit_inStratum,BoCa/Fig16.lean:6056,4,2,Paper/LiteralReadings,
_private.BoCa.Fig16.0.BoCa.Fig16.SplitExample.wit_restrict,BoCa/Fig16.lean:6061,2,2,Paper/LiteralReadings,
_private.BoCa.Fig16.0.BoCa.Fig16.SplitExample.wit_sites,BoCa/Fig16.lean:6064,5,2,Paper/LiteralReadings,
_private.BoCa.Fig16.0.BoCa.Fig16.SplitExample.exR_wit,BoCa/Fig16.lean:6070,6,2,Paper/LiteralReadings,
_private.BoCa.Fig16.0.BoCa.Fig16.SplitExample.agW_wit,BoCa/Fig16.lean:6077,7,2,Paper/LiteralReadings,
BoCa.Fig16.SplitExample.cell,BoCa/Fig16.lean:6085,2,2,Paper/LiteralReadings,
_private.BoCa.Fig16.0.BoCa.Fig16.SplitExample.cell_kind,BoCa/Fig16.lean:6088,1,2,Paper/LiteralReadings,
_private.BoCa.Fig16.0.BoCa.Fig16.SplitExample.cell_wit,BoCa/Fig16.lean:6090,1,2,Paper/LiteralReadings,
BoCa.Fig16.SplitExample.agW_res,BoCa/Fig16.lean:6092,39,2,Paper/LiteralReadings,
BoCa.Fig16.SplitExample.sB,BoCa/Fig16.lean:6133,1,2,Paper/LiteralReadings,
BoCa.Fig16.SplitExample.overlap,BoCa/Fig16.lean:6135,15,2,Paper/LiteralReadings,6.20
_private.BoCa.Fig16.0.BoCa.Fig16.LowerExample.res_restrict_ne,BoCa/Fig16.lean:6668,9,2,Paper/LiteralReadings,
_private.BoCa.Fig16.0.BoCa.Fig16.LowerExample.res_sites_mut,BoCa/Fig16.lean:6678,7,2,Paper/LiteralReadings,
BoCa.Fig16.LowerExample.exS_res,BoCa/Fig16.lean:6686,6,2,Paper/LiteralReadings,
BoCa.Fig16.LowerExample.flat_res,BoCa/Fig16.lean:6693,6,2,Paper/LiteralReadings,
BoCa.Fig16.LowerExample.compS_res,BoCa/Fig16.lean:6700,10,2,Paper/LiteralReadings,
BoCa.Fig16.LowerExample.hash_res,BoCa/Fig16.lean:6711,6,2,Paper/LiteralReadings,
BoCa.Fig16.LowerExample.split_overlap,BoCa/Fig16.lean:6718,26,2,Paper/LiteralReadings,6.7
BoCa.Fig16.BoLo.not_iAgreeAtJoin,BoCa/Fig16.lean:10935,18,2,Paper/LiteralReadings,6.115
BoCa.Fig16.LogRel.RefPrintedChainResidual,BoCa/Fig16LogRel.lean:412,12,2,Paper/LiteralReadings,6.131
BoCa.Fig16.LogRel.MutImmGap.lset_meet,BoCa/Fig16LogRel.lean:653,1,2,Paper/LiteralReadings,
BoCa.Fig16.LogRel.MutImmGap.inRel_same,BoCa/Fig16LogRel.lean:664,6,2,Paper/LiteralReadings,4.17
BoCa.Fig16.LogRel.MutGapClosed.interp_congr,BoCa/Fig16LogRel.lean:1694,5,2,Paper/LiteralReadings,
BoCa.Fig16.LogRel.MutGapClosed.imm_eq,BoCa/Fig16LogRel.lean:1700,8,2,Paper/LiteralReadings,
BoCa.Fig16.LogRel.MutGapClosed.gap_closed,BoCa/Fig16LogRel.lean:1709,10,2,Paper/LiteralReadings,6.162
BoCa.Fig16.LogRel.unitE_refuted_on_TR3,BoCa/Fig16LogRel.lean:2697,19,2,Paper/LiteralReadings,6.154
BoCa.Fig16.LogRel.sumI₁_refuted_on_TR3,BoCa/Fig16LogRel.lean:2717,14,2,Paper/LiteralReadings,6.157
BoCa.Fig16.LogRel.swap_step_blocked_on_TR3,BoCa/Fig16LogRel.lean:2746,13,2,Paper/LiteralReadings,6.169
BoCa.Fig16.LogRel.AliasExample.Δ,BoCa/Fig16LogRel.lean:6382,2,2,Paper/LiteralReadings,
BoCa.Fig16.LogRel.AliasExample.δ,BoCa/Fig16LogRel.lean:6384,1,2,Paper/LiteralReadings,
BoCa.Fig16.LogRel.AliasExample.models,BoCa/Fig16LogRel.lean:6386,7,2,Paper/LiteralReadings,
BoCa.Fig16.LogRel.AliasExample.ent₁,BoCa/Fig16LogRel.lean:6394,1,2,Paper/LiteralReadings,
BoCa.Fig16.LogRel.AliasExample.ent₂,BoCa/Fig16LogRel.lean:6396,7,2,Paper/LiteralReadings,
BoCa.Fig16.LogRel.AliasExample.aliased,BoCa/Fig16LogRel.lean:6404,6,2,Paper/LiteralReadings,
BoCa.Fig16.LogRel.AliasExample.members,BoCa/Fig16LogRel.lean:6411,11,2,Paper/LiteralReadings,
BoCa.Fig16.LogRel.AliasExample.outlives,BoCa/Fig16LogRel.lean:6423,7,2,Paper/LiteralReadings,6.60
BoCa.Fig16.LogRel.not_everyDerivationInRegime,BoCa/Fig16LogRel.lean:6870,3,2,Paper/LiteralReadings,6.151
BoCa.Fig16.LogRel.not_everyDerivationWf,BoCa/Fig16LogRel.lean:7097,11,2,Paper/LiteralReadings,6.151
BoCa.Fig16.ResU.SixFiftyNineResidual,BoCa/Reborrow.lean:5440,31,2,Paper/LiteralReadings,6.59
BoCa.Fig16.ResU.upd_of_residuals,BoCa/Reborrow.lean:5502,31,2,Paper/LiteralReadings,6.59
BoCa.Fig16.AgSplitExample.wit,BoCa/Reborrow.lean:9695,2,2,Paper/LiteralReadings,
BoCa.Fig16.AgSplitExample.immCell,BoCa/Reborrow.lean:9698,2,2,Paper/LiteralReadings,
BoCa.Fig16.AgSplitExample.chi,BoCa/Reborrow.lean:9701,2,2,Paper/LiteralReadings,
BoCa.Fig16.AgSplitExample.chi_inStratum,BoCa/Reborrow.lean:9704,5,2,Paper/LiteralReadings,
BoCa.Fig16.AgSplitExample.mutCell,BoCa/Reborrow.lean:9710,2,2,Paper/LiteralReadings,
BoCa.Fig16.AgSplitExample.rho,BoCa/Reborrow.lean:9713,1,2,Paper/LiteralReadings,
BoCa.Fig16.AgSplitExample.compat,BoCa/Reborrow.lean:9715,5,2,Paper/LiteralReadings,
BoCa.Fig16.AgSplitExample.agw_rho,BoCa/Reborrow.lean:9721,2,2,Paper/LiteralReadings,
BoCa.Fig16.AgSplitExample.A_get_zero,BoCa/Reborrow.lean:9724,5,2,Paper/LiteralReadings,
BoCa.Fig16.AgSplitExample.A_get_of_ne,BoCa/Reborrow.lean:9730,3,2,Paper/LiteralReadings,
BoCa.Fig16.AgSplitExample.not_agDomSplit,BoCa/Reborrow.lean:9734,33,2,Paper/LiteralReadings,6.38
BoCa.Fig16.BoLo.defectB_not_rebEscrow,BoCa/RebWp.lean:444,29,2,Paper/LiteralReadings,6.150
BoCa.DefectB.𝓋,BoCa/DefectB.lean:47,2,2,Paper/LiteralReadings,
BoCa.DefectB.mk2,BoCa/DefectB.lean:58,11,2,Paper/LiteralReadings,
BoCa.DefectB.mk2_a,BoCa/DefectB.lean:70,2,2,Paper/LiteralReadings,
BoCa.DefectB.mk2_b,BoCa/DefectB.lean:73,4,2,Paper/LiteralReadings,
BoCa.DefectB.mk2_ne,BoCa/DefectB.lean:78,4,2,Paper/LiteralReadings,
BoCa.DefectB.mk3,BoCa/DefectB.lean:83,15,2,Paper/LiteralReadings,
BoCa.DefectB.mk3_a,BoCa/DefectB.lean:99,2,2,Paper/LiteralReadings,
BoCa.DefectB.mk3_b,BoCa/DefectB.lean:102,4,2,Paper/LiteralReadings,
BoCa.DefectB.mk3_c,BoCa/DefectB.lean:107,5,2,Paper/LiteralReadings,
BoCa.DefectB.mk3_ne,BoCa/DefectB.lean:113,4,2,Paper/LiteralReadings,
BoCa.DefectB.rho2,BoCa/DefectB.lean:118,2,2,Paper/LiteralReadings,
BoCa.DefectB.rho2_0,BoCa/DefectB.lean:121,1,2,Paper/LiteralReadings,
BoCa.DefectB.rho2_1,BoCa/DefectB.lean:122,1,2,Paper/LiteralReadings,
BoCa.DefectB.rho2_ne,BoCa/DefectB.lean:123,2,2,Paper/LiteralReadings,
BoCa.DefectB.rho2_stratum,BoCa/DefectB.lean:126,7,2,Paper/LiteralReadings,
BoCa.DefectB.cellF,BoCa/DefectB.lean:134,2,2,Paper/LiteralReadings,
BoCa.DefectB.cellB,BoCa/DefectB.lean:137,2,2,Paper/LiteralReadings,
BoCa.DefectB.cellF_kind,BoCa/DefectB.lean:140,1,2,Paper/LiteralReadings,
BoCa.DefectB.cellB_kind,BoCa/DefectB.lean:141,1,2,Paper/LiteralReadings,
BoCa.DefectB.cellF_wit,BoCa/DefectB.lean:142,1,2,Paper/LiteralReadings,
BoCa.DefectB.cellB_wit,BoCa/DefectB.lean:143,1,2,Paper/LiteralReadings,
BoCa.DefectB.comp,BoCa/DefectB.lean:145,2,2,Paper/LiteralReadings,
BoCa.DefectB.comp_0,BoCa/DefectB.lean:148,1,2,Paper/LiteralReadings,
BoCa.DefectB.comp_2,BoCa/DefectB.lean:149,1,2,Paper/LiteralReadings,
BoCa.DefectB.comp_ne,BoCa/DefectB.lean:150,2,2,Paper/LiteralReadings,
BoCa.DefectB.exR_empty,BoCa/DefectB.lean:155,6,2,Paper/LiteralReadings,
BoCa.DefectB.rho2_restrict_own,BoCa/DefectB.lean:174,9,2,Paper/LiteralReadings,
BoCa.DefectB.rho2_restrict_mut,BoCa/DefectB.lean:184,8,2,Paper/LiteralReadings,
BoCa.DefectB.rho2_restrict_imm,BoCa/DefectB.lean:193,8,2,Paper/LiteralReadings,
BoCa.DefectB.rho2_sites_mut,BoCa/DefectB.lean:202,8,2,Paper/LiteralReadings,
BoCa.DefectB.rho2_sites_imm,BoCa/DefectB.lean:211,8,2,Paper/LiteralReadings,
BoCa.DefectB.exR_rho2,BoCa/DefectB.lean:220,5,2,Paper/LiteralReadings,
BoCa.DefectB.agW_rho2,BoCa/DefectB.lean:226,5,2,Paper/LiteralReadings,
BoCa.DefectB.comp_restrict_own,BoCa/DefectB.lean:234,8,2,Paper/LiteralReadings,
BoCa.DefectB.comp_restrict_mut,BoCa/DefectB.lean:243,8,2,Paper/LiteralReadings,
BoCa.DefectB.comp_restrict_imm,BoCa/DefectB.lean:252,9,2,Paper/LiteralReadings,
BoCa.DefectB.comp_sites_mut,BoCa/DefectB.lean:262,8,2,Paper/LiteralReadings,
BoCa.DefectB.comp_sites_imm,BoCa/DefectB.lean:271,11,2,Paper/LiteralReadings,
BoCa.DefectB.exS_comp,BoCa/DefectB.lean:283,5,2,Paper/LiteralReadings,
BoCa.DefectB.agWitsI_comp,BoCa/DefectB.lean:289,9,2,Paper/LiteralReadings,
BoCa.DefectB.bigComp_bi,BoCa/DefectB.lean:299,2,2,Paper/LiteralReadings,
BoCa.DefectB.sigma,BoCa/DefectB.lean:302,1,2,Paper/LiteralReadings,
BoCa.DefectB.sigma_0,BoCa/DefectB.lean:304,1,2,Paper/LiteralReadings,
BoCa.DefectB.sigma_1,BoCa/DefectB.lean:305,1,2,Paper/LiteralReadings,
BoCa.DefectB.sigma_2,BoCa/DefectB.lean:306,2,2,Paper/LiteralReadings,
BoCa.DefectB.sigma_ne,BoCa/DefectB.lean:308,2,2,Paper/LiteralReadings,
BoCa.DefectB.agW_comp,BoCa/DefectB.lean:311,28,2,Paper/LiteralReadings,
BoCa.DefectB.flat_composite,BoCa/DefectB.lean:340,3,2,Paper/LiteralReadings,
BoCa.DefectB.Valid_composite,BoCa/DefectB.lean:344,3,2,Paper/LiteralReadings,
BoCa.DefectB.bcell_frame_comp,BoCa/DefectB.lean:348,19,2,Paper/LiteralReadings,
BoCa.DefectB.witU,BoCa/DefectB.lean:370,1,2,Paper/LiteralReadings,
BoCa.DefectB.witU_stratum,BoCa/DefectB.lean:372,2,2,Paper/LiteralReadings,
BoCa.DefectB.rebA,BoCa/DefectB.lean:375,3,2,Paper/LiteralReadings,
BoCa.DefectB.rebA_0,BoCa/DefectB.lean:379,3,2,Paper/LiteralReadings,
BoCa.DefectB.noCompat,BoCa/DefectB.lean:383,15,2,Paper/LiteralReadings,
BoCa.DefectB.rho2_del_0,BoCa/DefectB.lean:401,11,2,Paper/LiteralReadings,
BoCa.DefectB.mem_single,BoCa/DefectB.lean:421,4,2,Paper/LiteralReadings,
BoCa.DefectB.reb_rho2_rebA,BoCa/DefectB.lean:426,26,2,Paper/LiteralReadings,
BoCa.DefectB.plug_var,BoCa/DefectB.lean:456,3,2,Paper/LiteralReadings,
BoCa.DefectB.head_not_var,BoCa/DefectB.lean:460,2,2,Paper/LiteralReadings,
BoCa.DefectB.step1_not_var,BoCa/DefectB.lean:463,5,2,Paper/LiteralReadings,
BoCa.DefectB.steps_var,BoCa/DefectB.lean:469,5,2,Paper/LiteralReadings,
BoCa.DefectB.var_ne_val,BoCa/DefectB.lean:475,2,2,Paper/LiteralReadings,
BoCa.DefectB.hash_empty_of_valid,BoCa/DefectB.lean:478,3,2,Paper/LiteralReadings,
BoCa.DefectB.no_wp_var,BoCa/DefectB.lean:482,7,2,Paper/LiteralReadings,
BoCa.DefectB.Pfam,BoCa/DefectB.lean:492,2,2,Paper/LiteralReadings,
BoCa.DefectB.Qpost,BoCa/DefectB.lean:495,2,2,Paper/LiteralReadings,
BoCa.DefectB.lhs_holds,BoCa/DefectB.lean:498,24,2,Paper/LiteralReadings,
BoCa.DefectB.wp_reborrow_unreconciled_at_split_view,BoCa/DefectB.lean:523,30,2,Paper/LiteralReadings,6.150
BoCa.Fig16.LogRel.ViewWitness.step_app_inv,BoCa/ViewWitness.lean:51,21,2,Paper/LiteralReadings,
BoCa.Fig16.LogRel.ViewWitness.step_seq_inv,BoCa/ViewWitness.lean:73,17,2,Paper/LiteralReadings,
BoCa.Fig16.LogRel.ViewWitness.step_letpair_inv,BoCa/ViewWitness.lean:91,17,2,Paper/LiteralReadings,
BoCa.Fig16.LogRel.ViewWitness.no_step_isVal,BoCa/ViewWitness.lean:109,3,2,Paper/LiteralReadings,
BoCa.Fig16.LogRel.ViewWitness.step_beta_inv,BoCa/ViewWitness.lean:113,21,2,Paper/LiteralReadings,
BoCa.Fig16.LogRel.ViewWitness.step_load_inv,BoCa/ViewWitness.lean:135,21,2,Paper/LiteralReadings,
BoCa.Fig16.LogRel.ViewWitness.step_store_inv,BoCa/ViewWitness.lean:157,22,2,Paper/LiteralReadings,
BoCa.Fig16.LogRel.ViewWitness.steps_peel,BoCa/ViewWitness.lean:180,7,2,Paper/LiteralReadings,
BoCa.Fig16.LogRel.ViewWitness.v0,BoCa/ViewWitness.lean:188,2,2,Paper/LiteralReadings,
BoCa.Fig16.LogRel.ViewWitness.C,BoCa/ViewWitness.lean:191,4,2,Paper/LiteralReadings,
BoCa.Fig16.LogRel.ViewWitness.B,BoCa/ViewWitness.lean:196,3,2,Paper/LiteralReadings,
BoCa.Fig16.LogRel.ViewWitness.vf,BoCa/ViewWitness.lean:200,2,2,Paper/LiteralReadings,
BoCa.Fig16.LogRel.ViewWitness.C_subst,BoCa/ViewWitness.lean:203,2,2,Paper/LiteralReadings,
BoCa.Fig16.LogRel.ViewWitness.B_subst,BoCa/ViewWitness.lean:206,5,2,Paper/LiteralReadings,
BoCa.Fig16.LogRel.ViewWitness.C_subst0,BoCa/ViewWitness.lean:212,3,2,Paper/LiteralReadings,
BoCa.Fig16.LogRel.ViewWitness.vf_app,BoCa/ViewWitness.lean:216,5,2,Paper/LiteralReadings,
BoCa.Fig16.LogRel.ViewWitness.run_legit,BoCa/ViewWitness.lean:227,23,2,Paper/LiteralReadings,
BoCa.Fig16.LogRel.ViewWitness.wlApplied,BoCa/ViewWitness.lean:251,2,2,Paper/LiteralReadings,
BoCa.Fig16.LogRel.ViewWitness.stuck_letpair,BoCa/ViewWitness.lean:254,11,2,Paper/LiteralReadings,
BoCa.Fig16.LogRel.ViewWitness.run_stuck,BoCa/ViewWitness.lean:266,78,2,Paper/LiteralReadings,
BoCa.Fig16.LogRel.ViewWitness.Δ₀,BoCa/ViewWitness.lean:350,2,2,Paper/LiteralReadings,
BoCa.Fig16.LogRel.ViewWitness.δ₀,BoCa/ViewWitness.lean:353,2,2,Paper/LiteralReadings,
BoCa.Fig16.LogRel.ViewWitness.models,BoCa/ViewWitness.lean:356,6,2,Paper/LiteralReadings,
BoCa.Fig16.LogRel.ViewWitness.T₁,BoCa/ViewWitness.lean:363,2,2,Paper/LiteralReadings,
BoCa.Fig16.LogRel.ViewWitness.ρ₁,BoCa/ViewWitness.lean:366,2,2,Paper/LiteralReadings,
BoCa.Fig16.LogRel.ViewWitness.ρ₂,BoCa/ViewWitness.lean:368,2,2,Paper/LiteralReadings,
BoCa.Fig16.LogRel.ViewWitness.hc₁₂,BoCa/ViewWitness.lean:371,2,2,Paper/LiteralReadings,
BoCa.Fig16.LogRel.ViewWitness.hvalid,BoCa/ViewWitness.lean:374,2,2,Paper/LiteralReadings,
BoCa.Fig16.LogRel.ViewWitness.rho2_comp,BoCa/ViewWitness.lean:377,18,2,Paper/LiteralReadings,
BoCa.Fig16.LogRel.ViewWitness.ref_unit_den,BoCa/ViewWitness.lean:396,3,2,Paper/LiteralReadings,
BoCa.Fig16.LogRel.ViewWitness.payload_den,BoCa/ViewWitness.lean:400,5,2,Paper/LiteralReadings,
BoCa.Fig16.LogRel.ViewWitness.arg_den,BoCa/ViewWitness.lean:406,3,2,Paper/LiteralReadings,
BoCa.Fig16.LogRel.ViewWitness.ref_has_cell,BoCa/ViewWitness.lean:410,7,2,Paper/LiteralReadings,
BoCa.Fig16.LogRel.ViewWitness.pair_den_has_cell,BoCa/ViewWitness.lean:418,7,2,Paper/LiteralReadings,
BoCa.Fig16.LogRel.ViewWitness.wp_run_discard,BoCa/ViewWitness.lean:426,13,2,Paper/LiteralReadings,
BoCa.Fig16.LogRel.ViewWitness.lower_read,BoCa/ViewWitness.lean:440,8,2,Paper/LiteralReadings,
BoCa.Fig16.LogRel.ViewWitness.f_den,BoCa/ViewWitness.lean:449,39,2,Paper/LiteralReadings,
BoCa.Fig16.LogRel.ViewWitness.wlVal,BoCa/ViewWitness.lean:491,2,2,Paper/LiteralReadings,
BoCa.Fig16.LogRel.ViewWitness.WithloadSem,BoCa/ViewWitness.lean:496,5,2,Paper/LiteralReadings,
BoCa.Fig16.LogRel.ViewWitness.withloadSem_refused,BoCa/ViewWitness.lean:502,41,2,Paper/LiteralReadings,
BoCa.Fig16.LogRel.ViewWitness.derivesWf,BoCa/ViewWitness.lean:544,3,2,Paper/LiteralReadings,
BoCa.Fig16.LogRel.ViewWitness.ok,BoCa/ViewWitness.lean:548,1,2,Paper/LiteralReadings,
BoCa.Fig16.LogRel.ViewWitness.scopedNil,BoCa/ViewWitness.lean:550,1,2,Paper/LiteralReadings,
BoCa.Fig16.LogRel.ViewWitness.fundamentalProperty_refused,BoCa/ViewWitness.lean:552,4,2,Paper/LiteralReadings,6.151
BoCa.Fig16.LogRel.ViewWitness.tyEq_T₁,BoCa/TypedViewWitness.lean:25,9,2,Paper/LiteralReadings,
BoCa.Fig16.LogRel.ViewWitness.not_vShape_pair_empty,BoCa/TypedViewWitness.lean:35,11,2,Paper/LiteralReadings,
BoCa.Fig16.LogRel.ViewWitness.ag_cells,BoCa/TypedViewWitness.lean:47,14,2,Paper/LiteralReadings,
BoCa.Fig16.LogRel.ViewWitness.chain_refuses,BoCa/TypedViewWitness.lean:62,10,2,Paper/LiteralReadings,
BoCa.Fig16.LogRel.ViewWitness.excluded,BoCa/TypedViewWitness.lean:73,48,2,Paper/LiteralReadings,6.151
BoCa.Fig16.LogRel.MutImmGap.lset,BoCa/Fig16LogRel.lean:649,2,1,Paper/LiteralReadings/S4_LogicalRelation,4.17
BoCa.Fig16.LogRel.MutImmGap.cell,BoCa/Fig16LogRel.lean:659,4,1,Paper/LiteralReadings/S4_LogicalRelation,4.17
BoCa.Fig16.LogRel.MutGapClosed.Tgap,BoCa/Fig16LogRel.lean:1689,4,1,Paper/LiteralReadings/S4_LogicalRelation,4.17
BoCa.Loc,BoCa/Syntax.lean:63,1,1,Paper/S1_Syntax/Definitions,1.2;6.29
BoCa.Prim,BoCa/Syntax.lean:65,8,1,Paper/S1_Syntax/Definitions,1.11;1.12;1.13;1.14
BoCa.Expr,BoCa/Syntax.lean:74,17,1,Paper/S1_Syntax/Definitions,1.1;1.16;1.18;1.19;1.20;1.21;1.22;1.23;1.24
BoCa.IsVal,BoCa/Syntax.lean:92,14,1,Paper/S1_Syntax/Definitions,
BoCa.Val,BoCa/Syntax.lean:107,2,1,Paper/S1_Syntax/Definitions,6.29
BoCa.Expr.val,BoCa/Syntax.lean:110,2,1,Paper/S1_Syntax/Definitions,1.17;6.155
BoCa.not_isVal_var,BoCa/Syntax.lean:149,2,1,Paper/S1_Syntax/Definitions,
BoCa.not_isVal_seq,BoCa/Syntax.lean:151,1,1,Paper/S1_Syntax/Definitions,
BoCa.not_isVal_letpair,BoCa/Syntax.lean:152,1,1,Paper/S1_Syntax/Definitions,
BoCa.not_isVal_case,BoCa/Syntax.lean:153,1,1,Paper/S1_Syntax/Definitions,
BoCa.Val.unit,BoCa/Syntax.lean:163,1,1,Paper/S1_Syntax/Definitions,1.3
BoCa.Val.pair,BoCa/Syntax.lean:164,1,1,Paper/S1_Syntax/Definitions,1.4
BoCa.Val.inj₁,BoCa/Syntax.lean:165,1,1,Paper/S1_Syntax/Definitions,1.5
BoCa.Val.inj₂,BoCa/Syntax.lean:166,1,1,Paper/S1_Syntax/Definitions,1.6
BoCa.Val.lam,BoCa/Syntax.lean:167,1,1,Paper/S1_Syntax/Definitions,1.7;1.8
BoCa.Val.loc,BoCa/Syntax.lean:168,1,1,Paper/S1_Syntax/Definitions,1.9
BoCa.Val.prim,BoCa/Syntax.lean:169,1,1,Paper/S1_Syntax/Definitions,1.10
BoCa.Val.storeV,BoCa/Syntax.lean:170,1,1,Paper/S1_Syntax/Definitions,1.10;1.15
BoCa.Val.val_unit,BoCa/Syntax.lean:172,1,1,Paper/S1_Syntax/Definitions,
BoCa.Val.val_pair,BoCa/Syntax.lean:173,1,1,Paper/S1_Syntax/Definitions,
BoCa.Val.val_inj₁,BoCa/Syntax.lean:174,1,1,Paper/S1_Syntax/Definitions,
BoCa.Val.val_inj₂,BoCa/Syntax.lean:175,1,1,Paper/S1_Syntax/Definitions,
BoCa.Val.val_lam,BoCa/Syntax.lean:176,1,1,Paper/S1_Syntax/Definitions,
BoCa.Val.val_loc,BoCa/Syntax.lean:177,1,1,Paper/S1_Syntax/Definitions,
BoCa.Val.val_prim,BoCa/Syntax.lean:178,1,1,Paper/S1_Syntax/Definitions,
BoCa.Val.val_storeV,BoCa/Syntax.lean:179,2,1,Paper/S1_Syntax/Definitions,
BoCa.Val.loc_inj,BoCa/Syntax.lean:191,5,1,Paper/S1_Syntax/Definitions,
BoCa.Lifetime.LifeVar,BoCa/Life.lean:45,4,1,Paper/S1_Syntax/Definitions,1.25
BoCa.Lifetime.Life,BoCa/Life.lean:50,11,1,Paper/S1_Syntax/Definitions,1.26;1.27;1.28;1.29
BoCa.Lifetime.LifeCtx,BoCa/Life.lean:297,3,1,Paper/S1_Syntax/Definitions,1.30
BoCa.Ty,BoCa/Ty.lean:86,33,1,Paper/S1_Syntax/Definitions,1.31;1.32;1.33;1.34;1.35;1.36;1.37;1.38;1.39;1.40;6.165
BoCa.swap,BoCa/Notation.lean:24,24,1,Paper/S2_Statics/Definitions,2.39;3.24
BoCa.withbor,BoCa/Notation.lean:62,25,1,Paper/S2_Statics/Definitions,2.44;3.27
BoCa.withload,BoCa/Notation.lean:93,17,1,Paper/S2_Statics/Definitions,2.47;3.28
BoCa.Lifetime.LSub,BoCa/Life.lean:230,3,1,Paper/S2_Statics/Definitions,2.51
BoCa.Lifetime.LSub.find?,BoCa/Life.lean:236,1,1,Paper/S2_Statics/Definitions,
BoCa.Lifetime.Life.interp,BoCa/Life.lean:267,6,1,Paper/S2_Statics/Definitions,2.54
BoCa.Lifetime.Life.interp_var,BoCa/Life.lean:274,2,1,Paper/S2_Statics/Definitions,
BoCa.Lifetime.Life.interp_top,BoCa/Life.lean:277,2,1,Paper/S2_Statics/Definitions,
BoCa.Lifetime.LifeCtx.Models,BoCa/Life.lean:346,3,1,Paper/S2_Statics/Definitions,2.52;4.12
BoCa.Lifetime.LifeCtx.Sat,BoCa/Life.lean:350,6,1,Paper/S2_Statics/Definitions,2.53
BoCa.Lifetime.LifeCtx.Defines,BoCa/Life.lean:357,3,1,Paper/S2_Statics/Definitions,2.55
BoCa.Lifetime.LifeCtx.EntailsLt,BoCa/Life.lean:681,4,1,Paper/S2_Statics/Definitions,2.56;6.162
BoCa.Lifetime.LifeCtx.EntailsLe,BoCa/Life.lean:686,4,1,Paper/S2_Statics/Definitions,2.57
BoCa.Lifetime.meetOfDomL,BoCa/Life.lean:891,4,1,Paper/S2_Statics/Definitions,2.59
BoCa.Lifetime.LifeCtx.meetOfDom,BoCa/Life.lean:896,1,1,Paper/S2_Statics/Definitions,2.59;6.172
BoCa.Lifetime.LifeCtx.freshVar,BoCa/Life.lean:903,1,1,Paper/S2_Statics/Definitions,2.59
BoCa.Ty.immReborrow,BoCa/Ty.lean:195,16,1,Paper/S2_Statics/Definitions,2.49;2.50;6.131
BoCa.Ctx.Dead,BoCa/Derives.lean:152,5,1,Paper/S2_Statics/Definitions,2.38
BoCa.Ctx.Solo,BoCa/Derives.lean:170,5,1,Paper/S2_Statics/Definitions,
BoCa.WfTy,BoCa/Derives.lean:431,20,1,Paper/S2_Statics/Definitions,2.19;2.20;2.21;2.22;2.23;2.24;2.25;2.26;2.27;2.28;2.29
BoCa.OutlivesRules,BoCa/Derives.lean:481,19,1,Paper/S2_Statics/Definitions,2.30;2.31;2.32;2.33;2.34;2.35;2.36;2.37
BoCa.Outlives,BoCa/Derives.lean:501,6,1,Paper/S2_Statics/Definitions,2.30
BoCa.Ctx.Outlives,BoCa/Derives.lean:508,5,1,Paper/S2_Statics/Definitions,2.58;6.62
BoCa.axSwapTy,BoCa/Derives.lean:520,2,1,Paper/S2_Statics/Definitions,2.39
BoCa.axCopyTy,BoCa/Derives.lean:523,2,1,Paper/S2_Statics/Definitions,2.40
BoCa.axForgetImmTy,BoCa/Derives.lean:526,1,1,Paper/S2_Statics/Definitions,2.41
BoCa.axForgetMutTy,BoCa/Derives.lean:527,1,1,Paper/S2_Statics/Definitions,2.42
BoCa.axForgetUnkTy,BoCa/Derives.lean:528,1,1,Paper/S2_Statics/Definitions,2.43
BoCa.axWithbor1Ty,BoCa/Derives.lean:530,5,1,Paper/S2_Statics/Definitions,2.44
BoCa.axWithbor2Ty,BoCa/Derives.lean:536,6,1,Paper/S2_Statics/Definitions,2.45
BoCa.axWithbor3Ty,BoCa/Derives.lean:543,5,1,Paper/S2_Statics/Definitions,2.46
BoCa.axWithloadTy,BoCa/Derives.lean:549,7,1,Paper/S2_Statics/Definitions,2.47
BoCa.axWithswapTy,BoCa/Derives.lean:557,4,1,Paper/S2_Statics/Definitions,2.48
BoCa.Derives,BoCa/Derives.lean:634,152,1,Paper/S2_Statics/Definitions,2.1;2.2;2.3;2.4;2.5;2.6;2.7;2.8;2.9;2.10;2.11;2.12;2.13;2.14;2.15;2.16;2.17;2.18;2.38;2.39;2.40;2.41;2.42;2.43;2.44;2.45;2.46;2.47;2.48;6.151
BoCa.TR3.Kont,BoCa/TR3.lean:171,23,1,Paper/S3_Dynamics/Definitions,3.1;3.2;3.3;3.4;3.5;3.6;3.7
BoCa.TR3.Kont.plug,BoCa/TR3.lean:197,9,1,Paper/S3_Dynamics/Definitions,3.8
BoCa.TR3.Kont.plug_hole,BoCa/TR3.lean:217,1,1,Paper/S3_Dynamics/Definitions,
BoCa.TR3.Head,BoCa/TR3.lean:245,43,1,Paper/S3_Dynamics/Definitions,3.11;3.13;3.15;3.16;3.17;3.18;3.19;3.20;3.22
BoCa.TR3.Step1,BoCa/TR3.lean:289,6,1,Paper/S3_Dynamics/Definitions,3.11;3.12
BoCa.elet,BoCa/Notation.lean:18,3,1,Paper/S3_Dynamics/Definitions,3.36
BoCa.lam2,BoCa/Notation.lean:22,1,1,Paper/S3_Dynamics/Definitions,3.36
BoCa.copy,BoCa/Notation.lean:55,3,1,Paper/S3_Dynamics/Definitions,3.25
BoCa.forget,BoCa/Notation.lean:59,2,1,Paper/S3_Dynamics/Definitions,3.26
BoCa.withswap,BoCa/Notation.lean:130,24,1,Paper/S3_Dynamics/Definitions,3.29
BoCa.BoLo.Heap,BoCa/Wp.lean:175,2,1,Paper/S3_Dynamics/Definitions,3.9
BoCa.BoLo.Heap.upd,BoCa/Wp.lean:180,2,1,Paper/S3_Dynamics/Definitions,3.23
BoCa.BoLo.Heap.del,BoCa/Wp.lean:183,3,1,Paper/S3_Dynamics/Definitions,
BoCa.BoLo.Heap.upd_same,BoCa/Wp.lean:187,2,1,Paper/S3_Dynamics/Definitions,
BoCa.BoLo.Heap.upd_other,BoCa/Wp.lean:190,2,1,Paper/S3_Dynamics/Definitions,
BoCa.BoLo.Heap.del_same,BoCa/Wp.lean:193,1,1,Paper/S3_Dynamics/Definitions,
BoCa.BoLo.Heap.del_other,BoCa/Wp.lean:195,2,1,Paper/S3_Dynamics/Definitions,
BoCa.BoLo.Kont,BoCa/Wp.lean:209,13,1,Paper/S3_Dynamics/Definitions,3.1;3.2;3.3;3.4;3.5;3.6;3.7;3.30;3.31
BoCa.BoLo.Kont.plug,BoCa/Wp.lean:225,12,1,Paper/S3_Dynamics/Definitions,3.8
BoCa.BoLo.Kont.plug_hole,BoCa/Wp.lean:251,1,1,Paper/S3_Dynamics/Definitions,
BoCa.BoLo.Head,BoCa/Wp.lean:268,28,1,Paper/S3_Dynamics/Definitions,3.11;3.14;3.15;3.16;3.17;3.18;3.19;3.20;3.21
BoCa.BoLo.Step1,BoCa/Wp.lean:297,7,1,Paper/S3_Dynamics/Definitions,3.11;3.12
BoCa.Ctx.LiveWithin,BoCa/Derives.lean:360,8,1,Paper/S4_LogicalRelation/Definitions,4.13
BoCa.Ctx.liveWithin_nil,BoCa/Derives.lean:369,2,1,Paper/S4_LogicalRelation/Definitions,
BoCa.Ctx.liveWithin_cons,BoCa/Derives.lean:372,3,1,Paper/S4_LogicalRelation/Definitions,
BoCa.Ctx.liveWithin_cons_nil,BoCa/Derives.lean:376,3,1,Paper/S4_LogicalRelation/Definitions,
BoCa.Fig16.LogRel.atLife,BoCa/Fig16LogRel.lean:116,4,1,Paper/S4_LogicalRelation/Definitions,4.6;4.15
BoCa.Fig16.LogRel.LtLife,BoCa/Fig16LogRel.lean:121,3,1,Paper/S4_LogicalRelation/Definitions,4.15
BoCa.Fig16.LogRel.vDen,BoCa/Fig16LogRel.lean:137,33,1,Paper/S4_LogicalRelation/Definitions,4.1
BoCa.Fig16.LogRel.vDen_unit,BoCa/Fig16LogRel.lean:174,1,1,Paper/S4_LogicalRelation/Definitions,3.3;4.1
BoCa.Fig16.LogRel.vDen_tensor,BoCa/Fig16LogRel.lean:176,4,1,Paper/S4_LogicalRelation/Definitions,4.2
BoCa.Fig16.LogRel.vDen_sum,BoCa/Fig16LogRel.lean:181,4,1,Paper/S4_LogicalRelation/Definitions,4.3
BoCa.Fig16.LogRel.vDen_lolli,BoCa/Fig16LogRel.lean:186,3,1,Paper/S4_LogicalRelation/Definitions,4.4
BoCa.Fig16.LogRel.vDen_all,BoCa/Fig16LogRel.lean:190,5,1,Paper/S4_LogicalRelation/Definitions,4.5
BoCa.Fig16.LogRel.vDen_box,BoCa/Fig16LogRel.lean:196,2,1,Paper/S4_LogicalRelation/Definitions,4.6
BoCa.Fig16.LogRel.vDen_ref,BoCa/Fig16LogRel.lean:199,3,1,Paper/S4_LogicalRelation/Definitions,4.7
BoCa.Fig16.LogRel.vDen_imm,BoCa/Fig16LogRel.lean:203,3,1,Paper/S4_LogicalRelation/Definitions,4.8
BoCa.Fig16.LogRel.vDen_mut,BoCa/Fig16LogRel.lean:207,6,1,Paper/S4_LogicalRelation/Definitions,4.9
BoCa.Fig16.LogRel.vDen_unk,BoCa/Fig16LogRel.lean:214,1,1,Paper/S4_LogicalRelation/Definitions,4.10
BoCa.Fig16.LogRel.Supported,BoCa/Fig16LogRel.lean:572,5,1,Paper/S4_LogicalRelation/Definitions,4.16
BoCa.Fig16.LogRel.supported_iff,BoCa/Fig16LogRel.lean:578,7,1,Paper/S4_LogicalRelation/Definitions,4.16
BoCa.Fig16.LogRel.eDen,BoCa/Fig16LogRel.lean:938,2,1,Paper/S4_LogicalRelation/Definitions,4.11
BoCa.Fig16.LogRel.dDen,BoCa/Fig16LogRel.lean:941,2,1,Paper/S4_LogicalRelation/Definitions,4.12
BoCa.Fig16.LogRel.gSep,BoCa/Fig16LogRel.lean:944,7,1,Paper/S4_LogicalRelation/Definitions,4.13
BoCa.Fig16.LogRel.gDen,BoCa/Fig16LogRel.lean:952,8,1,Paper/S4_LogicalRelation/Definitions,4.13
BoCa.Fig16.LogRel.SemTy,BoCa/Fig16LogRel.lean:966,5,1,Paper/S4_LogicalRelation/Definitions,4.14
BoCa.Fig16.LogRel.vDen_mut_supported,BoCa/Fig16LogRel.lean:586,15,2,Paper/S4_LogicalRelation/Remarks,4.16;6.174
BoCa.Fig16.LogRel.vDen_mut_of_supported,BoCa/Fig16LogRel.lean:602,18,2,Paper/S4_LogicalRelation/Remarks,4.16
BoCa.Fig16.LogRel.sem_iff,BoCa/Fig16LogRel.lean:977,17,2,Paper/S4_LogicalRelation/Remarks,3.3;4.18
BoCa.Fig16.Life,BoCa/Fig16.lean:181,1,1,Paper/S5_Model/Definitions,5.9
BoCa.Fig16.Life.top,BoCa/Fig16.lean:185,6,1,Paper/S5_Model/Definitions,5.9
BoCa.Fig16.Life.join,BoCa/Fig16.lean:192,2,1,Paper/S5_Model/Definitions,5.9
BoCa.Fig16.Life.meet,BoCa/Fig16.lean:195,2,1,Paper/S5_Model/Definitions,5.9;6.132
BoCa.Fig16.Life.Sqsubset,BoCa/Fig16.lean:198,3,1,Paper/S5_Model/Definitions,5.9
BoCa.Fig16.Life.Sqsupset,BoCa/Fig16.lean:202,3,1,Paper/S5_Model/Definitions,5.9
BoCa.Fig16.Life.Sqsubseteq,BoCa/Fig16.lean:206,4,1,Paper/S5_Model/Definitions,5.59
BoCa.Fig16.Life.down,BoCa/Fig16.lean:211,4,1,Paper/S5_Model/Definitions,5.12
BoCa.Fig16._aux_BoCa_Fig16___unexpand_BoCa_Fig16_Life_Sqsubset_1,BoCa/Fig16.lean:218,1,1,Paper/S5_Model/Definitions,
BoCa.Fig16._aux_BoCa_Fig16___unexpand_BoCa_Fig16_Life_Sqsupset_1,BoCa/Fig16.lean:219,1,1,Paper/S5_Model/Definitions,
BoCa.Fig16._aux_BoCa_Fig16___unexpand_BoCa_Fig16_Life_Sqsubseteq_1,BoCa/Fig16.lean:220,1,1,Paper/S5_Model/Definitions,
BoCa.Fig16.LSet,BoCa/Fig16.lean:249,17,1,Paper/S5_Model/Definitions,6.115
BoCa.Fig16.LSet.meet_le_join,BoCa/Fig16.lean:269,1,1,Paper/S5_Model/Definitions,
BoCa.Fig16.LSet.union,BoCa/Fig16.lean:291,27,1,Paper/S5_Model/Definitions,
BoCa.Fig16.LSet.singleton,BoCa/Fig16.lean:341,9,1,Paper/S5_Model/Definitions,6.64
BoCa.Fig16._aux_BoCa_Fig16___unexpand_BoCa_Fig16_LSet_union_1,BoCa/Fig16.lean:406,1,1,Paper/S5_Model/Definitions,
BoCa.Fig16.PMap,BoCa/Fig16.lean:442,8,1,Paper/S5_Model/Definitions,5.2;5.7
BoCa.Fig16.PMap.ext,BoCa/Fig16.lean:454,8,1,Paper/S5_Model/Definitions,
BoCa.Fig16.PMap.empty,BoCa/Fig16.lean:463,4,1,Paper/S5_Model/Definitions,
BoCa.Fig16.PMap.empty_get,BoCa/Fig16.lean:468,1,1,Paper/S5_Model/Definitions,
BoCa.Fig16.PMap.map,BoCa/Fig16.lean:470,9,1,Paper/S5_Model/Definitions,
BoCa.Fig16.PMap.map_get,BoCa/Fig16.lean:480,2,1,Paper/S5_Model/Definitions,
BoCa.Fig16.ImmF,BoCa/Fig16.lean:523,20,1,Paper/S5_Model/Definitions,5.4
BoCa.Fig16.MutF,BoCa/Fig16.lean:544,18,1,Paper/S5_Model/Definitions,5.5
BoCa.Fig16.CellF,BoCa/Fig16.lean:563,9,1,Paper/S5_Model/Definitions,5.3
BoCa.Fig16.Cell,BoCa/Fig16.lean:573,9,1,Paper/S5_Model/Definitions,5.3;5.58
BoCa.Fig16.Res,BoCa/Fig16.lean:583,7,1,Paper/S5_Model/Definitions,5.2
BoCa.Fig16.SProp,BoCa/Fig16.lean:591,3,1,Paper/S5_Model/Definitions,5.1
BoCa.Fig16.Cell_eq,BoCa/Fig16.lean:595,7,1,Paper/S5_Model/Definitions,5.3;5.58
BoCa.Fig16.Imm,BoCa/Fig16.lean:603,3,1,Paper/S5_Model/Definitions,5.4
BoCa.Fig16.Mut,BoCa/Fig16.lean:607,3,1,Paper/S5_Model/Definitions,5.5
BoCa.Fig16.Cell.toF,BoCa/Fig16.lean:622,3,1,Paper/S5_Model/Definitions,5.58
BoCa.Fig16.Cell.ofF,BoCa/Fig16.lean:626,3,1,Paper/S5_Model/Definitions,5.58
BoCa.Fig16.Cell.toF_ofF,BoCa/Fig16.lean:630,2,1,Paper/S5_Model/Definitions,
BoCa.Fig16.Cell.ofF_toF,BoCa/Fig16.lean:633,2,1,Paper/S5_Model/Definitions,
BoCa.Fig16.ImmU,BoCa/Fig16.lean:658,17,1,Paper/S5_Model/Definitions,5.8
BoCa.Fig16.MutU,BoCa/Fig16.lean:676,17,1,Paper/S5_Model/Definitions,5.8
BoCa.Fig16.CellU,BoCa/Fig16.lean:694,12,1,Paper/S5_Model/Definitions,5.8
BoCa.Fig16.ResU,BoCa/Fig16.lean:707,7,1,Paper/S5_Model/Definitions,5.7;6.141
BoCa.Fig16.SPropU,BoCa/Fig16.lean:715,3,1,Paper/S5_Model/Definitions,5.6;6.147
BoCa.Fig16.ImmU.ext,BoCa/Fig16.lean:724,8,1,Paper/S5_Model/Definitions,
BoCa.Fig16.CellU.at,BoCa/Fig16.lean:768,7,1,Paper/S5_Model/Definitions,5.10
BoCa.Fig16.CellU.InStratum,BoCa/Fig16.lean:776,8,1,Paper/S5_Model/Definitions,5.48
BoCa.Fig16.CellF.toU,BoCa/Fig16.lean:785,6,1,Paper/S5_Model/Definitions,
BoCa.Fig16.CellU.toLayer,BoCa/Fig16.lean:792,6,1,Paper/S5_Model/Definitions,
BoCa.Fig16.CellF.toU_inStratum,BoCa/Fig16.lean:799,6,1,Paper/S5_Model/Definitions,
BoCa.Fig16.CellU.toU_toLayer,BoCa/Fig16.lean:806,2,1,Paper/S5_Model/Definitions,
BoCa.Fig16.CellF.toLayer_toU,BoCa/Fig16.lean:809,3,1,Paper/S5_Model/Definitions,
BoCa.Fig16.Cell.toU,BoCa/Fig16.lean:813,2,1,Paper/S5_Model/Definitions,
BoCa.Fig16.CellU.toStratum,BoCa/Fig16.lean:816,3,1,Paper/S5_Model/Definitions,
BoCa.Fig16.Cell.toU_inStratum,BoCa/Fig16.lean:820,2,1,Paper/S5_Model/Definitions,
BoCa.Fig16.CellU.toU_toStratum,BoCa/Fig16.lean:823,4,1,Paper/S5_Model/Definitions,
BoCa.Fig16.Cell.toStratum_toU,BoCa/Fig16.lean:828,4,1,Paper/S5_Model/Definitions,
BoCa.Fig16.CellU.InStratum.mono,BoCa/Fig16.lean:853,8,1,Paper/S5_Model/Definitions,
BoCa.Fig16.CellU.InStratum.sup,BoCa/Fig16.lean:862,6,1,Paper/S5_Model/Definitions,
BoCa.Fig16.ResU.InStratum,BoCa/Fig16.lean:871,3,1,Paper/S5_Model/Definitions,5.48;6.52
BoCa.Fig16.ResU.InStratum.mono,BoCa/Fig16.lean:875,2,1,Paper/S5_Model/Definitions,
BoCa.Fig16.ResU.InStratum.sup,BoCa/Fig16.lean:878,3,1,Paper/S5_Model/Definitions,
BoCa.Fig16.ResU.InStratum.inf_left,BoCa/Fig16.lean:882,7,1,Paper/S5_Model/Definitions,
BoCa.Fig16.Res.toU,BoCa/Fig16.lean:890,3,1,Paper/S5_Model/Definitions,
BoCa.Fig16.optToStratum,BoCa/Fig16.lean:894,4,1,Paper/S5_Model/Definitions,
BoCa.Fig16.optToStratum_eq_none,BoCa/Fig16.lean:899,3,1,Paper/S5_Model/Definitions,
BoCa.Fig16.optToStratum_toU,BoCa/Fig16.lean:903,6,1,Paper/S5_Model/Definitions,
BoCa.Fig16.optToStratum_map,BoCa/Fig16.lean:910,6,1,Paper/S5_Model/Definitions,
BoCa.Fig16.ResU.toStratum,BoCa/Fig16.lean:917,6,1,Paper/S5_Model/Definitions,
BoCa.Fig16.ResU.toU_toStratum,BoCa/Fig16.lean:924,3,1,Paper/S5_Model/Definitions,
BoCa.Fig16.Res.toU_inStratum,BoCa/Fig16.lean:928,9,1,Paper/S5_Model/Definitions,
BoCa.Fig16.Res.toStratum_toU,BoCa/Fig16.lean:938,3,1,Paper/S5_Model/Definitions,
BoCa.Fig16.CellS,BoCa/Fig16.lean:969,2,1,Paper/S5_Model/Definitions,
BoCa.Fig16.ResS,BoCa/Fig16.lean:972,2,1,Paper/S5_Model/Definitions,
BoCa.Fig16.SPropS,BoCa/Fig16.lean:975,2,1,Paper/S5_Model/Definitions,
BoCa.Fig16.Cell.stratumEquiv,BoCa/Fig16.lean:980,9,1,Paper/S5_Model/Definitions,5.48
BoCa.Fig16.Res.stratumEquiv,BoCa/Fig16.lean:990,7,1,Paper/S5_Model/Definitions,5.48
BoCa.Fig16.Res.toS,BoCa/Fig16.lean:1008,2,1,Paper/S5_Model/Definitions,
BoCa.Fig16.ResS.toRes,BoCa/Fig16.lean:1011,2,1,Paper/S5_Model/Definitions,
BoCa.Fig16.ResS.toS_toRes,BoCa/Fig16.lean:1014,2,1,Paper/S5_Model/Definitions,
BoCa.Fig16.Res.toRes_toS,BoCa/Fig16.lean:1017,2,1,Paper/S5_Model/Definitions,
BoCa.Fig16.Res.val_toS,BoCa/Fig16.lean:1020,1,1,Paper/S5_Model/Definitions,
BoCa.Fig16.ImmU.res,BoCa/Fig16.lean:1041,2,1,Paper/S5_Model/Definitions,
BoCa.Fig16.MutU.res,BoCa/Fig16.lean:1044,2,1,Paper/S5_Model/Definitions,
BoCa.Fig16.ResS.toU_toRes,BoCa/Fig16.lean:1047,2,1,Paper/S5_Model/Definitions,
BoCa.Fig16.CellU.ownOf,BoCa/Fig16.lean:1059,2,1,Paper/S5_Model/Definitions,
BoCa.Fig16.CellU.immOf,BoCa/Fig16.lean:1062,5,1,Paper/S5_Model/Definitions,6.29
BoCa.Fig16.CellU.mutOf,BoCa/Fig16.lean:1068,12,1,Paper/S5_Model/Definitions,6.29
BoCa.Fig16.CellU.at_ownOf,BoCa/Fig16.lean:1081,1,1,Paper/S5_Model/Definitions,
BoCa.Fig16.CellU.at_immOf,BoCa/Fig16.lean:1082,2,1,Paper/S5_Model/Definitions,
BoCa.Fig16.CellU.at_mutOf,BoCa/Fig16.lean:1084,2,1,Paper/S5_Model/Definitions,
BoCa.Fig16.CellU.inStratum_ownOf,BoCa/Fig16.lean:1087,2,1,Paper/S5_Model/Definitions,
BoCa.Fig16.CellU.inStratum_immOf,BoCa/Fig16.lean:1089,2,1,Paper/S5_Model/Definitions,
BoCa.Fig16.CellU.inStratum_mutOf,BoCa/Fig16.lean:1091,3,1,Paper/S5_Model/Definitions,
BoCa.Fig16.CellU.immOf_inj,BoCa/Fig16.lean:1114,8,1,Paper/S5_Model/Definitions,
BoCa.Fig16.CellU.kind,BoCa/Fig16.lean:1211,5,1,Paper/S5_Model/Definitions,5.49
BoCa.Fig16.CellU.kind_ownOf,BoCa/Fig16.lean:1217,2,1,Paper/S5_Model/Definitions,
BoCa.Fig16.CellU.kind_immOf,BoCa/Fig16.lean:1219,2,1,Paper/S5_Model/Definitions,
BoCa.Fig16.CellU.kind_mutOf,BoCa/Fig16.lean:1221,3,1,Paper/S5_Model/Definitions,
BoCa.Fig16.SPropS.embed,BoCa/Fig16.lean:1247,3,1,Paper/S5_Model/Definitions,5.57
BoCa.Fig16.SPropS.conj,BoCa/Fig16.lean:1261,4,1,Paper/S5_Model/Definitions,5.57
BoCa.Fig16.SPropS.conj_holds,BoCa/Fig16.lean:1266,5,1,Paper/S5_Model/Definitions,
BoCa.Fig16.ResU.AtLife,BoCa/Fig16.lean:1292,8,1,Paper/S5_Model/Definitions,5.11
BoCa.Fig16.ResU.atOn,BoCa/Fig16.lean:1317,4,1,Paper/S5_Model/Definitions,
BoCa.Fig16.ResU.atOn_ub,BoCa/Fig16.lean:1322,10,1,Paper/S5_Model/Definitions,
BoCa.Fig16.ResU.atOn_lub,BoCa/Fig16.lean:1333,9,1,Paper/S5_Model/Definitions,
BoCa.Fig16.ResU.atLife_atOn,BoCa/Fig16.lean:1343,3,1,Paper/S5_Model/Definitions,5.11
BoCa.Fig16.ResU.exists_atLife,BoCa/Fig16.lean:1347,6,1,Paper/S5_Model/Definitions,6.101
BoCa.Fig16.ResU.at,BoCa/Fig16.lean:1378,4,1,Paper/S5_Model/Definitions,5.11
BoCa.Fig16.ImmU.immOf_eta,BoCa/Fig16.lean:1411,7,1,Paper/S5_Model/Definitions,
BoCa.Fig16.CellU.CompatS,BoCa/Fig16.lean:1434,8,1,Paper/S5_Model/Definitions,5.13
BoCa.Fig16.CellU.CompatS.imm_imm,BoCa/Fig16.lean:1453,11,1,Paper/S5_Model/Definitions,5.67
BoCa.Fig16.CellU.compS,BoCa/Fig16.lean:1465,14,1,Paper/S5_Model/Definitions,5.15
BoCa.Fig16.CellU.immOf_congr,BoCa/Fig16.lean:1480,5,1,Paper/S5_Model/Definitions,
BoCa.Fig16.CellU.CompS,BoCa/Fig16.lean:1500,8,1,Paper/S5_Model/Definitions,5.15
BoCa.Fig16.CellU.compS_spec,BoCa/Fig16.lean:1509,14,1,Paper/S5_Model/Definitions,
BoCa.Fig16.CellU.CompS.functional,BoCa/Fig16.lean:1529,9,1,Paper/S5_Model/Definitions,
BoCa.Fig16.CellU.compS_immOf,BoCa/Fig16.lean:1546,8,1,Paper/S5_Model/Definitions,5.15
BoCa.Fig16.CellU.CompR,BoCa/Fig16.lean:1600,43,1,Paper/S5_Model/Definitions,5.16
BoCa.Fig16.ResU.Compat,BoCa/Fig16.lean:1815,8,1,Paper/S5_Model/Definitions,5.17
BoCa.Fig16.OptComp,BoCa/Fig16.lean:1837,8,1,Paper/S5_Model/Definitions,5.18
BoCa.Fig16.ResU.Comp,BoCa/Fig16.lean:1846,11,1,Paper/S5_Model/Definitions,5.18;6.9
BoCa.Fig16.ResU.CompatS,BoCa/Fig16.lean:1875,7,1,Paper/S5_Model/Definitions,5.17
BoCa.Fig16.ResU.CompS,BoCa/Fig16.lean:1883,7,1,Paper/S5_Model/Definitions,5.18
BoCa.Fig16.optCompS,BoCa/Fig16.lean:1899,7,1,Paper/S5_Model/Definitions,
BoCa.Fig16.optCompS_eq_none,BoCa/Fig16.lean:1907,4,1,Paper/S5_Model/Definitions,
BoCa.Fig16.ResU.compS,BoCa/Fig16.lean:1923,14,1,Paper/S5_Model/Definitions,5.18
BoCa.Fig16.optRestrict_eq_none,BoCa/Fig16.lean:1955,2,1,Paper/S5_Model/Definitions,
BoCa.Fig16.ResU.restrict,BoCa/Fig16.lean:1958,12,1,Paper/S5_Model/Definitions,5.19
BoCa.Fig16.ResU.restrict_eq_some,BoCa/Fig16.lean:1971,16,1,Paper/S5_Model/Definitions,
BoCa.Fig16.CellU.erase,BoCa/Fig16.lean:2012,5,1,Paper/S5_Model/Definitions,5.24
BoCa.Fig16.CellU.erase_ownOf,BoCa/Fig16.lean:2018,1,1,Paper/S5_Model/Definitions,
BoCa.Fig16.CellU.erase_immOf,BoCa/Fig16.lean:2019,2,1,Paper/S5_Model/Definitions,
BoCa.Fig16.CellU.erase_mutOf,BoCa/Fig16.lean:2021,3,1,Paper/S5_Model/Definitions,
BoCa.Fig16.CellU.wit,BoCa/Fig16.lean:2032,7,1,Paper/S5_Model/Definitions,5.50
BoCa.Fig16.CellU.wit_ownOf,BoCa/Fig16.lean:2040,2,1,Paper/S5_Model/Definitions,
BoCa.Fig16.CellU.wit_immOf,BoCa/Fig16.lean:2042,3,1,Paper/S5_Model/Definitions,
BoCa.Fig16.CellU.wit_mutOf,BoCa/Fig16.lean:2045,4,1,Paper/S5_Model/Definitions,
BoCa.Fig16.CellU.CompatR,BoCa/Fig16.lean:2225,6,1,Paper/S5_Model/Definitions,5.14
BoCa.Fig16.ResU.CompatR,BoCa/Fig16.lean:2285,4,1,Paper/S5_Model/Definitions,5.17
BoCa.Fig16.ResU.CompR,BoCa/Fig16.lean:2290,5,1,Paper/S5_Model/Definitions,5.18
BoCa.Fig16.CellU.compR,BoCa/Fig16.lean:2304,6,1,Paper/S5_Model/Definitions,
BoCa.Fig16.optCompR,BoCa/Fig16.lean:2314,6,1,Paper/S5_Model/Definitions,
BoCa.Fig16.optCompR_eq_none,BoCa/Fig16.lean:2321,4,1,Paper/S5_Model/Definitions,
BoCa.Fig16.ResU.compR,BoCa/Fig16.lean:2337,15,1,Paper/S5_Model/Definitions,5.18
BoCa.Fig16.ResU.restrictOn,BoCa/Fig16.lean:2404,11,1,Paper/S5_Model/Definitions,5.51
BoCa.Fig16.ResU.exclPart,BoCa/Fig16.lean:2434,5,1,Paper/S5_Model/Definitions,5.51;6.56
BoCa.Fig16.ResU.single,BoCa/Fig16.lean:2441,14,1,Paper/S5_Model/Definitions,5.52
BoCa.Fig16.ResU.single_get_self,BoCa/Fig16.lean:2457,2,1,Paper/S5_Model/Definitions,
BoCa.Fig16.ResU.Le,BoCa/Fig16.lean:2489,7,1,Paper/S5_Model/Definitions,5.54
BoCa.Fig16.ResU.Sites,BoCa/Fig16.lean:2510,7,1,Paper/S5_Model/Definitions,5.55
BoCa.Fig16.BigComp,BoCa/Fig16.lean:2518,15,1,Paper/S5_Model/Definitions,5.56
BoCa.Fig16.ExW,BoCa/Fig16.lean:2574,32,1,Paper/S5_Model/Definitions,5.20;6.32
BoCa.Fig16.ExS,BoCa/Fig16.lean:2749,2,1,Paper/S5_Model/Definitions,5.20
BoCa.Fig16.ExR,BoCa/Fig16.lean:2752,3,1,Paper/S5_Model/Definitions,5.20
BoCa.Fig16.AgW,BoCa/Fig16.lean:2768,37,1,Paper/S5_Model/Definitions,5.21
BoCa.Fig16.ResU.Flat,BoCa/Fig16.lean:2806,3,1,Paper/S5_Model/Definitions,5.22
BoCa.Fig16.ResU.Valid,BoCa/Fig16.lean:2815,2,1,Paper/S5_Model/Definitions,5.23
BoCa.Fig16.ResU.Lower,BoCa/Fig16.lean:2818,7,1,Paper/S5_Model/Definitions,5.25
BoCa.Fig16.ResU.Hash,BoCa/Fig16.lean:2826,5,1,Paper/S5_Model/Definitions,5.26;6.5
BoCa.Fig16.ResU.FlatAt,BoCa/Fig16.lean:7787,7,1,Paper/S5_Model/Definitions,5.60
BoCa.Fig16.ResU.UpdImm,BoCa/Fig16.lean:7813,8,1,Paper/S5_Model/Definitions,5.27
BoCa.Fig16.ResU.UpdMut,BoCa/Fig16.lean:7822,12,1,Paper/S5_Model/Definitions,5.27
BoCa.Fig16.ResU.Upd,BoCa/Fig16.lean:7835,3,1,Paper/S5_Model/Definitions,5.27;5.62
BoCa.Fig16.ResU.UpdV,BoCa/Fig16.lean:7850,3,1,Paper/S5_Model/Definitions,5.27;6.39
BoCa.Fig16.ResU.Dom,BoCa/Fig16.lean:8315,9,1,Paper/S5_Model/Definitions,5.55
BoCa.Fig16.ResU.del,BoCa/Fig16.lean:8334,15,1,Paper/S5_Model/Definitions,5.53
BoCa.Fig16.ResU.del_get_self,BoCa/Fig16.lean:8351,2,1,Paper/S5_Model/Definitions,
BoCa.Fig16.ResU.RebAt,BoCa/Fig16.lean:8358,43,1,Paper/S5_Model/Definitions,5.28
BoCa.Fig16.ResU.Reb,BoCa/Fig16.lean:8402,17,1,Paper/S5_Model/Definitions,5.28
BoCa.Fig16.SPropS.toU,BoCa/Fig16.lean:10119,4,1,Paper/S5_Model/Definitions,5.57
BoCa.Fig16.SPropU.toS,BoCa/Fig16.lean:10124,2,1,Paper/S5_Model/Definitions,5.57
BoCa.Fig16.SPropU.toU_toS_iff,BoCa/Fig16.lean:10138,3,1,Paper/S5_Model/Definitions,
BoCa.Fig16.SPropS.toU_range,BoCa/Fig16.lean:10142,14,1,Paper/S5_Model/Definitions,5.57;6.130
BoCa.Fig16.BoLo.ofS,BoCa/Fig16.lean:10221,4,1,Paper/S5_Model/Definitions,5.57
BoCa.Fig16.BoLo.pure,BoCa/Fig16.lean:10235,2,1,Paper/S5_Model/Definitions,5.34
BoCa.Fig16.BoLo.emp,BoCa/Fig16.lean:10238,2,1,Paper/S5_Model/Definitions,5.37
BoCa.Fig16.BoLo.top,BoCa/Fig16.lean:10241,2,1,Paper/S5_Model/Definitions,5.39
BoCa.Fig16.BoLo.bot,BoCa/Fig16.lean:10244,2,1,Paper/S5_Model/Definitions,5.40
BoCa.Fig16.BoLo.and,BoCa/Fig16.lean:10247,2,1,Paper/S5_Model/Definitions,5.41
BoCa.Fig16.BoLo.or,BoCa/Fig16.lean:10250,2,1,Paper/S5_Model/Definitions,5.42
BoCa.Fig16.BoLo.imp,BoCa/Fig16.lean:10253,2,1,Paper/S5_Model/Definitions,5.43
BoCa.Fig16.BoLo.all,BoCa/Fig16.lean:10256,2,1,Paper/S5_Model/Definitions,5.44
BoCa.Fig16.BoLo.ex,BoCa/Fig16.lean:10259,2,1,Paper/S5_Model/Definitions,5.45
BoCa.Fig16.BoLo.sep,BoCa/Fig16.lean:10262,6,1,Paper/S5_Model/Definitions,5.35
BoCa.Fig16.BoLo.wand,BoCa/Fig16.lean:10269,6,1,Paper/S5_Model/Definitions,5.36;6.150
BoCa.Fig16.BoLo.bang,BoCa/Fig16.lean:10276,2,1,Paper/S5_Model/Definitions,5.38
BoCa.Fig16.BoLo.ptoOwn,BoCa/Fig16.lean:10284,3,1,Paper/S5_Model/Definitions,5.29
BoCa.Fig16.BoLo.ptoAny,BoCa/Fig16.lean:10288,3,1,Paper/S5_Model/Definitions,5.63
BoCa.Fig16.BoLo.ptoImm,BoCa/Fig16.lean:10292,16,1,Paper/S5_Model/Definitions,5.30;6.149
BoCa.Fig16.BoLo.ptoMut,BoCa/Fig16.lean:10309,6,1,Paper/S5_Model/Definitions,5.31;6.174
BoCa.Fig16.BoLo.Outlives,BoCa/Fig16.lean:10316,16,1,Paper/S5_Model/Definitions,5.32;6.50
BoCa.Fig16.BoLo.box,BoCa/Fig16.lean:10333,6,1,Paper/S5_Model/Definitions,5.32;6.150
BoCa.Fig16.BoLo.fresh,BoCa/Fig16.lean:10340,10,1,Paper/S5_Model/Definitions,5.46;6.132
BoCa.Fig16.BoLo.reborrow,BoCa/Fig16.lean:10351,7,1,Paper/S5_Model/Definitions,5.47;6.150
BoCa.Fig16.BoLo.WRes,BoCa/Fig16Wp.lean:72,2,1,Paper/S5_Model/Definitions,
BoCa.Fig16.BoLo.WProp,BoCa/Fig16Wp.lean:75,2,1,Paper/S5_Model/Definitions,
BoCa.Fig16.BoLo.NoOwn,BoCa/Fig16Wp.lean:78,2,1,Paper/S5_Model/Definitions,5.63;6.135
BoCa.Fig16.BoLo.noOwn_iff,BoCa/Fig16Wp.lean:81,14,1,Paper/S5_Model/Definitions,
BoCa.Fig16.BoLo.noOwn_compS,BoCa/Fig16Wp.lean:102,19,1,Paper/S5_Model/Definitions,5.63;6.150
BoCa.Fig16.BoLo.wp,BoCa/Fig16Wp.lean:170,22,1,Paper/S5_Model/Definitions,5.33;6.150
BoCa.Fig16.BoLo.wpU,BoCa/Fig16Wp.lean:214,20,1,Paper/S5_Model/Definitions,5.62
BoCa.Fig16.ResU.restrictDom,BoCa/Reborrow.lean:1770,9,1,Paper/S5_Model/Definitions,5.64;6.56
BoCa.Fig16.ResU.delDom,BoCa/Reborrow.lean:1780,10,1,Paper/S5_Model/Definitions,5.64;6.56
BoCa.Fig16.BigComp.perm,BoCa/Fig16.lean:4242,10,2,Paper/S5_Model/Remarks,5.56
BoCa.Fig16.ResU.CompatS.disjoint_of_immFree,BoCa/Fig16.lean:6307,14,2,Paper/S5_Model/Remarks,5.67;6.30
BoCa.Fig16.CellU.compatR_iff,BoCa/Fig16.lean:6868,57,2,Paper/S5_Model/Remarks,5.67;6.14
BoCa.Fig16.BoLo.wp_eq_wpU,BoCa/Fig16Wp.lean:256,4,2,Paper/S5_Model/Remarks,5.62
BoCa.Fig16.ResU.flat_eq_ag_at,BoCa/Ancestor.lean:334,19,2,Paper/S5_Model/Remarks,5.67
BoCa.Fig16.AgW.nonimm_beneath_imm,BoCa/Ancestor.lean:398,109,2,Paper/S5_Model/Remarks,5.67;6.59
BoCa.Fig16.CellU.Sim.trans,BoCa/Reborrow.lean:5103,19,2,Paper/S5_Model/Remarks,5.65
BoCa.Fig16.ResU.upd_iff_sim,BoCa/Reborrow.lean:5163,78,2,Paper/S5_Model/Remarks,5.65;6.39
BoCa.Fig16.ResU.compS_defined_iff,BoCa/Fig16.lean:1942,10,2,Paper/S6_1_StandardLemmas/Lemmas,6.9;6.22
BoCa.Fig16.ResU.compat_comm_iff,BoCa/Fig16.lean:3107,8,2,Paper/S6_1_StandardLemmas/Lemmas,6.1
BoCa.Fig16.ResU.Comp.comm,BoCa/Fig16.lean:3126,17,2,Paper/S6_1_StandardLemmas/Lemmas,6.2
BoCa.Fig16.ResU.Comp.assoc,BoCa/Fig16.lean:3751,24,2,Paper/S6_1_StandardLemmas/Lemmas,6.3
BoCa.Fig16.ResU.comp_empty_right,BoCa/Fig16.lean:3795,10,2,Paper/S6_1_StandardLemmas/Lemmas,6.4
BoCa.Fig16.ResU.compatS_of_pairwise,BoCa/Fig16.lean:4004,20,2,Paper/S6_1_StandardLemmas/Lemmas,6.13
BoCa.Fig16.ResU.hash_empty_right,BoCa/Fig16.lean:4025,4,2,Paper/S6_1_StandardLemmas/Lemmas,6.5
BoCa.Fig16.ResU.hash_symm_iff,BoCa/Fig16.lean:4037,3,2,Paper/S6_1_StandardLemmas/Lemmas,6.6
BoCa.Fig16.ResU.Valid.split,BoCa/Fig16.lean:6399,13,2,Paper/S6_1_StandardLemmas/Lemmas,6.8;6.10
BoCa.Fig16.ResU.Hash.split,BoCa/Fig16.lean:6413,16,2,Paper/S6_1_StandardLemmas/Lemmas,6.11;6.34
BoCa.Fig16.ResU.Lower.split,BoCa/Fig16.lean:6596,27,2,Paper/S6_1_StandardLemmas/Lemmas,6.7
BoCa.Fig16.ResU.Lower.congr,BoCa/Fig16.lean:6624,24,2,Paper/S6_1_StandardLemmas/Lemmas,6.8;6.56
BoCa.Fig16.ResU.compatS_of_compR,BoCa/Fig16.lean:6996,26,2,Paper/S6_1_StandardLemmas/Lemmas,6.12;6.37
BoCa.Fig16.ResU.compatR_of_pairwise,BoCa/Fig16.lean:7042,24,2,Paper/S6_1_StandardLemmas/Lemmas,6.14
BoCa.Fig16.ResU.hash_of_pairwise,BoCa/Fig16.lean:7247,54,2,Paper/S6_1_StandardLemmas/Lemmas,6.15;6.64
BoCa.Fig16.ResU.FlatR,BoCa/Fig16.lean:2810,4,1,Paper/S6_2_NonStandardLemmas/Definitions,5.61;6.19
BoCa.Fig16.ResU.SubClause,BoCa/Fig16.lean:2932,13,1,Paper/S6_2_NonStandardLemmas/Definitions,5.66
BoCa.Fig16.ResU.SubClauseL,BoCa/Fig16.lean:2946,10,1,Paper/S6_2_NonStandardLemmas/Definitions,5.66
BoCa.Fig16.ResU.Sub,BoCa/Fig16.lean:2957,15,1,Paper/S6_2_NonStandardLemmas/Definitions,5.66;6.59
BoCa.Fig16.ResU.SubL,BoCa/Fig16.lean:2973,15,1,Paper/S6_2_NonStandardLemmas/Definitions,5.66
BoCa.Fig16.ResU.SubKeep,BoCa/Fig16.lean:2989,32,1,Paper/S6_2_NonStandardLemmas/Definitions,5.66;6.59
BoCa.Fig16.CellU.Sim,BoCa/Reborrow.lean:5071,16,1,Paper/S6_2_NonStandardLemmas/Definitions,5.65
BoCa.Fig16.CellU.Sim.refl,BoCa/Reborrow.lean:5094,8,1,Paper/S6_2_NonStandardLemmas/Definitions,5.65
BoCa.Fig16.ResU.borrowPart,BoCa/Reborrow.lean:5123,8,1,Paper/S6_2_NonStandardLemmas/Definitions,5.65
BoCa.Fig16.ResU.SimForm,BoCa/Reborrow.lean:5140,8,1,Paper/S6_2_NonStandardLemmas/Definitions,5.65
BoCa.Fig16.ExW.immFree,BoCa/Fig16.lean:2691,27,2,Paper/S6_2_NonStandardLemmas/Lemmas,5.67;6.36
BoCa.Fig16.ResU.flatR_idem,BoCa/Fig16.lean:3819,7,2,Paper/S6_2_NonStandardLemmas/Lemmas,6.19
BoCa.Fig16.ResU.compR_iff_compS,BoCa/Fig16.lean:3827,27,2,Paper/S6_2_NonStandardLemmas/Lemmas,6.31;6.34
BoCa.Fig16.ResU.compatS_single_own,BoCa/Fig16.lean:3870,5,2,Paper/S6_2_NonStandardLemmas/Lemmas,6.21;6.41
BoCa.Fig16.ResU.compatS_single_mut,BoCa/Fig16.lean:3876,8,2,Paper/S6_2_NonStandardLemmas/Lemmas,6.42;6.119
BoCa.Fig16.ResU.compS_single_imm,BoCa/Fig16.lean:3885,22,2,Paper/S6_2_NonStandardLemmas/Lemmas,6.43;6.56
BoCa.Fig16.ResU.compatS_single_imm_inv,BoCa/Fig16.lean:3908,13,2,Paper/S6_2_NonStandardLemmas/Lemmas,6.44;6.115
BoCa.Fig16.ResU.atLife_comp_sqsupset,BoCa/Fig16.lean:3951,52,2,Paper/S6_2_NonStandardLemmas/Lemmas,6.45;6.104
BoCa.Fig16.ExS.split,BoCa/Fig16.lean:5262,61,2,Paper/S6_2_NonStandardLemmas/Lemmas,6.18;6.22
BoCa.Fig16.AgW.split,BoCa/Fig16.lean:5862,100,2,Paper/S6_2_NonStandardLemmas/Lemmas,6.20;6.22
BoCa.Fig16.ResU.CompatS.of_compR_left,BoCa/Fig16.lean:6322,20,2,Paper/S6_2_NonStandardLemmas/Lemmas,6.30;6.38
BoCa.Fig16.ResU.CompatS.of_flat,BoCa/Fig16.lean:7173,13,2,Paper/S6_2_NonStandardLemmas/Lemmas,6.16;6.38
BoCa.Fig16.ResU.compatS_of_hash_mut,BoCa/Fig16.lean:7530,31,2,Paper/S6_2_NonStandardLemmas/Lemmas,6.17;6.22
BoCa.Fig16.ResU.Upd.refl,BoCa/Fig16.lean:7913,5,2,Paper/S6_2_NonStandardLemmas/Lemmas,6.47
BoCa.Fig16.ResU.UpdV.trans,BoCa/Fig16.lean:7939,5,2,Paper/S6_2_NonStandardLemmas/Lemmas,6.49
BoCa.Fig16.BoLo.hash_shift,BoCa/Fig16Wp.lean:152,15,2,Paper/S6_2_NonStandardLemmas/Lemmas,6.46
BoCa.Fig16.BoLo.updV_outlives,BoCa/Fig16Wp.lean:1125,23,2,Paper/S6_2_NonStandardLemmas/Lemmas,6.50;6.52
BoCa.Fig16.BoLo.updV_frame,BoCa/Fig16Wp.lean:1623,195,2,Paper/S6_2_NonStandardLemmas/Lemmas,6.48
BoCa.Fig16.LogRel.vDen_outlives,BoCa/Fig16LogRel.lean:884,51,2,Paper/S6_2_NonStandardLemmas/Lemmas,6.60;6.62
BoCa.Fig16.LogRel.gDen_box,BoCa/Fig16LogRel.lean:4535,8,2,Paper/S6_2_NonStandardLemmas/Lemmas,6.62;6.163
BoCa.Fig16.ResU.six53,BoCa/Reborrow.lean:570,59,2,Paper/S6_2_NonStandardLemmas/Lemmas,6.53
BoCa.Fig16.ResU.six37,BoCa/Reborrow.lean:642,17,2,Paper/S6_2_NonStandardLemmas/Lemmas,6.37;6.38
BoCa.Fig16.ResU.six54,BoCa/Reborrow.lean:1163,19,2,Paper/S6_2_NonStandardLemmas/Lemmas,6.54
BoCa.Fig16.ResU.six55,BoCa/Reborrow.lean:1353,45,2,Paper/S6_2_NonStandardLemmas/Lemmas,6.55;6.150
BoCa.Fig16.ResU.six61,BoCa/Reborrow.lean:1601,157,2,Paper/S6_2_NonStandardLemmas/Lemmas,6.61;6.125
BoCa.Fig16.ResU.six56,BoCa/Reborrow.lean:1885,88,2,Paper/S6_2_NonStandardLemmas/Lemmas,6.56;6.58
BoCa.Fig16.ResU.six57,BoCa/Reborrow.lean:2169,80,2,Paper/S6_2_NonStandardLemmas/Lemmas,6.57;6.58
BoCa.Fig16.ResU.six58_left,BoCa/Reborrow.lean:2332,84,2,Paper/S6_2_NonStandardLemmas/Lemmas,6.58;6.150
BoCa.Fig16.ExS.toExR,BoCa/Reborrow.lean:2646,21,2,Paper/S6_2_NonStandardLemmas/Lemmas,6.29;6.32
BoCa.Fig16.ResU.six29,BoCa/Reborrow.lean:3046,54,2,Paper/S6_2_NonStandardLemmas/Lemmas,6.29;6.38
BoCa.Fig16.ResU.six52,BoCa/Reborrow.lean:4218,24,2,Paper/S6_2_NonStandardLemmas/Lemmas,6.52;6.58
BoCa.Fig16.ResU.six33,BoCa/Reborrow.lean:5575,14,2,Paper/S6_2_NonStandardLemmas/Lemmas,6.26;6.33
BoCa.Fig16.ResU.six51,BoCa/Reborrow.lean:5590,32,2,Paper/S6_2_NonStandardLemmas/Lemmas,6.51
BoCa.Fig16.ResU.six39,BoCa/Reborrow.lean:5808,85,2,Paper/S6_2_NonStandardLemmas/Lemmas,6.39;6.64
BoCa.Fig16.ResU.six59,BoCa/Reborrow.lean:8077,48,2,Paper/S6_2_NonStandardLemmas/Lemmas,6.59
BoCa.Fig16.ResU.six26,BoCa/Reborrow.lean:8185,78,2,Paper/S6_2_NonStandardLemmas/Lemmas,6.26
BoCa.Fig16.ResU.six34,BoCa/Reborrow.lean:8368,101,2,Paper/S6_2_NonStandardLemmas/Lemmas,6.34;6.64
BoCa.Fig16.ResU.six21,BoCa/Reborrow.lean:8911,25,2,Paper/S6_2_NonStandardLemmas/Lemmas,6.21
BoCa.Fig16.ResU.six25,BoCa/Reborrow.lean:8937,69,2,Paper/S6_2_NonStandardLemmas/Lemmas,6.25
BoCa.Fig16.ResU.six22,BoCa/Reborrow.lean:9088,61,2,Paper/S6_2_NonStandardLemmas/Lemmas,6.22
BoCa.Fig16.ResU.six23,BoCa/Reborrow.lean:9150,60,2,Paper/S6_2_NonStandardLemmas/Lemmas,6.23
BoCa.Fig16.ResU.six24,BoCa/Reborrow.lean:9211,7,2,Paper/S6_2_NonStandardLemmas/Lemmas,6.24;6.66
BoCa.Fig16.ResU.six28,BoCa/Reborrow.lean:9304,94,2,Paper/S6_2_NonStandardLemmas/Lemmas,6.28;6.66
BoCa.Fig16.ResU.six27,BoCa/Reborrow.lean:9554,69,2,Paper/S6_2_NonStandardLemmas/Lemmas,6.27;6.65
BoCa.Fig16.ResU.six38,BoCa/Reborrow.lean:10094,7,2,Paper/S6_2_NonStandardLemmas/Lemmas,6.38;6.64
BoCa.Fig16.LogRel.wp_M_antiFrame,BoCa/Fig16LogRel.lean:2890,162,2,Paper/S6_3_FrameAndAntiFrame/Lemmas,6.66;6.176
BoCa.Fig16.LogRel.wp_M_frame,BoCa/Fig16LogRel.lean:3153,209,2,Paper/S6_3_FrameAndAntiFrame/Lemmas,6.65;6.173
BoCa.Fig16.LogRel.wp_I_frame,BoCa/Fig16LogRel.lean:3479,180,2,Paper/S6_3_FrameAndAntiFrame/Lemmas,6.64;6.172
BoCa.Fig16.BoLo.Entails.refl,BoCa/Fig16.lean:10394,2,2,Paper/S6_4_StandardEntailments/Lemmas,6.67
BoCa.Fig16.BoLo.Entails.trans,BoCa/Fig16.lean:10397,4,2,Paper/S6_4_StandardEntailments/Lemmas,6.68
BoCa.Fig16.BoLo.top_R,BoCa/Fig16.lean:10413,2,2,Paper/S6_4_StandardEntailments/Lemmas,6.69
BoCa.Fig16.BoLo.bot_L,BoCa/Fig16.lean:10416,2,2,Paper/S6_4_StandardEntailments/Lemmas,6.70
BoCa.Fig16.BoLo.and_R,BoCa/Fig16.lean:10419,4,2,Paper/S6_4_StandardEntailments/Lemmas,6.71
BoCa.Fig16.BoLo.and_L₁,BoCa/Fig16.lean:10424,4,2,Paper/S6_4_StandardEntailments/Lemmas,6.72
BoCa.Fig16.BoLo.or_R₁,BoCa/Fig16.lean:10432,3,2,Paper/S6_4_StandardEntailments/Lemmas,6.73
BoCa.Fig16.BoLo.or_L,BoCa/Fig16.lean:10439,4,2,Paper/S6_4_StandardEntailments/Lemmas,6.74
BoCa.Fig16.BoLo.imp_R,BoCa/Fig16.lean:10444,4,2,Paper/S6_4_StandardEntailments/Lemmas,6.75
BoCa.Fig16.BoLo.imp_L,BoCa/Fig16.lean:10449,2,2,Paper/S6_4_StandardEntailments/Lemmas,6.76
BoCa.Fig16.BoLo.all_R,BoCa/Fig16.lean:10452,4,2,Paper/S6_4_StandardEntailments/Lemmas,6.77
BoCa.Fig16.BoLo.all_L,BoCa/Fig16.lean:10457,5,2,Paper/S6_4_StandardEntailments/Lemmas,6.78
BoCa.Fig16.BoLo.ex_R,BoCa/Fig16.lean:10463,4,2,Paper/S6_4_StandardEntailments/Lemmas,6.79
BoCa.Fig16.BoLo.ex_L,BoCa/Fig16.lean:10468,4,2,Paper/S6_4_StandardEntailments/Lemmas,6.80
BoCa.Fig16.BoLo.pure_R,BoCa/Fig16.lean:10473,4,2,Paper/S6_4_StandardEntailments/Lemmas,6.81
BoCa.Fig16.BoLo.pure_L,BoCa/Fig16.lean:10478,6,2,Paper/S6_4_StandardEntailments/Lemmas,6.82
BoCa.Fig16.BoLo.bang_mono,BoCa/Fig16.lean:10485,4,2,Paper/S6_4_StandardEntailments/Lemmas,6.83
BoCa.Fig16.BoLo.bang_L,BoCa/Fig16.lean:10490,22,2,Paper/S6_4_StandardEntailments/Lemmas,6.84
BoCa.Fig16.BoLo.bang_unr,BoCa/Fig16.lean:10520,10,2,Paper/S6_4_StandardEntailments/Lemmas,6.85
BoCa.Fig16.BoLo.bang_and,BoCa/Fig16.lean:10531,4,2,Paper/S6_4_StandardEntailments/Lemmas,6.86
BoCa.Fig16.BoLo.bang_4,BoCa/Fig16.lean:10536,2,2,Paper/S6_4_StandardEntailments/Lemmas,6.87
BoCa.Fig16.BoLo.bang_all,BoCa/Fig16.lean:10539,8,2,Paper/S6_4_StandardEntailments/Lemmas,6.88
BoCa.Fig16.BoLo.bang_ex,BoCa/Fig16.lean:10562,6,2,Paper/S6_4_StandardEntailments/Lemmas,6.89
BoCa.Fig16.BoLo.sep_comm,BoCa/Fig16.lean:10569,4,2,Paper/S6_4_StandardEntailments/Lemmas,6.90
BoCa.Fig16.BoLo.sep_assoc,BoCa/Fig16.lean:10574,6,2,Paper/S6_4_StandardEntailments/Lemmas,6.91
BoCa.Fig16.BoLo.sep_mono,BoCa/Fig16.lean:10590,6,2,Paper/S6_4_StandardEntailments/Lemmas,6.92
BoCa.Fig16.BoLo.wand_R,BoCa/Fig16.lean:10597,4,2,Paper/S6_4_StandardEntailments/Lemmas,6.93
BoCa.Fig16.BoLo.wand_L,BoCa/Fig16.lean:10602,4,2,Paper/S6_4_StandardEntailments/Lemmas,6.94
BoCa.Fig16.BoLo.ptoOwn_excl_own,BoCa/Fig16.lean:10996,6,2,Paper/S6_4_StandardEntailments/Lemmas,6.95
BoCa.Fig16.BoLo.box_mono,BoCa/Fig16.lean:10707,4,2,Paper/S6_5_NonStandardEntailments/Lemmas,6.96
BoCa.Fig16.BoLo.box_L,BoCa/Fig16.lean:10712,2,2,Paper/S6_5_NonStandardEntailments/Lemmas,6.97;6.131
BoCa.Fig16.BoLo.box_R,BoCa/Fig16.lean:10715,4,2,Paper/S6_5_NonStandardEntailments/Lemmas,6.98;6.132
BoCa.Fig16.BoLo.box_4,BoCa/Fig16.lean:10720,4,2,Paper/S6_5_NonStandardEntailments/Lemmas,6.99
BoCa.Fig16.BoLo.box_antitone,BoCa/Fig16.lean:10725,4,2,Paper/S6_5_NonStandardEntailments/Lemmas,6.100
BoCa.Fig16.BoLo.box_ex_R,BoCa/Fig16.lean:10730,7,2,Paper/S6_5_NonStandardEntailments/Lemmas,6.101
BoCa.Fig16.BoLo.box_all,BoCa/Fig16.lean:10738,10,2,Paper/S6_5_NonStandardEntailments/Lemmas,6.102
BoCa.Fig16.BoLo.box_ex,BoCa/Fig16.lean:10760,6,2,Paper/S6_5_NonStandardEntailments/Lemmas,6.103
BoCa.Fig16.BoLo.box_sep,BoCa/Fig16.lean:10767,11,2,Paper/S6_5_NonStandardEntailments/Lemmas,6.65;6.104
BoCa.Fig16.BoLo.box_or,BoCa/Fig16.lean:10779,6,2,Paper/S6_5_NonStandardEntailments/Lemmas,6.105;6.131
BoCa.Fig16.BoLo.box_bang,BoCa/Fig16.lean:10786,4,2,Paper/S6_5_NonStandardEntailments/Lemmas,6.106
BoCa.Fig16.BoLo.box_ptoOwn,BoCa/Fig16.lean:10791,12,2,Paper/S6_5_NonStandardEntailments/Lemmas,6.107
BoCa.Fig16.BoLo.fresh_mono,BoCa/Fig16.lean:10806,11,2,Paper/S6_5_NonStandardEntailments/Lemmas,6.108
BoCa.Fig16.BoLo.fresh_L,BoCa/Fig16.lean:10818,9,2,Paper/S6_5_NonStandardEntailments/Lemmas,6.109
BoCa.Fig16.BoLo.fresh_R,BoCa/Fig16.lean:10828,8,2,Paper/S6_5_NonStandardEntailments/Lemmas,6.110
BoCa.Fig16.BoLo.fresh_sep,BoCa/Fig16.lean:10837,9,2,Paper/S6_5_NonStandardEntailments/Lemmas,6.111
BoCa.Fig16.BoLo.fresh_frame,BoCa/Fig16.lean:10847,12,2,Paper/S6_5_NonStandardEntailments/Lemmas,6.64;6.112
BoCa.Fig16.BoLo.ptoImm_mono,BoCa/Fig16.lean:10882,6,2,Paper/S6_5_NonStandardEntailments/Lemmas,6.113
BoCa.Fig16.BoLo.ptoImm_antitone,BoCa/Fig16.lean:10889,6,2,Paper/S6_5_NonStandardEntailments/Lemmas,6.114
BoCa.Fig16.BoLo.ptoImm_agree,BoCa/Fig16.lean:10896,22,2,Paper/S6_5_NonStandardEntailments/Lemmas,6.115
BoCa.Fig16.BoLo.ptoImm_dup,BoCa/Fig16.lean:10954,12,2,Paper/S6_5_NonStandardEntailments/Lemmas,6.116;6.170
BoCa.Fig16.BoLo.ptoMut_inv,BoCa/Fig16.lean:10967,10,2,Paper/S6_5_NonStandardEntailments/Lemmas,6.117
BoCa.Fig16.BoLo.ptoMut_antitone,BoCa/Fig16.lean:10978,6,2,Paper/S6_5_NonStandardEntailments/Lemmas,6.118
BoCa.Fig16.BoLo.ptoMut_excl_own,BoCa/Fig16.lean:11014,6,2,Paper/S6_5_NonStandardEntailments/Lemmas,6.119
BoCa.Fig16.BoLo.reborrow_mono,BoCa/Fig16.lean:11023,6,2,Paper/S6_6_ReborrowingEntailments/Lemmas,6.120
BoCa.Fig16.BoLo.reborrow_pure,BoCa/Fig16.lean:11052,8,2,Paper/S6_6_ReborrowingEntailments/Lemmas,6.124;6.131
BoCa.Fig16.BoLo.reborrow_or,BoCa/Fig16.lean:11077,11,2,Paper/S6_6_ReborrowingEntailments/Lemmas,6.126;6.131
BoCa.Fig16.BoLo.reborrow_weak,BoCa/Fig16.lean:11112,37,2,Paper/S6_6_ReborrowingEntailments/Lemmas,6.127
BoCa.Fig16.BoLo.reborrow_ex,BoCa/Fig16.lean:11150,9,2,Paper/S6_6_ReborrowingEntailments/Lemmas,6.128
BoCa.Fig16.BoLo.reborrow_all,BoCa/Fig16.lean:11160,21,2,Paper/S6_6_ReborrowingEntailments/Lemmas,6.129
BoCa.Fig16.BoLo.reborrow_emp,BoCa/Fig16.lean:11234,12,2,Paper/S6_6_ReborrowingEntailments/Lemmas,6.130
BoCa.Fig16.BoLo.reborrow_ptoOwn,BoCa/Fig16.lean:11277,46,2,Paper/S6_6_ReborrowingEntailments/Lemmas,6.121;6.131
BoCa.Fig16.BoLo.reborrow_ptoMut,BoCa/Fig16.lean:11324,37,2,Paper/S6_6_ReborrowingEntailments/Lemmas,6.122;6.131
BoCa.Fig16.BoLo.reborrow_ptoImm,BoCa/Fig16.lean:11362,23,2,Paper/S6_6_ReborrowingEntailments/Lemmas,6.123;6.131
BoCa.Fig16.LogRel.reborrow_vDen_ne_unk,BoCa/Fig16LogRel.lean:545,8,2,Paper/S6_6_ReborrowingEntailments/Lemmas,6.131
BoCa.Fig16.LogRel.reborrow_vDen_fresh,BoCa/Fig16LogRel.lean:2522,17,2,Paper/S6_6_ReborrowingEntailments/Lemmas,6.132;6.175
BoCa.Fig16.LogRel.ptoImm_reborrow_vDen_fresh,BoCa/Fig16LogRel.lean:2540,12,2,Paper/S6_6_ReborrowingEntailments/Lemmas,6.133
BoCa.Fig16.LogRel.pure_sep_reborrow_vDen_fresh,BoCa/Fig16LogRel.lean:2553,28,2,Paper/S6_6_ReborrowingEntailments/Lemmas,6.134;6.175
BoCa.Fig16.BoLo.reborrow_star,BoCa/Reborrow.lean:8151,10,2,Paper/S6_6_ReborrowingEntailments/Lemmas,6.125;6.131
BoCa.Fig16.BoLo.wp_val,BoCa/Fig16Wp.lean:263,17,2,Paper/S6_7_WeakestPreconditionRules/Lemmas,6.136
BoCa.Fig16.BoLo.wp_1,BoCa/Fig16Wp.lean:294,5,2,Paper/S6_7_WeakestPreconditionRules/Lemmas,6.137
BoCa.Fig16.BoLo.wp_tensor,BoCa/Fig16Wp.lean:300,7,2,Paper/S6_7_WeakestPreconditionRules/Lemmas,6.138
BoCa.Fig16.BoLo.wp_sum₁,BoCa/Fig16Wp.lean:308,7,2,Paper/S6_7_WeakestPreconditionRules/Lemmas,6.139
BoCa.Fig16.BoLo.wp_lolli,BoCa/Fig16Wp.lean:321,5,2,Paper/S6_7_WeakestPreconditionRules/Lemmas,6.140
BoCa.Fig16.BoLo.wp_alloc,BoCa/Fig16Wp.lean:593,28,2,Paper/S6_7_WeakestPreconditionRules/Lemmas,6.141
BoCa.Fig16.BoLo.wp_free,BoCa/Fig16Wp.lean:631,28,2,Paper/S6_7_WeakestPreconditionRules/Lemmas,6.142
BoCa.Fig16.BoLo.wp_load,BoCa/Fig16Wp.lean:660,24,2,Paper/S6_7_WeakestPreconditionRules/Lemmas,6.143
BoCa.Fig16.BoLo.wp_load_I,BoCa/Fig16Wp.lean:746,33,2,Paper/S6_7_WeakestPreconditionRules/Lemmas,6.144;6.175
BoCa.Fig16.BoLo.wp_load_I_nonvacuous,BoCa/Fig16Wp.lean:813,18,2,Paper/S6_7_WeakestPreconditionRules/Lemmas,6.144
BoCa.Fig16.BoLo.wp_store,BoCa/Fig16Wp.lean:832,34,2,Paper/S6_7_WeakestPreconditionRules/Lemmas,6.145
BoCa.Fig16.BoLo.wp_box,BoCa/Fig16Wp.lean:1151,15,2,Paper/S6_7_WeakestPreconditionRules/Lemmas,6.147
BoCa.Fig16.BoLo.wp_M_forget,BoCa/Fig16Wp.lean:1909,9,2,Paper/S6_7_WeakestPreconditionRules/Lemmas,6.148
BoCa.Fig16.BoLo.wp_I_forget,BoCa/Fig16Wp.lean:1919,7,2,Paper/S6_7_WeakestPreconditionRules/Lemmas,6.149
BoCa.Fig16.BoLo.wp_ramify,BoCa/Fig16Wp.lean:1972,34,2,Paper/S6_7_WeakestPreconditionRules/Lemmas,6.146
BoCa.Fig16.BoLo.wp_bind,BoCa/Fig16Wp.lean:2007,45,2,Paper/S6_7_WeakestPreconditionRules/Lemmas,6.135
BoCa.Fig16.BoLo.wp_reborrow,BoCa/RebWp.lean:148,188,2,Paper/S6_7_WeakestPreconditionRules/Lemmas,6.150;6.175
BoCa.Fig16.BoLo.wp_reborrow_nonvacuous,BoCa/RebWp.lean:405,21,2,Paper/S6_7_WeakestPreconditionRules/Lemmas,6.150
BoCa.Fig16.BoLo.wp_reborrow_emp_applies,BoCa/RebWp.lean:427,9,2,Paper/S6_7_WeakestPreconditionRules/Lemmas,6.150
BoCa.Fig16.LogRel.id_compat,BoCa/Fig16LogRel.lean:1178,13,2,Paper/S6_8_FundamentalProperty/Lemmas,6.152
BoCa.Fig16.LogRel.unitI_compat,BoCa/Fig16LogRel.lean:1192,10,2,Paper/S6_8_FundamentalProperty/Lemmas,6.153
BoCa.Fig16.LogRel.unitE_compat,BoCa/Fig16LogRel.lean:1203,20,2,Paper/S6_8_FundamentalProperty/Lemmas,6.154
BoCa.Fig16.LogRel.tensorI_compat,BoCa/Fig16LogRel.lean:1224,25,2,Paper/S6_8_FundamentalProperty/Lemmas,6.155
BoCa.Fig16.LogRel.tensorE_compat,BoCa/Fig16LogRel.lean:1250,35,2,Paper/S6_8_FundamentalProperty/Lemmas,6.156
BoCa.Fig16.LogRel.sumI₁_compat,BoCa/Fig16LogRel.lean:1286,16,2,Paper/S6_8_FundamentalProperty/Lemmas,6.157
BoCa.Fig16.LogRel.sumE_compat,BoCa/Fig16LogRel.lean:1312,37,2,Paper/S6_8_FundamentalProperty/Lemmas,6.158
BoCa.Fig16.LogRel.lolliI_compat,BoCa/Fig16LogRel.lean:1350,23,2,Paper/S6_8_FundamentalProperty/Lemmas,6.159
BoCa.Fig16.LogRel.lolliE_compat,BoCa/Fig16LogRel.lean:1374,24,2,Paper/S6_8_FundamentalProperty/Lemmas,6.160
BoCa.Fig16.LogRel.boxE_compat,BoCa/Fig16LogRel.lean:1402,15,2,Paper/S6_8_FundamentalProperty/Lemmas,6.164
BoCa.Fig16.LogRel.free_compat,BoCa/Fig16LogRel.lean:1418,15,2,Paper/S6_8_FundamentalProperty/Lemmas,6.166
BoCa.Fig16.LogRel.immSub_compat,BoCa/Fig16LogRel.lean:1434,20,2,Paper/S6_8_FundamentalProperty/Lemmas,6.167
BoCa.Fig16.LogRel.mutSub_compat,BoCa/Fig16LogRel.lean:1455,21,2,Paper/S6_8_FundamentalProperty/Lemmas,6.168
BoCa.Fig16.LogRel.swap_compat,BoCa/Fig16LogRel.lean:1482,79,2,Paper/S6_8_FundamentalProperty/Lemmas,6.169
BoCa.Fig16.LogRel.copy_compat,BoCa/Fig16LogRel.lean:1562,28,2,Paper/S6_8_FundamentalProperty/Lemmas,6.170
BoCa.Fig16.LogRel.forgetImm_compat,BoCa/Fig16LogRel.lean:1591,25,2,Paper/S6_8_FundamentalProperty/Lemmas,6.171
BoCa.Fig16.LogRel.allE_compat,BoCa/Fig16LogRel.lean:2309,23,2,Paper/S6_8_FundamentalProperty/Lemmas,6.162
BoCa.Fig16.LogRel.allI_compat,BoCa/Fig16LogRel.lean:2398,78,2,Paper/S6_8_FundamentalProperty/Lemmas,6.161
BoCa.Fig16.LogRel.alloc_compat,BoCa/Fig16LogRel.lean:2860,29,2,Paper/S6_8_FundamentalProperty/Lemmas,6.165
BoCa.Fig16.LogRel.withswap_compat,BoCa/Fig16LogRel.lean:3053,99,2,Paper/S6_8_FundamentalProperty/Lemmas,6.176
BoCa.Fig16.LogRel.withbor2_compat,BoCa/Fig16LogRel.lean:3363,115,2,Paper/S6_8_FundamentalProperty/Lemmas,6.60;6.173
BoCa.Fig16.LogRel.withbor1_compat,BoCa/Fig16LogRel.lean:3660,109,2,Paper/S6_8_FundamentalProperty/Lemmas,6.172
BoCa.Fig16.LogRel.withbor3_compat,BoCa/Fig16LogRel.lean:3770,127,2,Paper/S6_8_FundamentalProperty/Lemmas,6.174
BoCa.Fig16.LogRel.withload_compat,BoCa/Fig16LogRel.lean:3909,154,2,Paper/S6_8_FundamentalProperty/Lemmas,6.175
BoCa.Fig16.LogRel.boxI_compat,BoCa/Fig16LogRel.lean:5398,25,2,Paper/S6_8_FundamentalProperty/Lemmas,6.163
BoCa.Fig16.LogRel.Typed.fundamentalProperty,BoCa/TypedFundamental.lean:1322,1,2,Paper/S6_8_FundamentalProperty/Lemmas,6.150;6.151
BoCa.Adequacy.emptyMem,BoCa/Adequacy.lean:67,4,2,Support/Adequacy,3.2
BoCa.Adequacy.Theorem32,BoCa/Adequacy.lean:78,13,2,Support/Adequacy,3.2
BoCa.Adequacy.Theorem32Printed,BoCa/Adequacy.lean:92,13,2,Support/Adequacy,3.2
BoCa.Adequacy.Reclaim,BoCa/Adequacy.lean:115,10,2,Support/Adequacy,3.2
BoCa.Adequacy.Corollary33,BoCa/Adequacy.lean:128,11,2,Support/Adequacy,3.3
BoCa.Adequacy.SemUnitPrinted,BoCa/Adequacy.lean:140,11,2,Support/Adequacy,3.3
BoCa.Adequacy.Corollary33Printed,BoCa/Adequacy.lean:152,12,2,Support/Adequacy,3.3
BoCa.Adequacy.reclaim,BoCa/Adequacy.lean:182,33,2,Support/Adequacy,3.2
BoCa.Adequacy.theorem32Printed,BoCa/Adequacy.lean:243,21,2,Support/Adequacy,3.2
BoCa.Adequacy.psub_nil,BoCa/Adequacy.lean:265,13,2,Support/Adequacy,3.3
BoCa.Adequacy.models_empty,BoCa/Adequacy.lean:279,6,2,Support/Adequacy,3.3
BoCa.Adequacy.gDen_empty,BoCa/Adequacy.lean:286,6,2,Support/Adequacy,3.3
BoCa.Adequacy.vDen_unit_eq,BoCa/Adequacy.lean:293,5,2,Support/Adequacy,
BoCa.Adequacy.corollary33Printed,BoCa/Adequacy.lean:315,11,2,Support/Adequacy,3.3
BoCa.Mem,BoCa/Syntax.lean:272,4,1,Support/Dynamics/Interpreter,3.10
BoCa.Mem.empty,BoCa/Syntax.lean:277,1,1,Support/Dynamics/Interpreter,
BoCa.Mem.get?,BoCa/Syntax.lean:279,2,1,Support/Dynamics/Interpreter,
BoCa.Mem.alloc,BoCa/Syntax.lean:282,2,1,Support/Dynamics/Interpreter,
BoCa.Mem.free,BoCa/Syntax.lean:285,2,1,Support/Dynamics/Interpreter,
BoCa.Mem.set,BoCa/Syntax.lean:288,2,1,Support/Dynamics/Interpreter,
BoCa.Mem.leaked,BoCa/Syntax.lean:291,2,1,Support/Dynamics/Interpreter,
BoCa.Stuck,BoCa/Syntax.lean:296,4,1,Support/Dynamics/Interpreter,
BoCa.Step,BoCa/Syntax.lean:310,4,1,Support/Dynamics/Interpreter,
BoCa.delta,BoCa/Syntax.lean:315,24,1,Support/Dynamics/Interpreter,3.37
BoCa.step,BoCa/Syntax.lean:340,89,1,Support/Dynamics/Interpreter,3.37
BoCa.Outcome,BoCa/Syntax.lean:430,6,1,Support/Dynamics/Interpreter,
BoCa.run,BoCa/Syntax.lean:437,7,1,Support/Dynamics/Interpreter,3.37
BoCa.eval,BoCa/Syntax.lean:445,1,1,Support/Dynamics/Interpreter,3.37
BoCa.TR3.Kont.comp,BoCa/TR3.lean:207,9,1,Support/Dynamics/Machine,3.34
BoCa.TR3.Kont.plug_comp,BoCa/TR3.lean:219,9,2,Support/Dynamics/Machine,
BoCa.TR3.Steps,BoCa/TR3.lean:296,5,1,Support/Dynamics/Machine,3.2;3.35
BoCa.TR3.Step1.head,BoCa/TR3.lean:302,2,2,Support/Dynamics/Machine,
BoCa.TR3.Steps.one,BoCa/TR3.lean:305,2,2,Support/Dynamics/Machine,
BoCa.TR3.Steps.trans,BoCa/TR3.lean:308,5,2,Support/Dynamics/Machine,
BoCa.TR3.Step1.plug,BoCa/TR3.lean:314,5,2,Support/Dynamics/Machine,
BoCa.TR3.Steps.plug,BoCa/TR3.lean:320,7,2,Support/Dynamics/Machine,
BoCa.TR3.Steps.stuck,BoCa/TR3.lean:339,6,2,Support/Dynamics/Machine,
BoCa.TR3.no_step_inj₁,BoCa/TR3.lean:394,13,2,Support/Dynamics/Machine,
BoCa.TR3.step_seq_inv,BoCa/TR3.lean:523,18,2,Support/Dynamics/Machine,
BoCa.TR3.no_step_seq,BoCa/TR3.lean:542,4,2,Support/Dynamics/Machine,
BoCa.TR3.steps_seq_ne_val,BoCa/TR3.lean:570,6,2,Support/Dynamics/Machine,
BoCa.TR3.steps_alloc,BoCa/TR3.lean:593,5,2,Support/Dynamics/Machine,
BoCa.TR3.steps_store,BoCa/TR3.lean:599,6,2,Support/Dynamics/Machine,
BoCa.TR3.wAlloc,BoCa/TR3.lean:648,2,2,Support/Dynamics/Machine,
BoCa.TR3.wFreeAlloc,BoCa/TR3.lean:651,2,2,Support/Dynamics/Machine,
BoCa.TR3.wInj,BoCa/TR3.lean:654,3,2,Support/Dynamics/Machine,
BoCa.TR3.wSeq,BoCa/TR3.lean:658,2,2,Support/Dynamics/Machine,3.3
BoCa.TR3.derives_wAlloc,BoCa/TR3.lean:661,4,2,Support/Dynamics/Machine,
BoCa.TR3.derives_wFreeAlloc,BoCa/TR3.lean:666,4,2,Support/Dynamics/Machine,
BoCa.TR3.derives_wInj,BoCa/TR3.lean:671,5,2,Support/Dynamics/Machine,6.157
BoCa.TR3.derives_wSeq,BoCa/TR3.lean:677,6,2,Support/Dynamics/Machine,6.154
BoCa.TR3.Kont.toWp,BoCa/TR3.lean:774,9,2,Support/Dynamics/Machine,
BoCa.TR3.Kont.plug_toWp,BoCa/TR3.lean:784,9,2,Support/Dynamics/Machine,
BoCa.TR3.Head.toWp,BoCa/TR3.lean:794,14,2,Support/Dynamics/Machine,
BoCa.TR3.Step1.toWp,BoCa/TR3.lean:809,5,2,Support/Dynamics/Machine,
BoCa.TR3.Steps.toWp,BoCa/TR3.lean:815,9,2,Support/Dynamics/Machine,
BoCa.TR3.WRes,BoCa/TR3.lean:848,2,2,Support/Dynamics/Machine,
BoCa.TR3.WProp,BoCa/TR3.lean:851,2,2,Support/Dynamics/Machine,
BoCa.TR3.wp,BoCa/TR3.lean:854,22,2,Support/Dynamics/Machine,
BoCa.TR3.wp_le_fig16,BoCa/TR3.lean:877,20,2,Support/Dynamics/Machine,3.2
BoCa.TR3.wp_val,BoCa/TR3.lean:900,13,2,Support/Dynamics/Machine,6.136
BoCa.TR3.wp_head,BoCa/TR3.lean:914,11,2,Support/Dynamics/Machine,
BoCa.TR3.wp_1,BoCa/TR3.lean:926,7,2,Support/Dynamics/Machine,6.137
BoCa.TR3.wp_tensor,BoCa/TR3.lean:934,7,2,Support/Dynamics/Machine,6.138
BoCa.TR3.wp_sum₁,BoCa/TR3.lean:942,6,2,Support/Dynamics/Machine,6.139
BoCa.TR3.wp_sum₂,BoCa/TR3.lean:949,4,2,Support/Dynamics/Machine,6.139
BoCa.TR3.wp_lolli,BoCa/TR3.lean:954,5,2,Support/Dynamics/Machine,6.140
BoCa.TR3.wp_alloc,BoCa/TR3.lean:969,25,2,Support/Dynamics/Machine,6.141
BoCa.TR3.wp_free,BoCa/TR3.lean:995,27,2,Support/Dynamics/Machine,6.142
BoCa.TR3.wp_load,BoCa/TR3.lean:1023,22,2,Support/Dynamics/Machine,6.143
BoCa.TR3.wp_load_I,BoCa/TR3.lean:1046,33,2,Support/Dynamics/Machine,6.144
BoCa.TR3.wp_store,BoCa/TR3.lean:1080,38,2,Support/Dynamics/Machine,6.145
BoCa.TR3.wp_box,BoCa/TR3.lean:1124,9,2,Support/Dynamics/Machine,6.147
BoCa.TR3.wp_frame_noOwn,BoCa/TR3.lean:1134,31,2,Support/Dynamics/Machine,
BoCa.TR3.wp_M_forget,BoCa/TR3.lean:1166,7,2,Support/Dynamics/Machine,6.148
BoCa.TR3.wp_I_forget,BoCa/TR3.lean:1174,7,2,Support/Dynamics/Machine,6.149
BoCa.TR3.wandAll,BoCa/TR3.lean:1190,5,2,Support/Dynamics/Machine,
BoCa.TR3.wp_ramify,BoCa/TR3.lean:1196,30,2,Support/Dynamics/Machine,6.146
BoCa.TR3.wp_bind,BoCa/TR3.lean:1227,38,2,Support/Dynamics/Machine,6.135
BoCa.BoLo.Kont.comp,BoCa/Wp.lean:238,12,1,Support/Dynamics/Machine,3.34
BoCa.BoLo.Kont.plug_comp,BoCa/Wp.lean:253,12,2,Support/Dynamics/Machine,
BoCa.BoLo.Steps,BoCa/Wp.lean:305,5,1,Support/Dynamics/Machine,3.35
BoCa.BoLo.Step1.head,BoCa/Wp.lean:311,2,2,Support/Dynamics/Machine,
BoCa.BoLo.Steps.one,BoCa/Wp.lean:314,2,2,Support/Dynamics/Machine,
BoCa.BoLo.Steps.trans,BoCa/Wp.lean:317,5,2,Support/Dynamics/Machine,
BoCa.BoLo.Step1.plug,BoCa/Wp.lean:323,5,2,Support/Dynamics/Machine,
BoCa.BoLo.Kont.isVal_of_plug,BoCa/Wp.lean:329,16,2,Support/Dynamics/Machine,
BoCa.BoLo.Head.not_isVal,BoCa/Wp.lean:346,4,2,Support/Dynamics/Machine,
BoCa.BoLo.no_step_val,BoCa/Wp.lean:351,5,2,Support/Dynamics/Machine,
BoCa.BoLo.Steps.plug,BoCa/Wp.lean:357,7,2,Support/Dynamics/Machine,
BoCa.BoLo.steps_val_inv,BoCa/Wp.lean:614,7,2,Support/Dynamics/Machine,
BoCa.BoLo.eLoad,BoCa/Wp.lean:1315,2,2,Support/Dynamics/Machine,
BoCa.BoLo.eStore,BoCa/Wp.lean:1317,3,2,Support/Dynamics/Machine,
BoCa.Lifetime.LSub.extend,BoCa/Life.lean:238,1,1,Support/Lifetimes/Interpretation,
BoCa.Lifetime.Life.mentions,BoCa/Ty.lean:49,6,1,Support/Lifetimes/Substitution,1.43
BoCa.Lifetime.Life.varBound,BoCa/Ty.lean:56,7,1,Support/Lifetimes/Substitution,1.43
BoCa.Lifetime.LSubst,BoCa/Ty.lean:64,2,1,Support/Lifetimes/Substitution,1.43
BoCa.Lifetime.Life.applySub,BoCa/Ty.lean:67,7,1,Support/Lifetimes/Substitution,1.43
BoCa.Ty.lifeBound,BoCa/Ty.lean:219,13,1,Support/Lifetimes/Substitution,1.43
BoCa.lsubCaptures,BoCa/Ty.lean:239,4,1,Support/Lifetimes/Substitution,
BoCa.lsubDrop,BoCa/Ty.lean:244,3,1,Support/Lifetimes/Substitution,
BoCa.lsubRangeBound,BoCa/Ty.lean:248,3,1,Support/Lifetimes/Substitution,
BoCa.Ty.applyLSub,BoCa/Ty.lean:252,19,1,Support/Lifetimes/Substitution,1.43
BoCa.Ty.instLife,BoCa/Ty.lean:272,2,1,Support/Lifetimes/Substitution,1.43;6.162
BoCa.Ty.wfB,BoCa/Ty.lean:283,22,2,Support/Lifetimes/Substitution,
BoCa.Ty.bindsB,BoCa/Ty.lean:306,17,2,Support/Lifetimes/Substitution,
BoCa.Ty.scopedB,BoCa/Ty.lean:383,19,2,Support/Lifetimes/Substitution,
BoCa.Ty.scopedB_of_wfB,BoCa/Ty.lean:403,30,2,Support/Lifetimes/Substitution,
BoCa.Ty.scopedB_insert,BoCa/Ty.lean:434,46,2,Support/Lifetimes/Substitution,
BoCa.Ty.scopedB_extend,BoCa/Ty.lean:481,5,2,Support/Lifetimes/Substitution,
BoCa.Lifetime.Life.mentions_false_of_wf,BoCa/Ty.lean:489,22,2,Support/Lifetimes/Substitution,
BoCa.Lifetime.LifeCtx.Ok.bound_mentions_false,BoCa/Ty.lean:512,6,2,Support/Lifetimes/Substitution,
BoCa.Lifetime.Life.depth,BoCa/Life.lean:62,6,1,Support/Lifetimes/Terms,1.43
BoCa.Lifetime.varName,BoCa/Life.lean:69,2,1,Support/Lifetimes/Terms,1.43
BoCa.Lifetime.Life.pp,BoCa/Life.lean:72,5,1,Support/Lifetimes/Terms,1.43
BoCa.Lifetime.SLife.top,BoCa/Life.lean:122,2,1,Support/Lifetimes/Terms,
BoCa.Lifetime.SLife.join,BoCa/Life.lean:125,2,1,Support/Lifetimes/Terms,
BoCa.Lifetime.SLife.meet,BoCa/Life.lean:128,2,1,Support/Lifetimes/Terms,
BoCa.Lifetime.SLife.Lt,BoCa/Life.lean:131,3,1,Support/Lifetimes/Terms,
BoCa.Lifetime.SLife.Le,BoCa/Life.lean:135,3,1,Support/Lifetimes/Terms,
BoCa.Lifetime.assocFind,BoCa/Life.lean:225,4,1,Support/Lifetimes/Terms,1.43
BoCa.Lifetime.LSub.empty,BoCa/Life.lean:240,1,2,Support/Lifetimes/Terms,
BoCa.Lifetime.LSub.find?_extend,BoCa/Life.lean:242,3,2,Support/Lifetimes/Terms,
BoCa.Lifetime.Life.interp_join_some,BoCa/Life.lean:280,4,2,Support/Lifetimes/Terms,
BoCa.Lifetime.Life.interp_meet_some,BoCa/Life.lean:285,4,2,Support/Lifetimes/Terms,
BoCa.Lifetime.LifeCtx.find?,BoCa/Life.lean:303,1,1,Support/Lifetimes/Terms,
BoCa.Lifetime.LifeCtx.extend,BoCa/Life.lean:305,2,1,Support/Lifetimes/Terms,
BoCa.Lifetime.LifeCtx.empty,BoCa/Life.lean:308,1,2,Support/Lifetimes/Terms,
BoCa.Lifetime.LifeCtx.dom,BoCa/Life.lean:310,1,1,Support/Lifetimes/Terms,1.43
BoCa.Lifetime.LifeCtx.pp,BoCa/Life.lean:312,3,1,Support/Lifetimes/Terms,1.43
BoCa.Lifetime.LifeCtx.find?_extend,BoCa/Life.lean:316,3,2,Support/Lifetimes/Terms,
BoCa.Lifetime.Life.wf,BoCa/Life.lean:322,14,1,Support/Lifetimes/Terms,
BoCa.Lifetime.Life.interp_defined_of_wf,BoCa/Life.lean:361,25,2,Support/Lifetimes/Terms,
BoCa.Lifetime.okB,BoCa/Life.lean:401,4,1,Support/Lifetimes/Terms,
BoCa.Lifetime.LifeCtx.Ok,BoCa/Life.lean:406,3,2,Support/Lifetimes/Terms,6.151
BoCa.Lifetime.instDecidableOk,BoCa/Life.lean:410,1,2,Support/Lifetimes/Terms,
BoCa.Lifetime.LifeCtx.Ok.extend,BoCa/Life.lean:412,13,2,Support/Lifetimes/Terms,6.151
BoCa.Lifetime.Life.wf_mono,BoCa/Life.lean:426,15,2,Support/Lifetimes/Terms,
BoCa.Lifetime.assocFind_none_insert,BoCa/Life.lean:442,14,2,Support/Lifetimes/Terms,
BoCa.Lifetime.assocFind_isSome_insert,BoCa/Life.lean:457,19,2,Support/Lifetimes/Terms,
BoCa.Lifetime.Life.wf_insert,BoCa/Life.lean:477,14,2,Support/Lifetimes/Terms,
BoCa.Lifetime.okB_bound_wf,BoCa/Life.lean:492,18,2,Support/Lifetimes/Terms,
BoCa.Lifetime.Life.interp_extend,BoCa/Life.lean:511,22,2,Support/Lifetimes/Terms,
BoCa.Lifetime.canonList,BoCa/Life.lean:534,7,2,Support/Lifetimes/Terms,
BoCa.Lifetime.LifeCtx.canonical,BoCa/Life.lean:542,1,2,Support/Lifetimes/Terms,
BoCa.Lifetime.canonList_dom,BoCa/Life.lean:544,10,2,Support/Lifetimes/Terms,
BoCa.Lifetime.Life.wf_canon,BoCa/Life.lean:555,23,2,Support/Lifetimes/Terms,
BoCa.Lifetime.canonList_models,BoCa/Life.lean:579,30,2,Support/Lifetimes/Terms,
BoCa.Lifetime.LifeCtx.sat_of_ok,BoCa/Life.lean:610,4,2,Support/Lifetimes/Terms,6.151
BoCa.Lifetime.freshOfL,BoCa/Life.lean:898,4,1,Support/Lifetimes/Terms,
BoCa.Lifetime.meetOfDomL_wf,BoCa/Life.lean:929,10,2,Support/Lifetimes/Terms,6.172
BoCa.DefectB.restrict_empty,BoCa/DefectB.lean:52,3,2,Support/LiteralSupport,
BoCa.DefectB.agW_empty,BoCa/DefectB.lean:162,9,2,Support/LiteralSupport,
BoCa.Fig16.LogRel.atLife_eq,BoCa/Fig16LogRel.lean:125,5,2,Support/LogicalRelation,
BoCa.Fig16.LogRel.pure_sep_iff,BoCa/Fig16LogRel.lean:225,9,2,Support/LogicalRelation,6.134
BoCa.Fig16.LogRel.pure_sep_mk,BoCa/Fig16LogRel.lean:235,2,2,Support/LogicalRelation,
BoCa.Fig16.LogRel.vDen_immReborrow_unit,BoCa/Fig16LogRel.lean:268,2,2,Support/LogicalRelation,
BoCa.Fig16.LogRel.vDen_immReborrow_sum,BoCa/Fig16LogRel.lean:271,5,2,Support/LogicalRelation,
BoCa.Fig16.LogRel.vDen_immReborrow_tensor,BoCa/Fig16LogRel.lean:277,6,2,Support/LogicalRelation,
BoCa.Fig16.LogRel.vDen_immReborrow_lolli,BoCa/Fig16LogRel.lean:284,3,2,Support/LogicalRelation,
BoCa.Fig16.LogRel.vDen_immReborrow_ref,BoCa/Fig16LogRel.lean:288,4,2,Support/LogicalRelation,
BoCa.Fig16.LogRel.vDen_immReborrow_imm,BoCa/Fig16LogRel.lean:293,4,2,Support/LogicalRelation,
BoCa.Fig16.LogRel.vDen_immReborrow_box,BoCa/Fig16LogRel.lean:298,4,2,Support/LogicalRelation,
BoCa.Fig16.LogRel.vDen_immReborrow_all,BoCa/Fig16LogRel.lean:303,3,2,Support/LogicalRelation,
BoCa.Fig16.LogRel.vDen_immReborrow_mut,BoCa/Fig16LogRel.lean:307,7,2,Support/LogicalRelation,
BoCa.Fig16.LogRel.vDen_immReborrow_unk,BoCa/Fig16LogRel.lean:315,2,2,Support/LogicalRelation,
BoCa.Fig16.LogRel.vDen_immReborrow_ref_at,BoCa/Fig16LogRel.lean:318,6,2,Support/LogicalRelation,
BoCa.Fig16.LogRel.vDen_immReborrow_mut_at,BoCa/Fig16LogRel.lean:325,6,2,Support/LogicalRelation,
BoCa.Fig16.LogRel.vDen_immReborrow_imm_at,BoCa/Fig16LogRel.lean:332,7,2,Support/LogicalRelation,
BoCa.Fig16.LogRel.reborrow_vDen,BoCa/Fig16LogRel.lean:425,119,2,Support/LogicalRelation,6.131
BoCa.Fig16.LogRel.supported_unit,BoCa/Fig16LogRel.lean:627,3,2,Support/LogicalRelation,
BoCa.Fig16.LogRel.NoImmFormer,BoCa/Fig16LogRel.lean:814,10,2,Support/LogicalRelation,
BoCa.Fig16.LogRel.exists_supported_of_noImmFormer,BoCa/Fig16LogRel.lean:825,58,2,Support/LogicalRelation,6.60
BoCa.Fig16.LogRel.gDen_iff,BoCa/Fig16LogRel.lean:997,2,2,Support/LogicalRelation,
BoCa.Fig16.LogRel.gDen_mk,BoCa/Fig16LogRel.lean:1000,3,2,Support/LogicalRelation,3.3
BoCa.Fig16.LogRel.gSep_dead,BoCa/Fig16LogRel.lean:1004,11,2,Support/LogicalRelation,
BoCa.Fig16.LogRel.gSep_solo,BoCa/Fig16LogRel.lean:1016,23,2,Support/LogicalRelation,
BoCa.Fig16.LogRel.gSep_split,BoCa/Fig16LogRel.lean:1040,35,2,Support/LogicalRelation,
BoCa.Fig16.LogRel.gDen_split,BoCa/Fig16LogRel.lean:1092,9,2,Support/LogicalRelation,
BoCa.Fig16.LogRel.wp_mono,BoCa/Fig16LogRel.lean:1115,9,2,Support/LogicalRelation,
BoCa.Fig16.LogRel.wp_bind_frame,BoCa/Fig16LogRel.lean:1125,12,2,Support/LogicalRelation,
BoCa.Fig16.LogRel.wp_bind_mono,BoCa/Fig16LogRel.lean:1138,7,2,Support/LogicalRelation,
BoCa.Fig16.LogRel.wp_pair,BoCa/Fig16LogRel.lean:1154,6,2,Support/LogicalRelation,
BoCa.Fig16.LogRel.wp_inj₁,BoCa/Fig16LogRel.lean:1161,6,2,Support/LogicalRelation,
BoCa.Fig16.LogRel.wp_inj₂,BoCa/Fig16LogRel.lean:1168,6,2,Support/LogicalRelation,
BoCa.Fig16.LogRel.sumI₂_compat,BoCa/Fig16LogRel.lean:1303,8,2,Support/LogicalRelation,
BoCa.Fig16.LogRel.forgetMut_compat,BoCa/Fig16LogRel.lean:1617,25,2,Support/LogicalRelation,6.171
BoCa.Fig16.LogRel.forgetUnk_compat,BoCa/Fig16LogRel.lean:1643,18,2,Support/LogicalRelation,
BoCa.Fig16.LogRel.vDen_mut_congr,BoCa/Fig16LogRel.lean:1676,10,2,Support/LogicalRelation,6.162
BoCa.Fig16.LogRel.not_lfree_of_scopedB,BoCa/Fig16LogRel.lean:1829,57,2,Support/LogicalRelation,
BoCa.Fig16.LogRel.find?_extend_life,BoCa/Fig16LogRel.lean:1894,3,2,Support/LogicalRelation,
BoCa.Fig16.LogRel.find?_extend_self,BoCa/Fig16LogRel.lean:1898,3,2,Support/LogicalRelation,
BoCa.Fig16.LogRel.find?_extend_ne,BoCa/Fig16LogRel.lean:1902,3,2,Support/LogicalRelation,
BoCa.Fig16.LogRel.lt_varBound,BoCa/Fig16LogRel.lean:1908,22,2,Support/LogicalRelation,
BoCa.Fig16.LogRel.not_mentions_of_varBound_le,BoCa/Fig16LogRel.lean:1931,5,2,Support/LogicalRelation,
BoCa.Fig16.LogRel.lt_lifeBound,BoCa/Fig16LogRel.lean:1937,38,2,Support/LogicalRelation,
BoCa.Fig16.LogRel.assocFind_lsubDrop_self,BoCa/Fig16LogRel.lean:1981,17,2,Support/LogicalRelation,
BoCa.Fig16.LogRel.assocFind_lsubDrop_ne,BoCa/Fig16LogRel.lean:1999,20,2,Support/LogicalRelation,
BoCa.Fig16.LogRel.not_mentions_of_lsubCaptures,BoCa/Fig16LogRel.lean:2020,18,2,Support/LogicalRelation,
BoCa.Fig16.LogRel.varBound_le_lsubRangeBound,BoCa/Fig16LogRel.lean:2039,20,2,Support/LogicalRelation,
BoCa.Fig16.LogRel.applySub_var_some,BoCa/Fig16LogRel.lean:2060,3,2,Support/LogicalRelation,
BoCa.Fig16.LogRel.applySub_var_none,BoCa/Fig16LogRel.lean:2064,3,2,Support/LogicalRelation,
BoCa.Fig16.LogRel.interp_congr,BoCa/Fig16LogRel.lean:2070,18,2,Support/LogicalRelation,
BoCa.Fig16.LogRel.interp_extend_of_not_mentions,BoCa/Fig16LogRel.lean:2089,8,2,Support/LogicalRelation,
BoCa.Fig16.LogRel.interp_applySub,BoCa/Fig16LogRel.lean:2098,20,2,Support/LogicalRelation,
BoCa.Fig16.LogRel.atLife_congr,BoCa/Fig16LogRel.lean:2119,8,2,Support/LogicalRelation,
BoCa.Fig16.LogRel.ltLife_congr,BoCa/Fig16LogRel.lean:2128,4,2,Support/LogicalRelation,
BoCa.Fig16.LogRel.applyLSub_all_captures,BoCa/Fig16LogRel.lean:2135,9,2,Support/LogicalRelation,
BoCa.Fig16.LogRel.applyLSub_all_not_captures,BoCa/Fig16LogRel.lean:2145,5,2,Support/LogicalRelation,
BoCa.Fig16.LogRel.vDen_applyLSub,BoCa/Fig16LogRel.lean:2153,136,2,Support/LogicalRelation,
BoCa.Fig16.LogRel.vDen_instLife,BoCa/Fig16LogRel.lean:2290,18,2,Support/LogicalRelation,6.162
BoCa.Fig16.LogRel.vDen_congr,BoCa/Fig16LogRel.lean:2353,14,2,Support/LogicalRelation,6.132
BoCa.Fig16.LogRel.vDen_extend_of_not_free,BoCa/Fig16LogRel.lean:2368,9,2,Support/LogicalRelation,6.132
BoCa.Fig16.LogRel.gSep_congr,BoCa/Fig16LogRel.lean:2378,19,2,Support/LogicalRelation,
BoCa.Fig16.LogRel.meetOfCod,BoCa/Fig16LogRel.lean:2511,10,2,Support/LogicalRelation,6.132
BoCa.Fig16.LogRel.valid_empty,BoCa/Fig16LogRel.lean:2667,6,2,Support/LogicalRelation,3.2
BoCa.Fig16.LogRel.hash_empty,BoCa/Fig16LogRel.lean:2674,4,2,Support/LogicalRelation,
BoCa.Fig16.LogRel.tr3_eDen_freeAlloc,BoCa/Fig16LogRel.lean:2679,17,2,Support/LogicalRelation,
BoCa.Fig16.LogRel.tensorI_step_on_TR3,BoCa/Fig16LogRel.lean:2732,13,2,Support/LogicalRelation,6.155
BoCa.Fig16.LogRel.copy_step_on_TR3,BoCa/Fig16LogRel.lean:2760,11,2,Support/LogicalRelation,6.170
BoCa.Fig16.LogRel.FundamentalProperty,BoCa/Fig16LogRel.lean:2820,21,2,Support/LogicalRelation,6.151
BoCa.Fig16.LogRel.FundamentalPropertyOverRules,BoCa/Fig16LogRel.lean:2842,17,2,Support/LogicalRelation,6.151
BoCa.Fig16.LogRel.withload_hesc_unit,BoCa/Fig16LogRel.lean:4064,14,2,Support/LogicalRelation,6.175
BoCa.Fig16.LogRel.ImmBound,BoCa/Fig16LogRel.lean:4087,7,2,Support/LogicalRelation,
BoCa.Fig16.LogRel.immBound_of_members,BoCa/Fig16LogRel.lean:4095,22,2,Support/LogicalRelation,6.60
BoCa.Fig16.LogRel.LifeMembers,BoCa/Fig16LogRel.lean:4164,3,2,Support/LogicalRelation,
BoCa.Fig16.LogRel.immBound_of_lifeMembers,BoCa/Fig16LogRel.lean:4168,6,2,Support/LogicalRelation,
BoCa.Fig16.LogRel.lifeMembers_empty,BoCa/Fig16LogRel.lean:4175,2,2,Support/LogicalRelation,
BoCa.Fig16.LogRel.lifeMembers_compS,BoCa/Fig16LogRel.lean:4182,17,2,Support/LogicalRelation,
BoCa.Fig16.LogRel.lifeMembers_reb,BoCa/Fig16LogRel.lean:4200,20,2,Support/LogicalRelation,
BoCa.Fig16.LogRel.imm_case_flat,BoCa/Fig16LogRel.lean:4230,8,2,Support/LogicalRelation,6.60
BoCa.Fig16.LogRel.lifeMembers_compS_left,BoCa/Fig16LogRel.lean:4258,15,2,Support/LogicalRelation,
BoCa.Fig16.LogRel.CtxLicence,BoCa/Fig16LogRel.lean:4293,4,2,Support/LogicalRelation,
BoCa.Fig16.LogRel.ctxLicence_sqsupset,BoCa/Fig16LogRel.lean:4298,9,2,Support/LogicalRelation,
BoCa.Fig16.LogRel.ImmAt,BoCa/Fig16LogRel.lean:4427,10,2,Support/LogicalRelation,
BoCa.Fig16.LogRel.gSep_outlives,BoCa/Fig16LogRel.lean:4505,29,2,Support/LogicalRelation,6.62
BoCa.Fig16.LogRel.tyLifeMeet,BoCa/Fig16LogRel.lean:4577,22,2,Support/LogicalRelation,
BoCa.Fig16.LogRel.TyLife,BoCa/Fig16LogRel.lean:4800,8,2,Support/LogicalRelation,
BoCa.Fig16.LogRel.TyLife.combine,BoCa/Fig16LogRel.lean:4809,10,2,Support/LogicalRelation,
BoCa.Fig16.LogRel.tyLife,BoCa/Fig16LogRel.lean:4820,22,2,Support/LogicalRelation,
BoCa.Fig16.LogRel.TyAt,BoCa/Fig16LogRel.lean:5009,15,2,Support/LogicalRelation,
BoCa.Fig16.LogRel.gSepB,BoCa/Fig16LogRel.lean:5167,10,2,Support/LogicalRelation,
BoCa.Fig16.LogRel.gDenB,BoCa/Fig16LogRel.lean:5327,3,2,Support/LogicalRelation,6.151
BoCa.Fig16.LogRel.SemArising,BoCa/Fig16LogRel.lean:5432,8,2,Support/LogicalRelation,6.151
BoCa.Fig16.LogRel.sem_of_semArising,BoCa/Fig16LogRel.lean:5441,6,2,Support/LogicalRelation,6.151
BoCa.Fig16.LogRel.AllISide,BoCa/Fig16LogRel.lean:6154,12,2,Support/LogicalRelation,6.151
BoCa.Fig16.LogRel.Withbor1Side,BoCa/Fig16LogRel.lean:6167,10,2,Support/LogicalRelation,6.151
BoCa.Fig16.LogRel.Withbor2Side,BoCa/Fig16LogRel.lean:6178,9,2,Support/LogicalRelation,6.151
BoCa.Fig16.LogRel.Withbor3Side,BoCa/Fig16LogRel.lean:6188,8,2,Support/LogicalRelation,6.151
BoCa.Fig16.LogRel.WithloadSide,BoCa/Fig16LogRel.lean:6197,17,2,Support/LogicalRelation,6.151
BoCa.Fig16.LogRel.DerivesIn,BoCa/Fig16LogRel.lean:6215,75,2,Support/LogicalRelation,6.151
BoCa.Fig16.LogRel.Arises,BoCa/Fig16LogRel.lean:6454,21,2,Support/LogicalRelation,6.151
BoCa.Fig16.LogRel.lifeMembers_of_arises,BoCa/Fig16LogRel.lean:6481,11,2,Support/LogicalRelation,6.151
BoCa.Fig16.LogRel.withbor1Side_unit,BoCa/Fig16LogRel.lean:6507,4,2,Support/LogicalRelation,6.172
BoCa.Fig16.LogRel.withbor2Side_unit,BoCa/Fig16LogRel.lean:6512,4,2,Support/LogicalRelation,6.173
BoCa.Fig16.LogRel.withbor3Side_unit,BoCa/Fig16LogRel.lean:6517,4,2,Support/LogicalRelation,6.174
BoCa.Fig16.LogRel.withloadSide_unit,BoCa/Fig16LogRel.lean:6522,5,2,Support/LogicalRelation,6.175
BoCa.Fig16.LogRel.allISide_of_scopedB,BoCa/Fig16LogRel.lean:6543,8,2,Support/LogicalRelation,
BoCa.Fig16.LogRel.withbor1Side_of_scopedB,BoCa/Fig16LogRel.lean:6558,6,2,Support/LogicalRelation,
BoCa.Fig16.LogRel.withbor2Side_of_scopedB,BoCa/Fig16LogRel.lean:6571,6,2,Support/LogicalRelation,
BoCa.Fig16.LogRel.withbor3Side_of_scopedB,BoCa/Fig16LogRel.lean:6584,6,2,Support/LogicalRelation,
BoCa.Fig16.LogRel.withloadSide_of_scopedB,BoCa/Fig16LogRel.lean:6597,9,2,Support/LogicalRelation,
BoCa.Fig16.LogRel.withloadSide_of_wfB,BoCa/Fig16LogRel.lean:6607,7,2,Support/LogicalRelation,6.175
BoCa.Fig16.LogRel.fundamental_of_open,BoCa/Fig16LogRel.lean:6626,138,2,Support/LogicalRelation,6.151
BoCa.Fig16.LogRel.fundamental_in,BoCa/Fig16LogRel.lean:6765,17,2,Support/LogicalRelation,6.151
BoCa.Fig16.LogRel.EveryDerivationInRegime,BoCa/Fig16LogRel.lean:6783,21,2,Support/LogicalRelation,6.151
BoCa.Fig16.LogRel.stripBox,BoCa/Fig16LogRel.lean:6823,4,2,Support/LogicalRelation,
BoCa.Fig16.LogRel.aux,BoCa/Fig16LogRel.lean:6828,36,2,Support/LogicalRelation,
BoCa.Fig16.LogRel.witness,BoCa/Fig16LogRel.lean:6865,4,2,Support/LogicalRelation,
BoCa.Fig16.LogRel.fundamentalProperty_of,BoCa/Fig16LogRel.lean:6877,8,2,Support/LogicalRelation,6.151
BoCa.Fig16.LogRel.WithloadEscrow,BoCa/Fig16LogRel.lean:6921,10,2,Support/LogicalRelation,6.151
BoCa.Fig16.LogRel.fundamental,BoCa/Fig16LogRel.lean:6932,93,2,Support/LogicalRelation,6.151
BoCa.Fig16.LogRel.fundamentalProperty,BoCa/Fig16LogRel.lean:7028,11,2,Support/LogicalRelation,6.151
BoCa.Fig16.LogRel.EveryDerivationWf,BoCa/Fig16LogRel.lean:7042,13,2,Support/LogicalRelation,
BoCa.Fig16.LogRel.auxWf,BoCa/Fig16LogRel.lean:7056,40,2,Support/LogicalRelation,
BoCa.Fig16.LogRel.Sem,BoCa/Fig16LogRel.lean:972,4,1,Support/LogicalRelation/ClosedJudgment,4.18;6.151
BoCa.Fig16.LogRel.MutImmGap.empty_inStratum,BoCa/Fig16LogRel.lean:655,3,1,Support/LogicalRelation/ClosingSubstitutions,
BoCa.Fig16.LogRel.substAll,BoCa/Fig16LogRel.lean:961,4,1,Support/LogicalRelation/ClosingSubstitutions,
BoCa.Fig16.LogRel.LFree,BoCa/Fig16LogRel.lean:1753,15,1,Support/LogicalRelation/ClosingSubstitutions,6.132
BoCa.Fig16.Life.sqsupset_iff,BoCa/Fig16.lean:223,1,2,Support/Model,
BoCa.Fig16.Life.top_sqsubseteq,BoCa/Fig16.lean:224,1,2,Support/Model,
BoCa.Fig16.Life.down_sqsubset,BoCa/Fig16.lean:225,1,2,Support/Model,
BoCa.Fig16.Life.meet_comm,BoCa/Fig16.lean:230,1,2,Support/Model,
BoCa.Fig16.Life.meet_self,BoCa/Fig16.lean:231,1,2,Support/Model,
BoCa.Fig16.LSet.meet_mono_of_subset,BoCa/Fig16.lean:274,5,2,Support/Model,
BoCa.Fig16.LSet.ext,BoCa/Fig16.lean:280,10,2,Support/Model,
BoCa.Fig16.LSet.union_comm,BoCa/Fig16.lean:322,2,2,Support/Model,
BoCa.Fig16.LSet.union_self,BoCa/Fig16.lean:325,2,2,Support/Model,6.56
BoCa.Fig16.LSet.union_assoc,BoCa/Fig16.lean:328,12,2,Support/Model,
BoCa.Fig16.LSet.exists_greatest,BoCa/Fig16.lean:359,10,2,Support/Model,
BoCa.Fig16.LSet.exists_least,BoCa/Fig16.lean:370,10,2,Support/Model,
BoCa.Fig16.LSet.nonempty,BoCa/Fig16.lean:401,2,2,Support/Model,
BoCa.Fig16.PMap.Infinite,BoCa/Fig16.lean:483,2,2,Support/Model,
BoCa.Fig16.PMap.exists_fresh,BoCa/Fig16.lean:486,12,2,Support/Model,6.141
BoCa.Fig16.MutU.pred,BoCa/Fig16.lean:1050,5,2,Support/Model,
BoCa.Fig16.ResS.toS_toStratum,BoCa/Fig16.lean:1056,2,2,Support/Model,
BoCa.Fig16.CellU.ownOf_ne_immOf,BoCa/Fig16.lean:1097,3,2,Support/Model,
BoCa.Fig16.CellU.ownOf_ne_mutOf,BoCa/Fig16.lean:1101,4,2,Support/Model,
BoCa.Fig16.CellU.immOf_ne_mutOf,BoCa/Fig16.lean:1106,5,2,Support/Model,
BoCa.Fig16.CellU.mutOf_at,BoCa/Fig16.lean:1123,6,2,Support/Model,
BoCa.Fig16.CellU.mutOf_inj,BoCa/Fig16.lean:1130,31,2,Support/Model,
BoCa.Fig16.ResU.inStratum_of_atLife,BoCa/Fig16.lean:1305,11,2,Support/Model,
BoCa.Fig16.ResU.exists_stratum,BoCa/Fig16.lean:1363,14,2,Support/Model,
BoCa.Fig16.CellU.CompatS.symm,BoCa/Fig16.lean:1443,3,2,Support/Model,
BoCa.Fig16.CellU.CompatS.kinds,BoCa/Fig16.lean:1447,5,2,Support/Model,
BoCa.Fig16.CellU.mutOf_congr,BoCa/Fig16.lean:1486,13,2,Support/Model,
BoCa.Fig16.CellU.CompS.compat,BoCa/Fig16.lean:1524,4,2,Support/Model,
BoCa.Fig16.CellU.compS_defined_iff,BoCa/Fig16.lean:1539,6,2,Support/Model,6.9
BoCa.Fig16.CellU.compS_self,BoCa/Fig16.lean:1555,7,2,Support/Model,
BoCa.Fig16.CellU.compR_same_mutMut,BoCa/Fig16.lean:1644,14,2,Support/Model,
BoCa.Fig16.CellU.CompR.inv,BoCa/Fig16.lean:1659,38,2,Support/Model,
BoCa.Fig16.CellU.compR_mutMut_of_eq,BoCa/Fig16.lean:1698,14,2,Support/Model,
BoCa.Fig16.CellU.compR_mutMut_det,BoCa/Fig16.lean:1713,22,2,Support/Model,
BoCa.Fig16.CellU.CompR.functional,BoCa/Fig16.lean:1737,41,2,Support/Model,
BoCa.Fig16.ResU.Compat.comm,BoCa/Fig16.lean:1824,4,2,Support/Model,
BoCa.Fig16.ResU.Compat.of_disjoint,BoCa/Fig16.lean:1829,7,2,Support/Model,6.30
BoCa.Fig16.ResU.Comp.functional,BoCa/Fig16.lean:1858,16,2,Support/Model,6.18
BoCa.Fig16.ResU.CompatS.symm,BoCa/Fig16.lean:1891,2,2,Support/Model,
BoCa.Fig16.ResU.CompS.functional,BoCa/Fig16.lean:1894,4,2,Support/Model,
BoCa.Fig16.optCompS_optComp,BoCa/Fig16.lean:1912,10,2,Support/Model,
BoCa.Fig16.ResU.compS_spec,BoCa/Fig16.lean:1938,3,2,Support/Model,
BoCa.Fig16.CellU.CompS.erase,BoCa/Fig16.lean:2025,6,2,Support/Model,
BoCa.Fig16.CellU.CompR.erase,BoCa/Fig16.lean:2050,16,2,Support/Model,
BoCa.Fig16.CellU.CompR.wit,BoCa/Fig16.lean:2067,17,2,Support/Model,
_private.BoCa.Fig16.0.BoCa.Fig16.inner,BoCa/Fig16.lean:2164,3,2,Support/Model,
BoCa.Fig16.CellU.compS_comm,BoCa/Fig16.lean:2232,8,2,Support/Model,
BoCa.Fig16.SPropS.conj_comm,BoCa/Fig16.lean:2241,5,2,Support/Model,
BoCa.Fig16.CellU.CompR.comm,BoCa/Fig16.lean:2247,21,2,Support/Model,
BoCa.Fig16.CellU.CompatR.symm,BoCa/Fig16.lean:2269,2,2,Support/Model,
BoCa.Fig16.CellU.CompatR.of_compatS,BoCa/Fig16.lean:2272,2,2,Support/Model,
BoCa.Fig16.ResU.CompatR.symm,BoCa/Fig16.lean:2296,2,2,Support/Model,
BoCa.Fig16.ResU.CompR.functional,BoCa/Fig16.lean:2299,4,2,Support/Model,6.59
BoCa.Fig16.CellU.compR_spec,BoCa/Fig16.lean:2311,2,2,Support/Model,
BoCa.Fig16.optCompR_optComp,BoCa/Fig16.lean:2326,10,2,Support/Model,
BoCa.Fig16.ResU.compR_spec,BoCa/Fig16.lean:2353,3,2,Support/Model,
BoCa.Fig16.ResU.compR_defined_iff,BoCa/Fig16.lean:2357,7,2,Support/Model,6.9
BoCa.Fig16.ResU.restrictOn_eq_some,BoCa/Fig16.lean:2416,17,2,Support/Model,
BoCa.Fig16.ResU.single_get_ne,BoCa/Fig16.lean:2461,2,2,Support/Model,
BoCa.Fig16.ResU.inStratum_empty,BoCa/Fig16.lean:2464,4,2,Support/Model,
BoCa.Fig16.ResU.inStratum_single,BoCa/Fig16.lean:2469,7,2,Support/Model,
BoCa.Fig16.ResU.inStratum_single_own,BoCa/Fig16.lean:2477,4,2,Support/Model,
BoCa.Fig16.ResU.single_get_eq_some,BoCa/Fig16.lean:2482,6,2,Support/Model,
BoCa.Fig16.ResU.LeR,BoCa/Fig16.lean:2497,12,2,Support/Model,
BoCa.Fig16.ResU.ImmFree,BoCa/Fig16.lean:2614,3,2,Support/Model,
BoCa.Fig16.ResU.restrict_imm_empty_iff,BoCa/Fig16.lean:2618,14,2,Support/Model,6.36
BoCa.Fig16.ResU.immFree_empty,BoCa/Fig16.lean:2633,2,2,Support/Model,
BoCa.Fig16.ResU.immFree_restrict,BoCa/Fig16.lean:2636,4,2,Support/Model,
BoCa.Fig16.ResU.ImmFree.comp,BoCa/Fig16.lean:2641,18,2,Support/Model,
BoCa.Fig16.ResU.ImmFree.bigComp,BoCa/Fig16.lean:2660,12,2,Support/Model,
BoCa.Fig16.CellU.compS_ne_imm,BoCa/Fig16.lean:2673,4,2,Support/Model,6.36
BoCa.Fig16.CellU.compR_ne_imm,BoCa/Fig16.lean:2678,12,2,Support/Model,6.36
BoCa.Fig16.ExS.immFree,BoCa/Fig16.lean:2756,5,2,Support/Model,6.35
BoCa.Fig16.ExR.immFree,BoCa/Fig16.lean:2762,5,2,Support/Model,6.36
BoCa.Fig16.LSet.diff_join_le,BoCa/Fig16.lean:2905,2,2,Support/Model,
BoCa.Fig16.LSet.diff_inStratum,BoCa/Fig16.lean:2908,9,2,Support/Model,
BoCa.Fig16.LSet.exists_diff,BoCa/Fig16.lean:2918,13,2,Support/Model,
BoCa.Fig16.ResU.SubKeep.toSub,BoCa/Fig16.lean:3022,6,2,Support/Model,
BoCa.Fig16.optSplit,BoCa/Fig16.lean:3070,6,2,Support/Model,
BoCa.Fig16.ResU.Comp.get,BoCa/Fig16.lean:3077,18,2,Support/Model,
BoCa.Fig16.CellU.CompS.comm,BoCa/Fig16.lean:3096,10,2,Support/Model,
BoCa.Fig16.ResU.compatS_comm_iff,BoCa/Fig16.lean:3116,4,2,Support/Model,6.1
BoCa.Fig16.ResU.compatR_comm_iff,BoCa/Fig16.lean:3121,4,2,Support/Model,6.1
BoCa.Fig16.ResU.CompS.comm,BoCa/Fig16.lean:3144,4,2,Support/Model,6.2
BoCa.Fig16.ResU.CompR.comm,BoCa/Fig16.lean:3149,4,2,Support/Model,6.2
BoCa.Fig16.CellU.compS_assoc,BoCa/Fig16.lean:3163,40,2,Support/Model,6.3
BoCa.Fig16.CellU.compR_immImm,BoCa/Fig16.lean:3204,11,2,Support/Model,
BoCa.Fig16.CellU.compR_own_left,BoCa/Fig16.lean:3216,9,2,Support/Model,
BoCa.Fig16.CellU.compR_own_right,BoCa/Fig16.lean:3226,8,2,Support/Model,
BoCa.Fig16.CellU.compR_own_left_of_erase,BoCa/Fig16.lean:3235,9,2,Support/Model,
BoCa.Fig16.CellU.compR_own_right_of_erase,BoCa/Fig16.lean:3245,8,2,Support/Model,
BoCa.Fig16.CellU.compR_assoc_own_left,BoCa/Fig16.lean:3259,13,2,Support/Model,
BoCa.Fig16.CellU.compR_assoc_own_mid,BoCa/Fig16.lean:3273,12,2,Support/Model,
BoCa.Fig16.CellU.compR_assoc_own_right,BoCa/Fig16.lean:3286,14,2,Support/Model,
BoCa.Fig16.Life.meet_assoc,BoCa/Fig16.lean:3301,5,2,Support/Model,
BoCa.Fig16.SPropS.conj_assoc,BoCa/Fig16.lean:3307,24,2,Support/Model,
BoCa.Fig16.CellU.kind_immOf_ne_own,BoCa/Fig16.lean:3332,4,2,Support/Model,
BoCa.Fig16.CellU.kind_mutOf_ne_own,BoCa/Fig16.lean:3337,5,2,Support/Model,
BoCa.Fig16.CellU.compR_assoc_forward,BoCa/Fig16.lean:3363,223,2,Support/Model,
BoCa.Fig16.CellU.compR_assoc,BoCa/Fig16.lean:3587,14,2,Support/Model,6.3
BoCa.Fig16.OptComp.assoc_left,BoCa/Fig16.lean:3610,71,2,Support/Model,
BoCa.Fig16.ResU.Comp.assoc_left,BoCa/Fig16.lean:3682,45,2,Support/Model,
BoCa.Fig16.OptComp.swap,BoCa/Fig16.lean:3728,9,2,Support/Model,
BoCa.Fig16.ResU.Comp.swap,BoCa/Fig16.lean:3738,12,2,Support/Model,
BoCa.Fig16.ResU.CompS.assoc,BoCa/Fig16.lean:3776,6,2,Support/Model,6.3
BoCa.Fig16.ResU.CompR.assoc,BoCa/Fig16.lean:3783,6,2,Support/Model,6.3
BoCa.Fig16.ResU.compR_self,BoCa/Fig16.lean:3806,12,2,Support/Model,6.19
BoCa.Fig16.ResU.compatS_single_not_imm,BoCa/Fig16.lean:3855,14,2,Support/Model,6.41
BoCa.Fig16.CellU.CompS.at,BoCa/Fig16.lean:3922,9,2,Support/Model,
BoCa.Fig16.CellU.CompS.inStratum,BoCa/Fig16.lean:3940,10,2,Support/Model,
BoCa.Fig16.ResU.hash_symm,BoCa/Fig16.lean:4030,6,2,Support/Model,6.6
BoCa.Fig16.List.perm_of_keys,BoCa/Fig16.lean:4086,21,2,Support/Model,
BoCa.Fig16.ResU.Sites.perm,BoCa/Fig16.lean:4108,8,2,Support/Model,
BoCa.Fig16.ResU.CompLaws,BoCa/Fig16.lean:4125,13,2,Support/Model,
BoCa.Fig16.ResU.compLawsS,BoCa/Fig16.lean:4139,7,2,Support/Model,
BoCa.Fig16.ResU.compLawsR,BoCa/Fig16.lean:4147,7,2,Support/Model,
BoCa.Fig16.ResU.Comp.of_pointwise,BoCa/Fig16.lean:4161,12,2,Support/Model,
BoCa.Fig16.ResU.Comp.comm_of_laws,BoCa/Fig16.lean:4174,15,2,Support/Model,
BoCa.Fig16.BigComp.functional,BoCa/Fig16.lean:4190,14,2,Support/Model,
BoCa.Fig16.BigComp.swap,BoCa/Fig16.lean:4205,20,2,Support/Model,
BoCa.Fig16.BigComp.of_perm,BoCa/Fig16.lean:4226,15,2,Support/Model,
BoCa.Fig16.BigComp.sites,BoCa/Fig16.lean:4253,11,2,Support/Model,
BoCa.Fig16.ExWits.mem,BoCa/Fig16.lean:4291,16,2,Support/Model,
BoCa.Fig16.ExW.functional,BoCa/Fig16.lean:4308,41,2,Support/Model,
BoCa.Fig16.ExS.functional,BoCa/Fig16.lean:4379,5,2,Support/Model,6.18
BoCa.Fig16.ExR.functional,BoCa/Fig16.lean:4385,6,2,Support/Model,6.32
BoCa.Fig16.AgWitsM.mem,BoCa/Fig16.lean:4399,14,2,Support/Model,
BoCa.Fig16.AgWitsI.mem,BoCa/Fig16.lean:4414,16,2,Support/Model,
BoCa.Fig16.AgW.functional,BoCa/Fig16.lean:4431,57,2,Support/Model,
BoCa.Fig16.ResU.Flat.functional,BoCa/Fig16.lean:4544,11,2,Support/Model,6.51
BoCa.Fig16.ResU.FlatR.functional,BoCa/Fig16.lean:4556,11,2,Support/Model,6.54
BoCa.Fig16.ResU.Lower.functional,BoCa/Fig16.lean:4568,11,2,Support/Model,6.8
BoCa.Fig16.CellU.CompS.kind,BoCa/Fig16.lean:4676,8,2,Support/Model,
BoCa.Fig16.CellU.CompS.wit,BoCa/Fig16.lean:4685,9,2,Support/Model,
BoCa.Fig16.Kind.mut_ne_imm,BoCa/Fig16.lean:4695,5,2,Support/Model,
BoCa.Fig16.ResU.CompatS.right_eq_none,BoCa/Fig16.lean:4712,8,2,Support/Model,6.21
BoCa.Fig16.ResU.CompS.kind_wit_left,BoCa/Fig16.lean:4721,23,2,Support/Model,
BoCa.Fig16.ResU.CompS.get_left,BoCa/Fig16.lean:4745,17,2,Support/Model,
BoCa.Fig16.ResU.CompS.get_right,BoCa/Fig16.lean:4763,5,2,Support/Model,
BoCa.Fig16.ResU.CompS.get_left_of_ne_imm,BoCa/Fig16.lean:4769,9,2,Support/Model,
BoCa.Fig16.ResU.CompS.get_right_of_ne_imm,BoCa/Fig16.lean:4779,5,2,Support/Model,
BoCa.Fig16.ResU.CompS.get_split_of_ne_imm,BoCa/Fig16.lean:4785,18,2,Support/Model,
BoCa.Fig16.ResU.restrict_get_none,BoCa/Fig16.lean:4823,6,2,Support/Model,
BoCa.Fig16.ResU.restrict_get_some,BoCa/Fig16.lean:4830,5,2,Support/Model,
BoCa.Fig16.ResU.restrict_get_ne,BoCa/Fig16.lean:4836,7,2,Support/Model,
BoCa.Fig16.ResU.CompS.restrict,BoCa/Fig16.lean:4844,40,2,Support/Model,
BoCa.Fig16.ResU.CompS.toCompR,BoCa/Fig16.lean:4885,6,2,Support/Model,6.32
BoCa.Fig16.ResU.CompS.restrictR,BoCa/Fig16.lean:4892,8,2,Support/Model,
BoCa.Fig16.BigComp.singleton_iff,BoCa/Fig16.lean:4929,12,2,Support/Model,
BoCa.Fig16.BigComp.pair,BoCa/Fig16.lean:4942,12,2,Support/Model,
BoCa.Fig16.BigComp.append,BoCa/Fig16.lean:4955,31,2,Support/Model,
BoCa.Fig16.ResU.Comp.exchange₄,BoCa/Fig16.lean:4987,36,2,Support/Model,
BoCa.Fig16.ResU.CompS.exchange₄,BoCa/Fig16.lean:5024,7,2,Support/Model,
BoCa.Fig16.List.filter_perm_append,BoCa/Fig16.lean:5048,17,2,Support/Model,
BoCa.Fig16.List.split_by_key,BoCa/Fig16.lean:5066,17,2,Support/Model,
BoCa.Fig16.ResU.Sites.append_of_compS,BoCa/Fig16.lean:5084,23,2,Support/Model,
BoCa.Fig16.ResU.Sites.split_pairs,BoCa/Fig16.lean:5108,48,2,Support/Model,
BoCa.Fig16.ExWits.iff_mem,BoCa/Fig16.lean:5161,21,2,Support/Model,
BoCa.Fig16.ExWits.append,BoCa/Fig16.lean:5183,7,2,Support/Model,
BoCa.Fig16.ExWits.of_compS_left,BoCa/Fig16.lean:5191,9,2,Support/Model,
BoCa.Fig16.ExWits.of_compS_right,BoCa/Fig16.lean:5201,4,2,Support/Model,
BoCa.Fig16.ExWits.to_compS_left,BoCa/Fig16.lean:5206,19,2,Support/Model,
BoCa.Fig16.ExWits.to_compS_right,BoCa/Fig16.lean:5226,6,2,Support/Model,
BoCa.Fig16.AgWitsM.iff_mem,BoCa/Fig16.lean:5340,17,2,Support/Model,
BoCa.Fig16.AgWitsI.iff_mem,BoCa/Fig16.lean:5358,18,2,Support/Model,
BoCa.Fig16.AgWitsM.append,BoCa/Fig16.lean:5377,7,2,Support/Model,
BoCa.Fig16.AgWitsI.append,BoCa/Fig16.lean:5385,7,2,Support/Model,
BoCa.Fig16.AgWitsI.subset,BoCa/Fig16.lean:5393,4,2,Support/Model,
BoCa.Fig16.AgWitsM.of_compS_left,BoCa/Fig16.lean:5398,8,2,Support/Model,
BoCa.Fig16.AgWitsM.of_compS_right,BoCa/Fig16.lean:5407,4,2,Support/Model,
BoCa.Fig16.AgWitsI.of_compS_left,BoCa/Fig16.lean:5412,9,2,Support/Model,
BoCa.Fig16.AgWitsI.of_compS_right,BoCa/Fig16.lean:5422,4,2,Support/Model,
BoCa.Fig16.AgWitsM.to_compS_left,BoCa/Fig16.lean:5427,13,2,Support/Model,
BoCa.Fig16.AgWitsM.to_compS_right,BoCa/Fig16.lean:5441,6,2,Support/Model,
BoCa.Fig16.AgWitsI.to_compS_left,BoCa/Fig16.lean:5448,14,2,Support/Model,
BoCa.Fig16.AgWitsI.to_compS_right,BoCa/Fig16.lean:5463,6,2,Support/Model,
BoCa.Fig16.AgWitsI.value_functional,BoCa/Fig16.lean:5470,19,2,Support/Model,
BoCa.Fig16.CellU.CompatS.wit,BoCa/Fig16.lean:5509,7,2,Support/Model,
BoCa.Fig16.ResU.CompatS.wit_of_overlap,BoCa/Fig16.lean:5517,6,2,Support/Model,
BoCa.Fig16.ResU.CompS.imm_site_iff,BoCa/Fig16.lean:5524,25,2,Support/Model,
BoCa.Fig16.ResU.Sites.split_pairs_imm,BoCa/Fig16.lean:5550,71,2,Support/Model,6.20
BoCa.Fig16.BigComp.dupR,BoCa/Fig16.lean:5622,19,2,Support/Model,6.20
BoCa.Fig16.BigComp.dup_of_perm,BoCa/Fig16.lean:5642,23,2,Support/Model,
BoCa.Fig16.ResU.CompR.exchange₄,BoCa/Fig16.lean:5666,7,2,Support/Model,
BoCa.Fig16.List.perm_of_keys_mem,BoCa/Fig16.lean:5693,10,2,Support/Model,
BoCa.Fig16.AgWitsI.assemble,BoCa/Fig16.lean:5704,87,2,Support/Model,6.20
BoCa.Fig16.ResU.CompR.exchange₃dup,BoCa/Fig16.lean:5819,42,2,Support/Model,
BoCa.Fig16.ResU.Flat.split,BoCa/Fig16.lean:6012,18,2,Support/Model,6.15
BoCa.Fig16.SplitExample.sA,BoCa/Fig16.lean:6132,1,2,Support/Model,
BoCa.Fig16.ResU.Comp.eq_none_iff,BoCa/Fig16.lean:6269,12,2,Support/Model,6.30
BoCa.Fig16.ResU.Comp.get_of_left_none,BoCa/Fig16.lean:6282,12,2,Support/Model,6.21
BoCa.Fig16.ResU.Comp.get_of_right_none,BoCa/Fig16.lean:6295,11,2,Support/Model,
BoCa.Fig16.ResU.CompatS.of_compS_left_immFree,BoCa/Fig16.lean:6343,16,2,Support/Model,6.35
BoCa.Fig16.ResU.ImmFree.compS,BoCa/Fig16.lean:6360,8,2,Support/Model,
BoCa.Fig16.ResU.Flat.split_factors,BoCa/Fig16.lean:6369,29,2,Support/Model,6.10
BoCa.Fig16.OptUnion,BoCa/Fig16.lean:6432,10,2,Support/Model,
BoCa.Fig16.MemUnion,BoCa/Fig16.lean:6443,3,2,Support/Model,6.7
BoCa.Fig16.MemUnion.functional,BoCa/Fig16.lean:6447,11,2,Support/Model,
BoCa.Fig16.MemUnion.comm,BoCa/Fig16.lean:6459,10,2,Support/Model,
BoCa.Fig16.MemUnion.left,BoCa/Fig16.lean:6470,7,2,Support/Model,
BoCa.Fig16.MemUnion.right,BoCa/Fig16.lean:6478,3,2,Support/Model,
BoCa.Fig16.MemUnion.iff_ext,BoCa/Fig16.lean:6482,45,2,Support/Model,6.7
BoCa.Fig16.optUnion_map_erase,BoCa/Fig16.lean:6528,22,2,Support/Model,
BoCa.Fig16.ResU.Lower.split_left,BoCa/Fig16.lean:6551,44,2,Support/Model,6.7
BoCa.Fig16.CellU.compatS_iff,BoCa/Fig16.lean:6831,28,2,Support/Model,6.12
BoCa.Fig16.CellU.CompR.imm_left,BoCa/Fig16.lean:6926,22,2,Support/Model,6.38
BoCa.Fig16.CellU.CompR.wit_of_ne_own,BoCa/Fig16.lean:6949,22,2,Support/Model,
BoCa.Fig16.CellU.CompatS.of_compR_left,BoCa/Fig16.lean:6985,10,2,Support/Model,6.37
BoCa.Fig16.CellU.CompatR.of_compR,BoCa/Fig16.lean:7023,18,2,Support/Model,
BoCa.Fig16.ResU.CompS.get_right_of_immFree,BoCa/Fig16.lean:7081,12,2,Support/Model,
BoCa.Fig16.ResU.CompR.get_imm_left,BoCa/Fig16.lean:7094,16,2,Support/Model,
BoCa.Fig16.ResU.CompR.get_imm_right,BoCa/Fig16.lean:7111,7,2,Support/Model,
BoCa.Fig16.ExS.get_of_ne_imm,BoCa/Fig16.lean:7119,16,2,Support/Model,6.38
BoCa.Fig16.AgW.get_imm,BoCa/Fig16.lean:7136,16,2,Support/Model,6.38
BoCa.Fig16.ResU.Flat.get,BoCa/Fig16.lean:7153,19,2,Support/Model,6.16
BoCa.Fig16.ResU.Hash.walks,BoCa/Fig16.lean:7215,31,2,Support/Model,
BoCa.Fig16.ResU.Comp.factor_trans,BoCa/Fig16.lean:7324,11,2,Support/Model,
BoCa.Fig16.ResU.LeR.left,BoCa/Fig16.lean:7340,3,2,Support/Model,
BoCa.Fig16.ResU.LeR.right,BoCa/Fig16.lean:7344,2,2,Support/Model,
BoCa.Fig16.ResU.LeR.trans,BoCa/Fig16.lean:7347,6,2,Support/Model,
BoCa.Fig16.BigComp.mem_factor,BoCa/Fig16.lean:7356,18,2,Support/Model,
BoCa.Fig16.BigComp.sublist,BoCa/Fig16.lean:7375,32,2,Support/Model,
BoCa.Fig16.BigComp.leS_of_sublist,BoCa/Fig16.lean:7408,9,2,Support/Model,6.127
BoCa.Fig16.ExW.wit_le,BoCa/Fig16.lean:7418,21,2,Support/Model,6.54
BoCa.Fig16.AgW.mut_wit_le,BoCa/Fig16.lean:7440,23,2,Support/Model,6.54
BoCa.Fig16.ResU.CompatS.of_valid_mut,BoCa/Fig16.lean:7469,60,2,Support/Model,
BoCa.Fig16.ResU.flatAt_iff,BoCa/Fig16.lean:7803,4,2,Support/Model,
BoCa.Fig16.ResU.upd_of_flat,BoCa/Fig16.lean:7881,23,2,Support/Model,
BoCa.Fig16.ResU.Upd.symm,BoCa/Fig16.lean:7919,2,2,Support/Model,
BoCa.Fig16.ResU.Upd.trans,BoCa/Fig16.lean:7922,7,2,Support/Model,6.49
BoCa.Fig16.ResU.UpdV.refl,BoCa/Fig16.lean:7930,5,2,Support/Model,6.47
BoCa.Fig16.ResU.UpdV.symm,BoCa/Fig16.lean:7936,2,2,Support/Model,
BoCa.Fig16.ResU.updV_self_iff,BoCa/Fig16.lean:7945,8,2,Support/Model,
BoCa.Fig16.ResU.dom_single,BoCa/Fig16.lean:8325,7,2,Support/Model,
BoCa.Fig16.ResU.del_get_ne,BoCa/Fig16.lean:8355,2,2,Support/Model,
BoCa.Fig16.ResU.Le.refl,BoCa/Fig16.lean:8446,4,2,Support/Model,
BoCa.Fig16.ResU.Le.trans,BoCa/Fig16.lean:8451,8,2,Support/Model,6.127
BoCa.Fig16.ResU.Le.empty,BoCa/Fig16.lean:8460,9,2,Support/Model,
BoCa.Fig16.BigComp.single,BoCa/Fig16.lean:8470,6,2,Support/Model,
_private.BoCa.Fig16.0.BoCa.Fig16.RebExample.mutWit,BoCa/Fig16.lean:8664,1,2,Support/Model,
_private.BoCa.Fig16.0.BoCa.Fig16.RebExample.mutWit_stratum,BoCa/Fig16.lean:8666,4,2,Support/Model,
_private.BoCa.Fig16.0.BoCa.Fig16.RebExample.mutInv,BoCa/Fig16.lean:8671,1,2,Support/Model,
_private.BoCa.Fig16.0.BoCa.Fig16.RebExample.mutCell,BoCa/Fig16.lean:8673,2,2,Support/Model,
_private.BoCa.Fig16.0.BoCa.Fig16.RebExample.mutRes,BoCa/Fig16.lean:8679,2,2,Support/Model,
_private.BoCa.Fig16.0.BoCa.Fig16.RebExample.mutRes_zero,BoCa/Fig16.lean:8682,2,2,Support/Model,
BoCa.Fig16.RebExample.not_reb_of_at,BoCa/Fig16.lean:8734,8,2,Support/Model,6.130
BoCa.Fig16.ResU.comp_empty_left,BoCa/Fig16.lean:8812,8,2,Support/Model,
BoCa.Fig16.ResU.restrict_single_self,BoCa/Fig16.lean:8821,14,2,Support/Model,
BoCa.Fig16.ResU.restrict_single_other,BoCa/Fig16.lean:8836,9,2,Support/Model,
BoCa.Fig16.ResU.sites_single_self,BoCa/Fig16.lean:8846,7,2,Support/Model,
BoCa.Fig16.ResU.sites_single_other,BoCa/Fig16.lean:8854,5,2,Support/Model,
BoCa.Fig16.ExW.single_own,BoCa/Fig16.lean:8860,10,2,Support/Model,6.39
BoCa.Fig16.AgW.single_own,BoCa/Fig16.lean:8871,10,2,Support/Model,6.39
BoCa.Fig16.ResU.flat_single_own,BoCa/Fig16.lean:8882,5,2,Support/Model,
BoCa.Fig16.ResU.valid_single_own,BoCa/Fig16.lean:8888,3,2,Support/Model,
BoCa.Fig16.ResU.flatR_single_own,BoCa/Fig16.lean:8892,7,2,Support/Model,6.19
_private.BoCa.Fig16.0.BoCa.Fig16.subEx.emp,BoCa/Fig16.lean:9287,1,2,Support/Model,
_private.BoCa.Fig16.0.BoCa.Fig16.subEx.emp_str,BoCa/Fig16.lean:9289,2,2,Support/Model,
_private.BoCa.Fig16.0.BoCa.Fig16.subEx.c,BoCa/Fig16.lean:9292,2,2,Support/Model,
_private.BoCa.Fig16.0.BoCa.Fig16.subEx.rho,BoCa/Fig16.lean:9295,2,2,Support/Model,
_private.BoCa.Fig16.0.BoCa.Fig16.subEx.chi,BoCa/Fig16.lean:9297,2,2,Support/Model,
_private.BoCa.Fig16.0.BoCa.Fig16.subEx.rho_imm,BoCa/Fig16.lean:9300,2,2,Support/Model,
_private.BoCa.Fig16.0.BoCa.Fig16.subEx.excl,BoCa/Fig16.lean:9303,9,2,Support/Model,
_private.BoCa.Fig16.0.BoCa.Fig16.subEx.rho_excl,BoCa/Fig16.lean:9313,4,2,Support/Model,
_private.BoCa.Fig16.0.BoCa.Fig16.subEx.emp_excl,BoCa/Fig16.lean:9318,2,2,Support/Model,
_private.BoCa.Fig16.0.BoCa.Fig16.subEx.both,BoCa/Fig16.lean:9321,9,2,Support/Model,
_private.BoCa.Fig16.0.BoCa.Fig16.subEx.id,BoCa/Fig16.lean:9331,6,2,Support/Model,
_private.BoCa.Fig16.0.BoCa.Fig16.subEx.shrink,BoCa/Fig16.lean:9338,18,2,Support/Model,
_private.BoCa.Fig16.0.BoCa.Fig16.subEx.ne,BoCa/Fig16.lean:9357,12,2,Support/Model,
BoCa.Fig16.ResU.sub_not_functional,BoCa/Fig16.lean:9370,11,2,Support/Model,6.59
BoCa.Fig16.ResU.factor_imm_sub,BoCa/Fig16.lean:10162,20,2,Support/Model,6.127
BoCa.Fig16.immOf_sub_singleton,BoCa/Fig16.lean:10183,12,2,Support/Model,6.127
BoCa.Fig16.ResU.RebAt.factor,BoCa/Fig16.lean:10196,19,2,Support/Model,6.127
BoCa.Fig16.BoLo.Entails,BoCa/Fig16.lean:10226,2,2,Support/Model,
BoCa.Fig16.BoLo.BiEntails,BoCa/Fig16.lean:10229,2,2,Support/Model,
BoCa.Fig16.BoLo.emp_empty,BoCa/Fig16.lean:10381,1,2,Support/Model,
BoCa.Fig16.BoLo.compS_empty_left,BoCa/Fig16.lean:10383,4,2,Support/Model,
BoCa.Fig16.BoLo.eq_of_compS_empty_left,BoCa/Fig16.lean:10388,3,2,Support/Model,
BoCa.Fig16.BoLo.BiEntails.refl,BoCa/Fig16.lean:10402,1,2,Support/Model,
BoCa.Fig16.BoLo.eq_of_biEntails,BoCa/Fig16.lean:10408,4,2,Support/Model,
BoCa.Fig16.BoLo.or_R₂,BoCa/Fig16.lean:10436,2,2,Support/Model,
BoCa.Fig16.BoLo.bang_L_dereliction,BoCa/Fig16.lean:10513,6,2,Support/Model,6.84
BoCa.Fig16.BoLo.bang_all_needs_nonempty,BoCa/Fig16.lean:10548,13,2,Support/Model,6.88
BoCa.Fig16.BoLo.sep_assoc',BoCa/Fig16.lean:10581,8,2,Support/Model,
BoCa.Fig16.BoLo.outlives_of_atLife,BoCa/Fig16.lean:10609,5,2,Support/Model,
BoCa.Fig16.BoLo.Outlives.mono,BoCa/Fig16.lean:10644,2,2,Support/Model,
BoCa.Fig16.BoLo.outlives_comp,BoCa/Fig16.lean:10653,31,2,Support/Model,
BoCa.Fig16.BoLo.box_all_needs_nonempty,BoCa/Fig16.lean:10749,10,2,Support/Model,6.102
BoCa.Fig16.BoLo.ptoAny_of_own,BoCa/Fig16.lean:10862,1,2,Support/Model,
BoCa.Fig16.BoLo.ptoMut_of_cell,BoCa/Fig16.lean:10872,9,2,Support/Model,
BoCa.Fig16.BoLo.ptoImm_agree_eq,BoCa/Fig16.lean:10919,9,2,Support/Model,6.115
BoCa.Fig16.BoLo.IAgreeAtJoin,BoCa/Fig16.lean:10929,5,2,Support/Model,6.115
BoCa.Fig16.BoLo.ptoOwn_excl,BoCa/Fig16.lean:10985,10,2,Support/Model,6.95
BoCa.Fig16.BoLo.ptoMut_excl,BoCa/Fig16.lean:11003,10,2,Support/Model,6.119
BoCa.Fig16.BoLo.reborrow_outlives,BoCa/Fig16.lean:11030,6,2,Support/Model,
_private.BoCa.Fig16.0.BoCa.Fig16.BoLo.memSingle,BoCa/Fig16.lean:11037,5,2,Support/Model,
BoCa.Fig16.BoLo.reb_empty,BoCa/Fig16.lean:11043,8,2,Support/Model,6.124
BoCa.Fig16.BoLo.reborrow_star_pure,BoCa/Fig16.lean:11061,15,2,Support/Model,6.131
BoCa.Fig16.BoLo.reb_emp_iff,BoCa/Fig16.lean:11209,14,2,Support/Model,6.130
BoCa.Fig16.BoLo.reborrow_emp_iff,BoCa/Fig16.lean:11224,9,2,Support/Model,6.130
BoCa.Fig16.BoLo.reborrow_emp_box,BoCa/Fig16.lean:11247,7,2,Support/Model,6.130
BoCa.Fig16.BoLo.reborrow_emp_ptoOwn,BoCa/Fig16.lean:11255,10,2,Support/Model,6.130
BoCa.Fig16.BoLo.reborrow_emp_outside_stratum,BoCa/Fig16.lean:11266,10,2,Support/Model,6.130
BoCa.Fig16.BoLo.bang_L_needs_premise,BoCa/Fig16.lean:11386,9,2,Support/Model,6.84
BoCa.Fig16.BoLo.noOwn_empty,BoCa/Fig16Wp.lean:96,5,2,Support/Model,
BoCa.Fig16.BoLo.hash_lower,BoCa/Fig16Wp.lean:128,7,2,Support/Model,
BoCa.Fig16.BoLo.hash_valid_comp,BoCa/Fig16Wp.lean:136,8,2,Support/Model,
BoCa.Fig16.BoLo.hash_valid,BoCa/Fig16Wp.lean:145,6,2,Support/Model,6.150
BoCa.Fig16.BoLo.wp_lower,BoCa/Fig16Wp.lean:193,20,2,Support/Model,
BoCa.Fig16.BoLo.wp_updV_iff_upd,BoCa/Fig16Wp.lean:235,20,2,Support/Model,
BoCa.Fig16.BoLo.wp_head,BoCa/Fig16Wp.lean:281,12,2,Support/Model,6.137
BoCa.Fig16.BoLo.wp_sum₂,BoCa/Fig16Wp.lean:316,4,2,Support/Model,
BoCa.Fig16.BoLo.flat_compS_own,BoCa/Fig16Wp.lean:362,31,2,Support/Model,
BoCa.Fig16.BoLo.lower_get,BoCa/Fig16Wp.lean:394,13,2,Support/Model,6.144
BoCa.Fig16.BoLo.lower_get_own,BoCa/Fig16Wp.lean:408,7,2,Support/Model,
BoCa.Fig16.BoLo.lower_eq_none_iff,BoCa/Fig16Wp.lean:416,6,2,Support/Model,
BoCa.Fig16.BoLo.get_eq_none_of_flat,BoCa/Fig16Wp.lean:423,11,2,Support/Model,6.141
BoCa.Fig16.BoLo.compatS_single_of_get_none,BoCa/Fig16Wp.lean:435,9,2,Support/Model,
BoCa.Fig16.BoLo.get_eq_none_of_compatS_own,BoCa/Fig16Wp.lean:445,9,2,Support/Model,
BoCa.Fig16.BoLo.lower_compS_own,BoCa/Fig16Wp.lean:455,22,2,Support/Model,
BoCa.Fig16.BoLo.lower_compS_own_inv,BoCa/Fig16Wp.lean:478,24,2,Support/Model,6.142
BoCa.Fig16.BoLo.updV_compS_own,BoCa/Fig16Wp.lean:503,32,2,Support/Model,6.145
BoCa.Fig16.BoLo.hash_compS_own,BoCa/Fig16Wp.lean:536,20,2,Support/Model,
BoCa.Fig16.BoLo.loc_infinite,BoCa/Fig16Wp.lean:576,16,2,Support/Model,6.141
_private.BoCa.Fig16Wp.0.BoCa.Fig16.BoLo.stratum_empty,BoCa/Fig16Wp.lean:707,4,2,Support/Model,
BoCa.Fig16.BoLo.pure_sep_biEntails,BoCa/Fig16Wp.lean:712,11,2,Support/Model,6.144
BoCa.Fig16.BoLo.compS_get_erase,BoCa/Fig16Wp.lean:724,21,2,Support/Model,6.144
BoCa.Fig16.BoLo.wp_load_I_conf,BoCa/Fig16Wp.lean:780,32,2,Support/Model,6.144
BoCa.Fig16.BoLo.cell_inStratum_of_at,BoCa/Fig16Wp.lean:889,7,2,Support/Model,
BoCa.Fig16.BoLo.cell_at_of_inStratum,BoCa/Fig16Wp.lean:897,7,2,Support/Model,
BoCa.Fig16.BoLo.cell_wit_inStratum,BoCa/Fig16Wp.lean:905,14,2,Support/Model,6.29
BoCa.Fig16.BoLo.cellCompS_inStratum,BoCa/Fig16Wp.lean:920,12,2,Support/Model,
BoCa.Fig16.BoLo.cellCompR_inStratum,BoCa/Fig16Wp.lean:933,16,2,Support/Model,
BoCa.Fig16.BoLo.cellCompR_at_le_imm,BoCa/Fig16Wp.lean:950,16,2,Support/Model,
BoCa.Fig16.BoLo.inStratum_restrict,BoCa/Fig16Wp.lean:967,3,2,Support/Model,
BoCa.Fig16.BoLo.inStratum_comp,BoCa/Fig16Wp.lean:971,16,2,Support/Model,
BoCa.Fig16.BoLo.inStratum_bigComp,BoCa/Fig16Wp.lean:988,14,2,Support/Model,
BoCa.Fig16.BoLo.compS_hC,BoCa/Fig16Wp.lean:1003,3,2,Support/Model,
BoCa.Fig16.BoLo.compR_hC,BoCa/Fig16Wp.lean:1007,3,2,Support/Model,
BoCa.Fig16.BoLo.ExW.inStratum,BoCa/Fig16Wp.lean:1011,27,2,Support/Model,6.29
BoCa.Fig16.BoLo.AgW.inStratum,BoCa/Fig16Wp.lean:1039,35,2,Support/Model,6.29
BoCa.Fig16.BoLo.flat_inStratum,BoCa/Fig16Wp.lean:1075,7,2,Support/Model,6.50
BoCa.Fig16.BoLo.compR_get_at,BoCa/Fig16Wp.lean:1083,16,2,Support/Model,
BoCa.Fig16.BoLo.agW_get_at,BoCa/Fig16Wp.lean:1100,8,2,Support/Model,
BoCa.Fig16.BoLo.flat_inStratum_inv,BoCa/Fig16Wp.lean:1109,15,2,Support/Model,6.29
BoCa.Fig16.BoLo.optComp_none_left,BoCa/Fig16Wp.lean:1191,8,2,Support/Model,
BoCa.Fig16.BoLo.optComp_none_right,BoCa/Fig16Wp.lean:1200,5,2,Support/Model,
BoCa.Fig16.BoLo.optComp_left_none,BoCa/Fig16Wp.lean:1206,6,2,Support/Model,
BoCa.Fig16.BoLo.optComp_right_none,BoCa/Fig16Wp.lean:1213,6,2,Support/Model,
BoCa.Fig16.BoLo.flat_compR,BoCa/Fig16Wp.lean:1220,42,2,Support/Model,6.38
BoCa.Fig16.BoLo.kind_congr,BoCa/Fig16Wp.lean:1268,2,2,Support/Model,
BoCa.Fig16.BoLo.compR_eq_left_of_own_right,BoCa/Fig16Wp.lean:1298,12,2,Support/Model,
BoCa.Fig16.BoLo.compR_eq_right_of_own_left,BoCa/Fig16Wp.lean:1311,12,2,Support/Model,
BoCa.Fig16.BoLo.compR_eq_left_of_imm,BoCa/Fig16Wp.lean:1324,13,2,Support/Model,
BoCa.Fig16.BoLo.compR_imm_of_result_imm,BoCa/Fig16Wp.lean:1338,15,2,Support/Model,
BoCa.Fig16.BoLo.IsMutSig,BoCa/Fig16Wp.lean:1354,7,2,Support/Model,
BoCa.Fig16.BoLo.IsMutSig.kind,BoCa/Fig16Wp.lean:1362,5,2,Support/Model,
BoCa.Fig16.BoLo.IsMutSig.unique_life,BoCa/Fig16Wp.lean:1368,11,2,Support/Model,
BoCa.Fig16.BoLo.IsMutSig.unique_pred,BoCa/Fig16Wp.lean:1380,7,2,Support/Model,
BoCa.Fig16.BoLo.compR_sig_mut_mut,BoCa/Fig16Wp.lean:1388,38,2,Support/Model,
BoCa.Fig16.BoLo.CellUpd,BoCa/Fig16Wp.lean:1429,10,2,Support/Model,
BoCa.Fig16.BoLo.CellUpd.symm,BoCa/Fig16Wp.lean:1440,3,2,Support/Model,
BoCa.Fig16.BoLo.opt_rep,BoCa/Fig16Wp.lean:1444,14,2,Support/Model,
BoCa.Fig16.BoLo.cellUpd_noBorrow,BoCa/Fig16Wp.lean:1459,20,2,Support/Model,
BoCa.Fig16.BoLo.optComp_of_noBorrow,BoCa/Fig16Wp.lean:1480,10,2,Support/Model,
BoCa.Fig16.BoLo.transfer_imm,BoCa/Fig16Wp.lean:1491,29,2,Support/Model,
BoCa.Fig16.BoLo.transfer_mut,BoCa/Fig16Wp.lean:1521,47,2,Support/Model,
BoCa.Fig16.BoLo.cellUpd_compR,BoCa/Fig16Wp.lean:1569,15,2,Support/Model,6.48
BoCa.Fig16.BoLo.cellUpd_of_upd,BoCa/Fig16Wp.lean:1585,16,2,Support/Model,
BoCa.Fig16.BoLo.CellUpd.refl,BoCa/Fig16Wp.lean:1602,3,2,Support/Model,
BoCa.Fig16.BoLo.compS_reassoc,BoCa/Fig16Wp.lean:1838,4,2,Support/Model,6.150
BoCa.Fig16.BoLo.compS_reassoc',BoCa/Fig16Wp.lean:1843,4,2,Support/Model,
BoCa.Fig16.BoLo.compS_exch,BoCa/Fig16Wp.lean:1848,6,2,Support/Model,
BoCa.Fig16.BoLo.compS_lcomm,BoCa/Fig16Wp.lean:1855,6,2,Support/Model,
BoCa.Fig16.BoLo.wp_frame_noOwn,BoCa/Fig16Wp.lean:1869,39,2,Support/Model,6.148
BoCa.Fig16.BoLo.wandAll,BoCa/Fig16Wp.lean:1967,4,2,Support/Model,
BoCa.Fig16.CellU.imm_eta,BoCa/Ancestor.lean:24,8,2,Support/Model,
BoCa.Fig16.AgW.imm_wit_le,BoCa/Ancestor.lean:34,20,2,Support/Model,6.54
BoCa.Fig16.CellU.CompR.imm_source,BoCa/Ancestor.lean:56,37,2,Support/Model,
BoCa.Fig16.ResU.CompR.imm_source,BoCa/Ancestor.lean:95,17,2,Support/Model,6.38
BoCa.Fig16.BigComp.imm_source,BoCa/Ancestor.lean:114,21,2,Support/Model,
BoCa.Fig16.CellU.CompR.nonimm_source,BoCa/Ancestor.lean:137,27,2,Support/Model,
BoCa.Fig16.ResU.CompR.nonimm_source,BoCa/Ancestor.lean:166,19,2,Support/Model,
BoCa.Fig16.BigComp.nonimm_source,BoCa/Ancestor.lean:187,20,2,Support/Model,
BoCa.Fig16.CellU.CompR.imm_left_eq,BoCa/Ancestor.lean:209,28,2,Support/Model,
BoCa.Fig16.ResU.CompR.imm_left_get,BoCa/Ancestor.lean:239,15,2,Support/Model,
BoCa.Fig16.AgW.flat_imm_wit_le,BoCa/Ancestor.lean:256,76,2,Support/Model,6.38
BoCa.Fig16.ResU.ag_eq_flat_at_imm,BoCa/Ancestor.lean:355,25,2,Support/Model,
BoCa.Fig16.ResU.flat_imm_wit_factor,BoCa/Ancestor.lean:382,14,2,Support/Model,
BoCa.Fig16.ResU.upd_ag_imm_wit_factor,BoCa/Ancestor.lean:535,32,2,Support/Model,6.59
BoCa.Fig16.ResU.upd_ag_nonimm_transfer,BoCa/Ancestor.lean:568,28,2,Support/Model,
BoCa.Fig16.ResU.upd_ag_mut_eq,BoCa/Ancestor.lean:597,127,2,Support/Model,6.48
BoCa.Fig16.ResU.upd_ag_eq_of_ne_own,BoCa/Ancestor.lean:728,36,2,Support/Model,6.48
BoCa.Fig16.ResU.upd_ag_own_or_none,BoCa/Ancestor.lean:766,15,2,Support/Model,6.48
BoCa.Fig16.OptComp.functional,BoCa/Ancestor.lean:782,13,2,Support/Model,
BoCa.Fig16.CellU.compR_own_kind_right,BoCa/Ancestor.lean:797,10,2,Support/Model,
BoCa.Fig16.CellU.eq_ownOf_of_kind,BoCa/Reborrow.lean:67,7,2,Support/Model,
BoCa.Fig16.CellU.CompatS.kind_left,BoCa/Reborrow.lean:76,5,2,Support/Model,
BoCa.Fig16.CellU.compatS_of,BoCa/Reborrow.lean:82,11,2,Support/Model,
BoCa.Fig16.CellU.CompR.erase_left,BoCa/Reborrow.lean:101,5,2,Support/Model,
BoCa.Fig16.CellU.CompR.erase_right,BoCa/Reborrow.lean:107,5,2,Support/Model,6.56
BoCa.Fig16.CellU.CompR.nonown_left,BoCa/Reborrow.lean:113,15,2,Support/Model,
BoCa.Fig16.CellU.CompR.nonown_right,BoCa/Reborrow.lean:129,15,2,Support/Model,
BoCa.Fig16.ResU.Comp.dom_left,BoCa/Reborrow.lean:154,9,2,Support/Model,
BoCa.Fig16.ResU.Comp.dom_right,BoCa/Reborrow.lean:164,9,2,Support/Model,
BoCa.Fig16.BigComp.dom,BoCa/Reborrow.lean:174,13,2,Support/Model,
BoCa.Fig16.ResU.reb_dom_subset,BoCa/Reborrow.lean:188,13,2,Support/Model,6.53
BoCa.Fig16.ResU.reb_imm_cell_sub,BoCa/Reborrow.lean:202,18,2,Support/Model,
BoCa.Fig16.ResU.reb_imm_cell_kw,BoCa/Reborrow.lean:221,13,2,Support/Model,6.54
BoCa.Fig16.ResU.reb_src,BoCa/Reborrow.lean:235,23,2,Support/Model,6.52
BoCa.Fig16.ResU.sites_nil_of_none,BoCa/Reborrow.lean:267,7,2,Support/Model,
BoCa.Fig16.ResU.sites_singleton_of,BoCa/Reborrow.lean:275,13,2,Support/Model,
BoCa.Fig16.BigComp.nil_inv,BoCa/Reborrow.lean:289,3,2,Support/Model,
BoCa.Fig16.ExR.get_of_ne_imm,BoCa/Reborrow.lean:293,30,2,Support/Model,
BoCa.Fig16.AgW.single_imm_inv,BoCa/Reborrow.lean:324,55,2,Support/Model,6.26
BoCa.Fig16.ResU.witFlat_cell,BoCa/Reborrow.lean:380,31,2,Support/Model,
BoCa.Fig16.ResU.frame_cell,BoCa/Reborrow.lean:412,54,2,Support/Model,6.53
BoCa.Fig16.ResU.agW_of_hash_left,BoCa/Reborrow.lean:508,10,2,Support/Model,6.53
BoCa.Fig16.EscrowAgree,BoCa/Reborrow.lean:519,21,2,Support/Model,6.54
BoCa.Fig16.escrowAgree_self,BoCa/Reborrow.lean:541,6,2,Support/Model,6.53
BoCa.Fig16.escrowAgree_of_no_own,BoCa/Reborrow.lean:548,11,2,Support/Model,6.53
BoCa.Fig16.escrowAgree_walk_of_no_own,BoCa/Reborrow.lean:560,9,2,Support/Model,6.53
BoCa.Fig16.BigComp.dom_inv,BoCa/Reborrow.lean:698,21,2,Support/Model,6.54
BoCa.Fig16.ExW.dom_of_ne_imm,BoCa/Reborrow.lean:720,17,2,Support/Model,6.54
BoCa.Fig16.ExW.dom_le,BoCa/Reborrow.lean:738,50,2,Support/Model,6.54
BoCa.Fig16.ResU.FlatR.dom,BoCa/Reborrow.lean:790,12,2,Support/Model,6.54
BoCa.Fig16.ResU.reb_imm_image,BoCa/Reborrow.lean:803,12,2,Support/Model,6.54
BoCa.Fig16.ResU.del_compS,BoCa/Reborrow.lean:816,19,2,Support/Model,6.29
BoCa.Fig16.ResU.reb_own_le,BoCa/Reborrow.lean:836,27,2,Support/Model,6.54
BoCa.Fig16.ResU.Under,BoCa/Reborrow.lean:878,10,2,Support/Model,6.54
BoCa.Fig16.ResU.Under.of_factor,BoCa/Reborrow.lean:889,14,2,Support/Model,6.54
BoCa.Fig16.ResU.Under.compR,BoCa/Reborrow.lean:904,19,2,Support/Model,
BoCa.Fig16.ResU.Under.bigComp,BoCa/Reborrow.lean:924,12,2,Support/Model,
BoCa.Fig16.ExW.under_le,BoCa/Reborrow.lean:937,54,2,Support/Model,6.54
BoCa.Fig16.ResU.ag_cell_of_reb,BoCa/Reborrow.lean:992,145,2,Support/Model,6.54
BoCa.Fig16.ResU.ag_dom_of_reb,BoCa/Reborrow.lean:1138,12,2,Support/Model,6.54
BoCa.Fig16.ResU.flatR_of_valid_single_imm,BoCa/Reborrow.lean:1151,11,2,Support/Model,6.54
BoCa.Fig16.ExW.empty_of_all_imm,BoCa/Reborrow.lean:1231,24,2,Support/Model,6.26
BoCa.Fig16.ResU.frame_flat_facts,BoCa/Reborrow.lean:1256,41,2,Support/Model,6.55
BoCa.Fig16.ResU.frame_compatS_ag,BoCa/Reborrow.lean:1298,24,2,Support/Model,6.55
BoCa.Fig16.ResU.frame_compatR_ag,BoCa/Reborrow.lean:1323,29,2,Support/Model,6.55
BoCa.Fig16.ResU.six55_self,BoCa/Reborrow.lean:1399,14,2,Support/Model,6.55
BoCa.Fig16.ResU.CompS.erase_left,BoCa/Reborrow.lean:1440,18,2,Support/Model,6.61
BoCa.Fig16.ResU.CompatS.of_factors,BoCa/Reborrow.lean:1459,17,2,Support/Model,6.61
BoCa.Fig16.ResU.CompS.inStratum,BoCa/Reborrow.lean:1477,13,2,Support/Model,6.61
BoCa.Fig16.BigComp.sublist_factor,BoCa/Reborrow.lean:1491,31,2,Support/Model,6.61
BoCa.Fig16.ResU.reb_overlap,BoCa/Reborrow.lean:1523,21,2,Support/Model,6.61
BoCa.Fig16.ResU.six61_side,BoCa/Reborrow.lean:1545,29,2,Support/Model,6.61
BoCa.Fig16.ResU.six61_imm_at,BoCa/Reborrow.lean:1575,25,2,Support/Model,6.61
BoCa.Fig16.ResU.restrictDom_get_of_some,BoCa/Reborrow.lean:1791,5,2,Support/Model,
BoCa.Fig16.ResU.restrictDom_get_of_none,BoCa/Reborrow.lean:1797,4,2,Support/Model,
BoCa.Fig16.ResU.delDom_get_of_some,BoCa/Reborrow.lean:1802,4,2,Support/Model,
BoCa.Fig16.ResU.delDom_get_of_none,BoCa/Reborrow.lean:1807,4,2,Support/Model,
BoCa.Fig16.ResU.restrictDom_get_inv,BoCa/Reborrow.lean:1812,6,2,Support/Model,
BoCa.Fig16.ResU.restrictDom_compS,BoCa/Reborrow.lean:1819,21,2,Support/Model,6.56
BoCa.Fig16.ResU.hash_self_single_imm,BoCa/Reborrow.lean:1869,15,2,Support/Model,
BoCa.Fig16.ResU.CompR.absorb,BoCa/Reborrow.lean:2000,11,2,Support/Model,6.57
BoCa.Fig16.ResU.LeR.absorb,BoCa/Reborrow.lean:2012,5,2,Support/Model,
BoCa.Fig16.ResU.CompR.absorb_comp,BoCa/Reborrow.lean:2018,6,2,Support/Model,6.57
BoCa.Fig16.BigComp.absorb,BoCa/Reborrow.lean:2025,14,2,Support/Model,6.57
BoCa.Fig16.ResU.restrictDom_dom,BoCa/Reborrow.lean:2040,6,2,Support/Model,6.57
BoCa.Fig16.CellU.compR_imm_sub,BoCa/Reborrow.lean:2047,15,2,Support/Model,6.57
BoCa.Fig16.ResU.restrictDom_compR_restrict,BoCa/Reborrow.lean:2063,38,2,Support/Model,6.57
BoCa.Fig16.ResU.reb_immPart_ag_absorbs,BoCa/Reborrow.lean:2102,66,2,Support/Model,
BoCa.Fig16.ResU.restrictDom_split,BoCa/Reborrow.lean:2267,47,2,Support/Model,6.58
BoCa.Fig16.ResU.lower_congr_iff,BoCa/Reborrow.lean:2315,16,2,Support/Model,6.58
BoCa.Fig16.ResU.six58_right,BoCa/Reborrow.lean:2417,59,2,Support/Model,6.58
BoCa.Fig16.ResU.flat_iff_agW,BoCa/Reborrow.lean:2505,14,2,Support/Model,
BoCa.Fig16.ResU.all_imm_compS,BoCa/Reborrow.lean:2520,12,2,Support/Model,
BoCa.Fig16.ResU.six59_display,BoCa/Reborrow.lean:2533,50,2,Support/Model,6.59
BoCa.Fig16.ResU.updV_congr_left,BoCa/Reborrow.lean:2584,24,2,Support/Model,
BoCa.Fig16.ResU.six59_reduce,BoCa/Reborrow.lean:2609,19,2,Support/Model,6.59
BoCa.Fig16.BigComp.toR,BoCa/Reborrow.lean:2638,7,2,Support/Model,6.32
BoCa.Fig16.CellU.CompR.ls_imm,BoCa/Reborrow.lean:2697,30,2,Support/Model,
BoCa.Fig16.ResU.CompR.get_ls_imm,BoCa/Reborrow.lean:2749,16,2,Support/Model,
BoCa.Fig16.AgW.get_ls_imm,BoCa/Reborrow.lean:2780,15,2,Support/Model,
BoCa.Fig16.ResU.Flat.get_ls_imm,BoCa/Reborrow.lean:2796,13,2,Support/Model,6.29
BoCa.Fig16.ResU.flat_imm_at_top,BoCa/Reborrow.lean:2856,48,2,Support/Model,
BoCa.Fig16.ResU.six29_borrows_off,BoCa/Reborrow.lean:2905,140,2,Support/Model,6.29
BoCa.Fig16.LSet.Diff.functional,BoCa/Reborrow.lean:3115,4,2,Support/Model,
BoCa.Fig16.LSet.diff_union,BoCa/Reborrow.lean:3120,12,2,Support/Model,
BoCa.Fig16.LSet.eq_of_diffEmpty,BoCa/Reborrow.lean:3133,4,2,Support/Model,
BoCa.Fig16.ResU.exclPart_eq_some,BoCa/Reborrow.lean:3138,8,2,Support/Model,
BoCa.Fig16.ResU.exclPart_restrict_compS,BoCa/Reborrow.lean:3147,35,2,Support/Model,
BoCa.Fig16.CellU.subLS,BoCa/Reborrow.lean:3219,11,2,Support/Model,
BoCa.Fig16.CellU.subLS_of_diffEmpty,BoCa/Reborrow.lean:3232,5,2,Support/Model,
BoCa.Fig16.CellU.subLS_of_diff,BoCa/Reborrow.lean:3239,11,2,Support/Model,
BoCa.Fig16.ResU.subWitness,BoCa/Reborrow.lean:3251,15,2,Support/Model,
BoCa.Fig16.ResU.subWitness_of_none,BoCa/Reborrow.lean:3267,8,2,Support/Model,
BoCa.Fig16.ResU.subWitness_of_imm,BoCa/Reborrow.lean:3276,9,2,Support/Model,
BoCa.Fig16.ResU.subWitness_dom,BoCa/Reborrow.lean:3286,11,2,Support/Model,
BoCa.Fig16.ResU.sub_of_le,BoCa/Reborrow.lean:3298,100,2,Support/Model,6.52
BoCa.Fig16.ResU.SubKeep.functional,BoCa/Reborrow.lean:3400,52,2,Support/Model,
BoCa.Fig16.ResU.SubKeep.compS,BoCa/Reborrow.lean:3453,12,2,Support/Model,6.59
BoCa.Fig16.CellU.wit_inStratum_at,BoCa/Reborrow.lean:3515,10,2,Support/Model,
BoCa.Fig16.CellU.CompR.lsOf_inv,BoCa/Reborrow.lean:3526,22,2,Support/Model,
BoCa.Fig16.ResU.CompR.lsOf_inv,BoCa/Reborrow.lean:3549,17,2,Support/Model,6.52
BoCa.Fig16.BigComp.lsOf_inv,BoCa/Reborrow.lean:3567,19,2,Support/Model,
BoCa.Fig16.CellU.sqsupset_of_lsOf,BoCa/Reborrow.lean:3587,8,2,Support/Model,
BoCa.Fig16.CellU.kind_of_lsOf,BoCa/Reborrow.lean:3596,6,2,Support/Model,
BoCa.Fig16.AgW.lsOf_source,BoCa/Reborrow.lean:3603,36,2,Support/Model,
BoCa.Fig16.ResU.flat_imm_at_top_of_no_shorter,BoCa/Reborrow.lean:3640,40,2,Support/Model,6.52
BoCa.Fig16.Life.not_lt_of_down_lt,BoCa/Reborrow.lean:3689,5,2,Support/Model,
BoCa.Fig16.CellU.not_at_lt_of_inStratum_down,BoCa/Reborrow.lean:3695,8,2,Support/Model,
BoCa.Fig16.ResU.CompS.inStratum_left,BoCa/Reborrow.lean:3704,13,2,Support/Model,
BoCa.Fig16.ResU.CompS.inStratum_right,BoCa/Reborrow.lean:3718,3,2,Support/Model,6.64
BoCa.Fig16.ResU.reb_inStratum_down,BoCa/Reborrow.lean:3722,12,2,Support/Model,6.52
BoCa.Fig16.Life.le_of_down_lt,BoCa/Reborrow.lean:3793,6,2,Support/Model,
BoCa.Fig16.CellU.wit_inStratum_of_down,BoCa/Reborrow.lean:3800,12,2,Support/Model,6.52
BoCa.Fig16.ResU.inStratum_comp_at,BoCa/Reborrow.lean:3813,15,2,Support/Model,
BoCa.Fig16.CellU.compS_hC,BoCa/Reborrow.lean:3829,4,2,Support/Model,
BoCa.Fig16.ResU.CompS.inStratum_left_at,BoCa/Reborrow.lean:3834,13,2,Support/Model,
BoCa.Fig16.ResU.CompS.inStratum_right_at,BoCa/Reborrow.lean:3848,5,2,Support/Model,
BoCa.Fig16.ExW.inStratum_at,BoCa/Reborrow.lean:3854,29,2,Support/Model,6.52
BoCa.Fig16.AgW.inStratum_at,BoCa/Reborrow.lean:3884,30,2,Support/Model,6.52
BoCa.Fig16.ResU.flat_inStratum_at,BoCa/Reborrow.lean:3915,11,2,Support/Model,6.27
BoCa.Fig16.ResU.flat_inStratum_inv_at,BoCa/Reborrow.lean:3927,17,2,Support/Model,6.38
BoCa.Fig16.ResU.updV_outlives_at,BoCa/Reborrow.lean:3945,20,2,Support/Model,6.52
BoCa.Fig16.ResU.Sub.inStratum,BoCa/Reborrow.lean:3966,55,2,Support/Model,6.52
BoCa.Fig16.ResU.reb_restrictDom_exclPart_empty,BoCa/Reborrow.lean:4022,15,2,Support/Model,
BoCa.Fig16.ResU.six52_H1,BoCa/Reborrow.lean:4038,122,2,Support/Model,6.59
BoCa.Fig16.ResU.six52_sub_inStratum,BoCa/Reborrow.lean:4161,56,2,Support/Model,6.59
BoCa.Fig16.ResU.six52_keep,BoCa/Reborrow.lean:4243,21,2,Support/Model,6.150
BoCa.Fig16.ExR.split_of_compS,BoCa/Reborrow.lean:4411,63,2,Support/Model,
BoCa.Fig16.ResU.reb_own_wit_le,BoCa/Reborrow.lean:4495,27,2,Support/Model,
BoCa.Fig16.ResU.absorbed_of_factor_flatR,BoCa/Reborrow.lean:4646,24,2,Support/Model,
BoCa.Fig16.ResU.reb_wit_absorbs,BoCa/Reborrow.lean:4671,80,2,Support/Model,
BoCa.Fig16.ResU.reb_ag_split,BoCa/Reborrow.lean:4752,48,2,Support/Model,6.59
BoCa.Fig16.CellU.Sim.symm,BoCa/Reborrow.lean:5088,5,2,Support/Model,
BoCa.Fig16.ResU.borrowPart_eq_some,BoCa/Reborrow.lean:5132,7,2,Support/Model,
BoCa.Fig16.ResU.sim_of_upd,BoCa/Reborrow.lean:5149,13,2,Support/Model,
BoCa.Fig16.CellU.CompR.imm_nonimm_left,BoCa/Reborrow.lean:5356,15,2,Support/Model,
BoCa.Fig16.ResU.SimFormAt,BoCa/Reborrow.lean:5421,13,2,Support/Model,
BoCa.Fig16.ResU.simForm_iff_at,BoCa/Reborrow.lean:5435,4,2,Support/Model,
BoCa.Fig16.ResU.SixFiftyNineOffReb,BoCa/Reborrow.lean:5472,29,2,Support/Model,6.59
BoCa.Fig16.CellU.CompR.imm_union,BoCa/Reborrow.lean:5545,29,2,Support/Model,6.51
BoCa.Fig16.ResU.compS_single_get_ne,BoCa/Reborrow.lean:5658,10,2,Support/Model,6.39
BoCa.Fig16.ResU.compS_single_get_self,BoCa/Reborrow.lean:5669,11,2,Support/Model,6.39
BoCa.Fig16.ResU.flat_own_normal,BoCa/Reborrow.lean:5681,37,2,Support/Model,6.39
BoCa.Fig16.ResU.flat_imm_normal,BoCa/Reborrow.lean:5719,88,2,Support/Model,6.39
BoCa.Fig16.LSet.notMem_of_meet_sqsupset,BoCa/Reborrow.lean:5937,5,2,Support/Model,
BoCa.Fig16.CellU.notMem_of_inStratum,BoCa/Reborrow.lean:5943,6,2,Support/Model,
BoCa.Fig16.LSet.union_singleton_ne_singleton,BoCa/Reborrow.lean:5966,11,2,Support/Model,
BoCa.Fig16.CellU.compR_immBeta_imm,BoCa/Reborrow.lean:6000,31,2,Support/Model,
BoCa.Fig16.CellU.compR_immBeta_nonimm,BoCa/Reborrow.lean:6032,18,2,Support/Model,6.59
BoCa.Fig16.CellU.reb_frame_imm_ne_singleton,BoCa/Reborrow.lean:6051,14,2,Support/Model,
BoCa.Fig16.ResU.ex_none_of_ag_some,BoCa/Reborrow.lean:6520,10,2,Support/Model,
BoCa.Fig16.ResU.flat_eq_ag_of_immFree,BoCa/Reborrow.lean:6531,15,2,Support/Model,
BoCa.Fig16.ExW.eq_empty_of_immOnly,BoCa/Reborrow.lean:6616,32,2,Support/Model,
BoCa.Fig16.ResU.ex_eq_of_swap_immOnly,BoCa/Reborrow.lean:6650,20,2,Support/Model,6.59
BoCa.Fig16.ResU.reb_immPart_inStratum,BoCa/Reborrow.lean:6701,20,2,Support/Model,
BoCa.Fig16.ResU.upd_congr_left,BoCa/Reborrow.lean:6723,11,2,Support/Model,
BoCa.Fig16.ResU.reb_attribute_of_side,BoCa/Reborrow.lean:6736,19,2,Support/Model,
BoCa.Fig16.ResU.reb_attribute,BoCa/Reborrow.lean:6782,57,2,Support/Model,6.59
BoCa.Fig16.ResU.reb_ag_cell_absorbed_off_dom,BoCa/Reborrow.lean:6840,40,2,Support/Model,6.59
BoCa.Fig16.ResU.RebSwapPreservesUpd,BoCa/Reborrow.lean:6896,29,2,Support/Model,6.59
BoCa.Fig16.ResU.upd_of_swap,BoCa/Reborrow.lean:6927,40,2,Support/Model,6.59
BoCa.Fig16.CellU.CompR.imm_imm_union,BoCa/Reborrow.lean:6983,29,2,Support/Model,6.59
BoCa.Fig16.CellU.CompR.absorb_transC,BoCa/Reborrow.lean:7052,6,2,Support/Model,
BoCa.Fig16.ResU.compR_absorb_of_cells,BoCa/Reborrow.lean:7059,22,2,Support/Model,
BoCa.Fig16.ResU.LeR.get_some,BoCa/Reborrow.lean:7082,17,2,Support/Model,
BoCa.Fig16.AgW.AbsImm,BoCa/Reborrow.lean:7100,10,2,Support/Model,
BoCa.Fig16.AgW.AbsAnc,BoCa/Reborrow.lean:7111,11,2,Support/Model,
BoCa.Fig16.AgW.AbsImm.of_le,BoCa/Reborrow.lean:7123,13,2,Support/Model,
BoCa.Fig16.AgW.AbsAnc.of_le,BoCa/Reborrow.lean:7137,7,2,Support/Model,
BoCa.Fig16.AgW.absorb_of_ancestors,BoCa/Reborrow.lean:7145,74,2,Support/Model,6.59
BoCa.Fig16.LSet.union_singleton_le_cancel,BoCa/Reborrow.lean:7220,17,2,Support/Model,
BoCa.Fig16.CellU.reb_frame_imm_le,BoCa/Reborrow.lean:7238,50,2,Support/Model,6.59
BoCa.Fig16.ResU.reb_frame_absImm,BoCa/Reborrow.lean:7310,82,2,Support/Model,
BoCa.Fig16.ResU.reb_frame_absAnc,BoCa/Reborrow.lean:7393,32,2,Support/Model,
BoCa.Fig16.ResU.reb_frame_ag_le,BoCa/Reborrow.lean:7426,23,2,Support/Model,
BoCa.Fig16.ResU.reb_frame_ag_eq,BoCa/Reborrow.lean:7450,34,2,Support/Model,6.59
BoCa.Fig16.ResU.ag_single_imm_some_of_reb,BoCa/Reborrow.lean:7504,30,2,Support/Model,
BoCa.Fig16.ResU.flat_eq_ex_of_ag_none,BoCa/Reborrow.lean:7535,13,2,Support/Model,
BoCa.Fig16.ResU.simFormAt_of_eq,BoCa/Reborrow.lean:7549,14,2,Support/Model,
BoCa.Fig16.ResU.simFormAt_congr,BoCa/Reborrow.lean:7564,21,2,Support/Model,
BoCa.Fig16.ResU.six59_ag_eq,BoCa/Reborrow.lean:7586,119,2,Support/Model,6.59
BoCa.Fig16.ResU.six59_residual_at,BoCa/Reborrow.lean:7706,59,2,Support/Model,
BoCa.Fig16.ResU.SixFiftyNineResidualKeep,BoCa/Reborrow.lean:7910,24,2,Support/Model,6.59
BoCa.Fig16.ResU.sixFiftyNineResidualKeep,BoCa/Reborrow.lean:7935,10,2,Support/Model,
BoCa.Fig16.ResU.reb_immOnly,BoCa/Reborrow.lean:7964,4,2,Support/Model,
BoCa.Fig16.ResU.reb_reb_immOnly,BoCa/Reborrow.lean:7969,4,2,Support/Model,
BoCa.Fig16.ResU.single_imm_immOnly,BoCa/Reborrow.lean:7974,7,2,Support/Model,
BoCa.Fig16.ResU.six59_offReb_at,BoCa/Reborrow.lean:7982,60,2,Support/Model,
BoCa.Fig16.ResU.SixFiftyNineOffRebKeep,BoCa/Reborrow.lean:8043,24,2,Support/Model,6.59
BoCa.Fig16.ResU.sixFiftyNineOffRebKeep,BoCa/Reborrow.lean:8068,8,2,Support/Model,
BoCa.Fig16.AgW.single_imm,BoCa/Reborrow.lean:8306,21,2,Support/Model,6.34
BoCa.Fig16.ResU.walks_none_of_hash_own,BoCa/Reborrow.lean:8328,39,2,Support/Model,6.34
BoCa.Fig16.ResU.SixThirtyEight,BoCa/Reborrow.lean:8585,19,2,Support/Model,6.38
BoCa.Fig16.ResU.six38_no_borrow_in_frame,BoCa/Reborrow.lean:8605,46,2,Support/Model,6.38
BoCa.Fig16.ResU.six38_steps_one_two,BoCa/Reborrow.lean:8652,39,2,Support/Model,6.38
BoCa.Fig16.ResU.SixThirtyEightResidual,BoCa/Reborrow.lean:8692,22,2,Support/Model,6.38
BoCa.Fig16.ResU.sixThirtyEight_of_residual,BoCa/Reborrow.lean:8715,8,2,Support/Model,6.38
BoCa.Fig16.ResU.AgDomSplit,BoCa/Reborrow.lean:8724,22,2,Support/Model,6.38
BoCa.Fig16.ResU.eq_of_comp_empty_right,BoCa/Reborrow.lean:8773,15,2,Support/Model,
BoCa.Fig16.ResU.eq_of_comp_empty_left,BoCa/Reborrow.lean:8789,12,2,Support/Model,
BoCa.Fig16.ExW.single_mut_inv,BoCa/Reborrow.lean:8802,51,2,Support/Model,6.22
BoCa.Fig16.AgW.single_mut_inv,BoCa/Reborrow.lean:8854,56,2,Support/Model,6.22
BoCa.Fig16.ResU.compatS_congr_of_excl,BoCa/Reborrow.lean:9007,18,2,Support/Model,6.22
BoCa.Fig16.ResU.compS_agree_off_right,BoCa/Reborrow.lean:9026,20,2,Support/Model,
BoCa.Fig16.ExW.single_mut,BoCa/Reborrow.lean:9047,21,2,Support/Model,6.23
BoCa.Fig16.AgW.single_mut,BoCa/Reborrow.lean:9069,18,2,Support/Model,6.23
BoCa.Fig16.ResU.hash_empty_single_mut,BoCa/Reborrow.lean:9219,11,2,Support/Model,6.24
BoCa.Fig16.ResU.flat_mut_own_agree_off,BoCa/Reborrow.lean:9239,64,2,Support/Model,6.28
BoCa.Fig16.ResU.wit_get_none_of_valid_mut,BoCa/Reborrow.lean:9399,25,2,Support/Model,
BoCa.Fig16.ResU.compS_own_of_valid_mut,BoCa/Reborrow.lean:9425,11,2,Support/Model,6.66
BoCa.Fig16.ResU.lower_swap_mut_own,BoCa/Reborrow.lean:9437,19,2,Support/Model,6.65
BoCa.Fig16.ResU.lower_swap_imm_own,BoCa/Reborrow.lean:9457,20,2,Support/Model,6.64
BoCa.Fig16.ResU.valid_single_mut_of_wit,BoCa/Reborrow.lean:9478,11,2,Support/Model,6.66
BoCa.Fig16.ResU.updV_inStratum,BoCa/Reborrow.lean:9521,23,2,Support/Model,6.27
BoCa.Fig16.ResU.flat_get_of_ne_imm,BoCa/Reborrow.lean:9545,8,2,Support/Model,
BoCa.Fig16.AgW.dom_split,BoCa/Reborrow.lean:9655,37,2,Support/Model,6.38
BoCa.Fig16.ResU.sixThirtyEightResidual,BoCa/Reborrow.lean:9809,284,2,Support/Model,6.38
BoCa.Fig16.BoLo.RebEscrow,BoCa/RebWp.lean:71,16,2,Support/Model,6.175
BoCa.Fig16.BoLo.exists_shorter,BoCa/RebWp.lean:90,8,2,Support/Model,6.150
BoCa.Fig16.BoLo.noOwn_single_imm,BoCa/RebWp.lean:99,11,2,Support/Model,
BoCa.Fig16.BoLo.noOwn_exclPart,BoCa/RebWp.lean:111,4,2,Support/Model,
BoCa.Fig16.BoLo.noOwn_le_restrict_imm,BoCa/RebWp.lean:116,22,2,Support/Model,
BoCa.Fig16.BoLo.noOwn_subKeep,BoCa/RebWp.lean:139,6,2,Support/Model,
BoCa.Fig16.BoLo.agW_empty,BoCa/RebWp.lean:339,11,2,Support/Model,3.2
BoCa.Fig16.BoLo.exW_empty,BoCa/RebWp.lean:351,14,2,Support/Model,
BoCa.Fig16.BoLo.flat_empty,BoCa/RebWp.lean:366,6,2,Support/Model,3.2
BoCa.Fig16.BoLo.lower_empty,BoCa/RebWp.lean:373,4,2,Support/Model,
BoCa.Fig16.BoLo.rebEscrow_of_no_own,BoCa/RebWp.lean:378,17,2,Support/Model,6.150
BoCa.Fig16.BoLo.rebEscrow_emp,BoCa/RebWp.lean:396,8,2,Support/Model,6.150
BoCa.Fig16.MutU.ext,BoCa/Fig16.lean:733,8,1,Support/Model/Cells,
BoCa.Fig16.CellU.rep,BoCa/Fig16.lean:1164,30,1,Support/Model/Cells,
BoCa.Fig16.LSet.Diff,BoCa/Fig16.lean:2898,3,1,Support/Model/Cells,
BoCa.Fig16.LSet.DiffEmpty,BoCa/Fig16.lean:2902,2,1,Support/Model/Cells,
BoCa.Fig16.CellU.lsOf,BoCa/Reborrow.lean:3210,4,1,Support/Model/Cells,
BoCa.Fig16.CellU.lsOf_immOf,BoCa/Reborrow.lean:3215,2,1,Support/Model/Cells,
BoCa.Fig16.CellU.lsOf_ownOf,BoCa/Reborrow.lean:3508,2,1,Support/Model/Cells,
BoCa.Fig16.CellU.lsOf_mutOf,BoCa/Reborrow.lean:3511,3,1,Support/Model/Cells,
BoCa.Fig16._aux_BoCa_Fig16___unexpand_BoCa_Fig16_Life_down_1,BoCa/Fig16.lean:221,1,1,Support/Model/Notation,
BoCa.Fig16.BoLo._aux_BoCa_Fig16___unexpand_BoCa_Fig16_BoLo_Entails_1,BoCa/Fig16.lean:10232,1,2,Support/Model/Notation,
BoCa.Fig16.BoLo._aux_BoCa_Fig16___unexpand_BoCa_Fig16_BoLo_BiEntails_1,BoCa/Fig16.lean:10233,1,2,Support/Model/Notation,
BoCa.Fig16.BoLo._aux_BoCa_Fig16___unexpand_BoCa_Fig16_BoLo_pure_1,BoCa/Fig16.lean:10279,1,1,Support/Model/Notation,
BoCa.Fig16.BoLo._aux_BoCa_Fig16___unexpand_BoCa_Fig16_BoLo_sep_1,BoCa/Fig16.lean:10280,1,1,Support/Model/Notation,
BoCa.Fig16.BoLo._aux_BoCa_Fig16___unexpand_BoCa_Fig16_BoLo_wand_1,BoCa/Fig16.lean:10281,1,1,Support/Model/Notation,
BoCa.Fig16.BoLo._aux_BoCa_Fig16___macroRules_BoCa_Fig16_BoLo_term!ₛ__1,BoCa/Fig16.lean:10282,1,1,Support/Model/Notation,
BoCa.Fig16.minLeL,BoCa/Fig16.lean:140,1,1,Support/Model/Prelude,
BoCa.Fig16.minLeR,BoCa/Fig16.lean:141,1,1,Support/Model/Prelude,
BoCa.Fig16.leMaxL,BoCa/Fig16.lean:142,1,1,Support/Model/Prelude,
BoCa.Fig16.leMaxR,BoCa/Fig16.lean:143,1,1,Support/Model/Prelude,
BoCa.Fig16.FinDom,BoCa/Fig16.lean:438,3,1,Support/Model/Prelude,
_private.BoCa.Fig16.0.BoCa.Fig16.cast_left,BoCa/Fig16.lean:616,2,1,Support/Model/Prelude,
_private.BoCa.Fig16.0.BoCa.Fig16.cast_right,BoCa/Fig16.lean:619,2,1,Support/Model/Prelude,
BoCa.Fig16.Equiv,BoCa/Fig16.lean:956,10,1,Support/Model/Prelude,
BoCa.Fig16.Kind,BoCa/Fig16.lean:1201,9,1,Support/Model/Prelude,5.49
BoCa.Ctx.ScopedB,BoCa/Derives.lean:272,6,2,Support/Statics,6.151
BoCa.Ctx.ScopedB.of_dead,BoCa/Derives.lean:279,11,2,Support/Statics,6.151
BoCa.Ctx.ScopedB.split_left,BoCa/Derives.lean:291,22,2,Support/Statics,6.151
BoCa.Ctx.ScopedB.split_right,BoCa/Derives.lean:314,21,2,Support/Statics,
BoCa.Ctx.ScopedB.cons,BoCa/Derives.lean:336,7,2,Support/Statics,6.151
BoCa.Ctx.ScopedB.extend,BoCa/Derives.lean:344,8,2,Support/Statics,
BoCa.Ctx.ScopedB.allI,BoCa/Derives.lean:353,6,2,Support/Statics,6.151
BoCa.Ctx.Split.liveWithin,BoCa/Derives.lean:396,16,2,Support/Statics,
BoCa.Ctx.Solo.lt_of_liveWithin,BoCa/Derives.lean:413,10,2,Support/Statics,
BoCa.scopedB_axWithbor1Ty,BoCa/Derives.lean:601,7,2,Support/Statics,
BoCa.scopedB_axWithbor2Ty,BoCa/Derives.lean:609,6,2,Support/Statics,
BoCa.scopedB_axWithbor3Ty,BoCa/Derives.lean:616,7,2,Support/Statics,
BoCa.scopedB_axWithloadTy,BoCa/Derives.lean:624,7,2,Support/Statics,6.151
BoCa.DerivesWf,BoCa/Derives.lean:819,80,2,Support/Statics,6.151
BoCa.Slot,BoCa/Ty.lean:533,4,1,Support/Statics/Contexts,
BoCa.Ctx,BoCa/Ty.lean:538,1,1,Support/Statics/Contexts,
BoCa.Ctx.Split,BoCa/Derives.lean:158,11,1,Support/Statics/Contexts,
BoCa.IsVal.pair_left,BoCa/Syntax.lean:118,2,1,Support/Syntax/Terms,
BoCa.IsVal.pair_right,BoCa/Syntax.lean:121,2,1,Support/Syntax/Terms,
BoCa.IsVal.inj₁_inv,BoCa/Syntax.lean:124,1,1,Support/Syntax/Terms,
BoCa.IsVal.inj₂_inv,BoCa/Syntax.lean:126,1,1,Support/Syntax/Terms,
BoCa.IsVal.app_fun,BoCa/Syntax.lean:128,4,2,Support/Syntax/Terms,
BoCa.IsVal.app_arg,BoCa/Syntax.lean:133,2,2,Support/Syntax/Terms,
BoCa.isVal_pair_iff,BoCa/Syntax.lean:136,2,1,Support/Syntax/Terms,
BoCa.isVal_inj₁_iff,BoCa/Syntax.lean:139,2,1,Support/Syntax/Terms,
BoCa.isVal_inj₂_iff,BoCa/Syntax.lean:142,2,1,Support/Syntax/Terms,
BoCa.isVal_app_iff,BoCa/Syntax.lean:145,3,2,Support/Syntax/Terms,
BoCa.Val.ext,BoCa/Syntax.lean:182,3,2,Support/Syntax/Terms,
BoCa.Val.isVal,BoCa/Syntax.lean:186,4,2,Support/Syntax/Terms,
BoCa.Expr.shift,BoCa/Syntax.lean:204,13,1,Support/Syntax/Terms,1.43
BoCa.IsVal.shift,BoCa/Syntax.lean:218,10,1,Support/Syntax/Terms,
BoCa.Val.shift,BoCa/Syntax.lean:229,1,1,Support/Syntax/Terms,1.43
BoCa.Val.val_shift,BoCa/Syntax.lean:231,2,1,Support/Syntax/Terms,
BoCa.Expr.subst,BoCa/Syntax.lean:234,14,1,Support/Syntax/Terms,1.43;6.138
BoCa.IsVal.subst,BoCa/Syntax.lean:249,11,1,Support/Syntax/Terms,
BoCa.Val.subst,BoCa/Syntax.lean:261,1,1,Support/Syntax/Terms,1.43
BoCa.Val.val_subst,BoCa/Syntax.lean:263,2,1,Support/Syntax/Terms,
BoCa.load',BoCa/Notation.lean:9,1,1,Support/Syntax/Terms,
BoCa.store',BoCa/Notation.lean:10,1,1,Support/Syntax/Terms,
BoCa.unit',BoCa/Notation.lean:12,1,1,Support/Syntax/Terms,
BoCa.v0,BoCa/Notation.lean:13,1,1,Support/Syntax/Terms,
BoCa.v1,BoCa/Notation.lean:14,1,1,Support/Syntax/Terms,
BoCa.v2,BoCa/Notation.lean:15,1,1,Support/Syntax/Terms,
BoCa.v3,BoCa/Notation.lean:16,1,1,Support/Syntax/Terms,
BoCa.Expr.psub,BoCa/Subst.lean:68,19,1,Support/Syntax/Terms,
BoCa.Expr.shift_zero,BoCa/Subst.lean:109,20,2,Support/Syntax/Terms,
BoCa.Val.shift_zero,BoCa/Subst.lean:130,2,2,Support/Syntax/Terms,
BoCa.Expr.shift_shift,BoCa/Subst.lean:136,26,2,Support/Syntax/Terms,
BoCa.Val.shift_shift,BoCa/Subst.lean:163,3,2,Support/Syntax/Terms,
BoCa.Expr.subst_shift,BoCa/Subst.lean:169,40,2,Support/Syntax/Terms,
BoCa.Expr.psub_cons,BoCa/Subst.lean:222,60,2,Support/Syntax/Terms,
BoCa.Expr.psub_cons₂,BoCa/Subst.lean:294,92,2,Support/Syntax/Terms,6.156
BoCa.Fig16.LogRel.Typed.comp_get_l,BoCa/TypedImage.lean:40,3,2,Support/TypedWorld/Records,
BoCa.Fig16.LogRel.Typed.single_ne,BoCa/TypedImage.lean:44,2,2,Support/TypedWorld/Records,
BoCa.Fig16.LogRel.Typed.AdmWf,BoCa/TypedImage.lean:47,3,1,Support/TypedWorld/Records,
BoCa.Fig16.LogRel.Typed.flat_empty,BoCa/TypedImage.lean:51,3,2,Support/TypedWorld/Records,
BoCa.Fig16.LogRel.Typed.comp_some,BoCa/TypedImage.lean:59,9,2,Support/TypedWorld/Records,
BoCa.Fig16.LogRel.Typed.lift_view,BoCa/TypedImage.lean:69,25,2,Support/TypedWorld/Records,
BoCa.Fig16.LogRel.Typed.CellU.CompR.back_view,BoCa/TypedImage.lean:101,17,2,Support/TypedWorld/Records,
BoCa.Fig16.LogRel.Typed.back_view,BoCa/TypedImage.lean:119,14,2,Support/TypedWorld/Records,
BoCa.Fig16.LogRel.Typed.back_some,BoCa/TypedImage.lean:134,10,2,Support/TypedWorld/Records,
BoCa.Fig16.LogRel.Typed.lift_view_r,BoCa/TypedImage.lean:145,5,2,Support/TypedWorld/Records,
BoCa.Fig16.LogRel.Typed.comp_some_r,BoCa/TypedImage.lean:151,10,2,Support/TypedWorld/Records,
BoCa.Fig16.LogRel.Typed.ex_ag_disjoint,BoCa/TypedImage.lean:162,17,2,Support/TypedWorld/Records,
BoCa.Fig16.LogRel.Typed.lift_part,BoCa/TypedImage.lean:187,28,2,Support/TypedWorld/Records,
BoCa.Fig16.LogRel.Typed.reb_support,BoCa/TypedImage.lean:216,6,2,Support/TypedWorld/Records,
BoCa.Fig16.LogRel.Typed.frame_walks,BoCa/TypedImage.lean:225,48,2,Support/TypedWorld/Records,
BoCa.Fig16.LogRel.Typed.frame_transfer,BoCa/TypedImage.lean:274,23,2,Support/TypedWorld/Records,
BoCa.Fig16.LogRel.Typed.frame_support,BoCa/TypedImage.lean:298,15,2,Support/TypedWorld/Records,
BoCa.Fig16.LogRel.Typed.alloc_ag,BoCa/TypedImage.lean:316,7,2,Support/TypedWorld/Records,
BoCa.Fig16.LogRel.Typed.FrameRec,BoCa/TypedImage.lean:326,9,1,Support/TypedWorld/Records,
BoCa.Fig16.LogRel.Typed.agW_of_valid,BoCa/TypedImage.lean:336,2,2,Support/TypedWorld/Records,
BoCa.Fig16.LogRel.Typed.del_stratum_of_le,BoCa/TypedImage.lean:339,9,2,Support/TypedWorld/Records,
BoCa.Fig16.LogRel.Typed.vShape_congr,BoCa/TypedImage.lean:375,35,2,Support/TypedWorld/Records,
BoCa.Fig16.LogRel.Typed.vShape_extend_of_not_free,BoCa/TypedImage.lean:411,3,2,Support/TypedWorld/Records,
BoCa.Fig16.LogRel.Typed.RefPos,BoCa/TypedImage.lean:417,17,1,Support/TypedWorld/Records,
BoCa.Fig16.LogRel.Typed.RefPos.not_free,BoCa/TypedImage.lean:435,9,2,Support/TypedWorld/Records,
BoCa.Fig16.LogRel.Typed.Val.pair_inj',BoCa/TypedImage.lean:445,5,2,Support/TypedWorld/Records,
BoCa.Fig16.LogRel.Typed.Val.inj₁_inj',BoCa/TypedImage.lean:451,4,2,Support/TypedWorld/Records,
BoCa.Fig16.LogRel.Typed.Val.inj₂_inj',BoCa/TypedImage.lean:456,4,2,Support/TypedWorld/Records,
BoCa.Fig16.LogRel.Typed.Val.inj₁_ne_inj₂,BoCa/TypedImage.lean:461,4,2,Support/TypedWorld/Records,
BoCa.Fig16.LogRel.Typed.compS_get_left',BoCa/TypedImage.lean:466,14,2,Support/TypedWorld/Records,
BoCa.Fig16.LogRel.Typed.compS_get_right',BoCa/TypedImage.lean:481,4,2,Support/TypedWorld/Records,
BoCa.Fig16.LogRel.Typed.image_at_pos,BoCa/TypedImage.lean:486,53,2,Support/TypedWorld/Records,
BoCa.Fig16.LogRel.Typed.typed_image_pos,BoCa/TypedImage.lean:540,25,2,Support/TypedWorld/Records,
BoCa.Fig16.LogRel.Typed.bigComp_back,BoCa/TypedImage.lean:568,12,2,Support/TypedWorld/Records,
BoCa.Fig16.LogRel.Typed.agW_source,BoCa/TypedImage.lean:581,33,2,Support/TypedWorld/Records,
BoCa.Fig16.LogRel.Typed.reb_cell,BoCa/TypedImage.lean:617,35,2,Support/TypedWorld/Records,
BoCa.Fig16.LogRel.Typed.escrow_walks,BoCa/TypedImage.lean:653,8,2,Support/TypedWorld/Records,
BoCa.Fig16.LogRel.Typed.lift_escrow,BoCa/TypedImage.lean:662,7,2,Support/TypedWorld/Records,
BoCa.Fig16.LogRel.Typed.hRR,BoCa/TypedImage.lean:670,2,2,Support/TypedWorld/Records,
BoCa.Fig16.LogRel.Typed.reb_transfer_gen,BoCa/TypedImage.lean:673,66,2,Support/TypedWorld/Records,
BoCa.Fig16.LogRel.Typed.imm_back,BoCa/TypedImage.lean:742,15,2,Support/TypedWorld/Records,
BoCa.Fig16.LogRel.Typed.imm_fwd_l,BoCa/TypedImage.lean:758,5,2,Support/TypedWorld/Records,
BoCa.Fig16.LogRel.Typed.imm_fwd_r,BoCa/TypedImage.lean:764,5,2,Support/TypedWorld/Records,
BoCa.Fig16.LogRel.Typed.frame_imm,BoCa/TypedImage.lean:770,16,2,Support/TypedWorld/Records,
BoCa.Fig16.LogRel.Typed.Root,BoCa/TypedImage.lean:789,4,2,Support/TypedWorld/Records,
BoCa.Fig16.LogRel.Typed.empty_of_pure,BoCa/TypedImage.lean:796,1,2,Support/TypedWorld/Records,
BoCa.Fig16.LogRel.Typed.image_dom,BoCa/TypedImage.lean:798,96,2,Support/TypedWorld/Records,
BoCa.Fig16.LogRel.Typed.relCell,BoCa/TypedImage.lean:903,7,2,Support/TypedWorld/Records,
BoCa.Fig16.LogRel.Typed.relRes,BoCa/TypedImage.lean:911,6,2,Support/TypedWorld/Records,
BoCa.Fig16.LogRel.Typed.relRes_get,BoCa/TypedImage.lean:918,2,2,Support/TypedWorld/Records,
BoCa.Fig16.LogRel.Typed.relCell_props,BoCa/TypedImage.lean:921,8,2,Support/TypedWorld/Records,
BoCa.Fig16.LogRel.Typed.relCell_fire,BoCa/TypedImage.lean:930,7,2,Support/TypedWorld/Records,
BoCa.Fig16.LogRel.Typed.relCell_keep,BoCa/TypedImage.lean:938,6,2,Support/TypedWorld/Records,
BoCa.Fig16.LogRel.Typed.relCell_compS,BoCa/TypedImage.lean:945,19,2,Support/TypedWorld/Records,
BoCa.Fig16.LogRel.Typed.relRes_compS,BoCa/TypedImage.lean:965,18,2,Support/TypedWorld/Records,
BoCa.Fig16.LogRel.Typed.relRes_empty,BoCa/TypedImage.lean:984,2,2,Support/TypedWorld/Records,
BoCa.Fig16.LogRel.Typed.relRes_single,BoCa/TypedImage.lean:987,7,2,Support/TypedWorld/Records,
BoCa.Fig16.LogRel.Typed.interp_ext_self,BoCa/TypedImage.lean:995,3,2,Support/TypedWorld/Records,
BoCa.Fig16.LogRel.Typed.relabel_reb,BoCa/TypedImage.lean:999,36,2,Support/TypedWorld/Records,
BoCa.Fig16.LogRel.Typed.compatR_imm_congr',BoCa/TypedImage.lean:1036,26,2,Support/TypedWorld/Records,
BoCa.Fig16.LogRel.Typed.compatR_imm_congr,BoCa/TypedImage.lean:1063,6,2,Support/TypedWorld/Records,
BoCa.Fig16.LogRel.Typed.agWitsI_congr,BoCa/TypedImage.lean:1070,13,2,Support/TypedWorld/Records,
BoCa.Fig16.LogRel.Typed.agW_relRes,BoCa/TypedImage.lean:1084,49,2,Support/TypedWorld/Records,
BoCa.Fig16.LogRel.Typed.JointAt,BoCa/TypedImage.lean:1136,13,2,Support/TypedWorld/Records,
BoCa.Fig16.LogRel.Typed.reb_wit_stratum,BoCa/TypedImage.lean:1152,18,2,Support/TypedWorld/Records,
BoCa.Fig16.LogRel.Typed.RefPos.inv_ref,BoCa/TypedImage.lean:1177,3,2,Support/TypedWorld/Records,
BoCa.Fig16.LogRel.Typed.RefPos.inv_tensor,BoCa/TypedImage.lean:1181,6,2,Support/TypedWorld/Records,
BoCa.Fig16.LogRel.Typed.RefPos.inv_sum,BoCa/TypedImage.lean:1188,5,2,Support/TypedWorld/Records,
BoCa.Fig16.LogRel.Typed.RefPos.inv_box,BoCa/TypedImage.lean:1194,4,2,Support/TypedWorld/Records,
BoCa.Fig16.LogRel.Typed.own_of_le,BoCa/TypedImage.lean:1201,4,2,Support/TypedWorld/Records,
BoCa.Fig16.LogRel.Typed.not_own_both,BoCa/TypedImage.lean:1206,4,2,Support/TypedWorld/Records,
BoCa.Fig16.LogRel.Typed.sub_comp,BoCa/TypedImage.lean:1211,9,2,Support/TypedWorld/Records,
BoCa.Fig16.LogRel.Typed.le_of_compS_left,BoCa/TypedImage.lean:1221,1,2,Support/TypedWorld/Records,
BoCa.Fig16.LogRel.Typed.le_of_compS_right,BoCa/TypedImage.lean:1223,2,2,Support/TypedWorld/Records,
BoCa.Fig16.LogRel.Typed.own_split,BoCa/TypedImage.lean:1228,53,2,Support/TypedWorld/Records,
BoCa.Fig16.LogRel.Typed.refPos_blocks,BoCa/TypedImage.lean:1282,72,2,Support/TypedWorld/Records,
BoCa.Fig16.LogRel.Typed.Chain,BoCa/TypedImage.lean:1357,11,1,Support/TypedWorld/Records,
BoCa.Fig16.LogRel.Typed.Chain.own,BoCa/TypedImage.lean:1369,5,2,Support/TypedWorld/Records,
BoCa.Fig16.LogRel.Typed.Chain.snoc,BoCa/TypedImage.lean:1375,8,2,Support/TypedWorld/Records,
BoCa.Fig16.LogRel.Typed.chain_own,BoCa/TypedImage.lean:1384,25,2,Support/TypedWorld/Records,
BoCa.Fig16.LogRel.Typed.chain_unique,BoCa/TypedImage.lean:1410,79,2,Support/TypedWorld/Records,
BoCa.Fig16.LogRel.Typed.chain_last,BoCa/TypedImage.lean:1490,19,2,Support/TypedWorld/Records,
BoCa.Fig16.LogRel.Typed.own_del,BoCa/TypedImage.lean:1510,5,2,Support/TypedWorld/Records,
BoCa.Fig16.LogRel.Typed.frame_fwd,BoCa/TypedImage.lean:1516,18,2,Support/TypedWorld/Records,
BoCa.Fig16.LogRel.Typed.DeepInv,BoCa/TypedImage.lean:1537,14,2,Support/TypedWorld/Records,
BoCa.Fig16.LogRel.Typed.JointDeep,BoCa/TypedImage.lean:1552,13,2,Support/TypedWorld/Records,
BoCa.Fig16.LogRel.Typed.ChainInv,BoCa/TypedImage.lean:1566,10,2,Support/TypedWorld/Records,
BoCa.Fig16.LogRel.Typed.chain_unique_rec,BoCa/TypedImage.lean:1577,4,2,Support/TypedWorld/Records,
BoCa.Fig16.LogRel.Typed.chain_val,BoCa/TypedImage.lean:1582,5,2,Support/TypedWorld/Records,
BoCa.Fig16.LogRel.Typed.reb_like_back,BoCa/TypedImage.lean:1590,14,2,Support/TypedWorld/Records,
BoCa.Fig16.LogRel.Typed.reb_like_fwd,BoCa/TypedImage.lean:1605,12,2,Support/TypedWorld/Records,
BoCa.Fig16.LogRel.Typed.reb_like_new,BoCa/TypedImage.lean:1618,11,2,Support/TypedWorld/Records,
BoCa.Fig16.LogRel.Typed.deepInv_back,BoCa/TypedImage.lean:1630,18,2,Support/TypedWorld/Records,
BoCa.Fig16.LogRel.Typed.chainInv_reb,BoCa/TypedImage.lean:1649,87,2,Support/TypedWorld/Records,
BoCa.Fig16.LogRel.Typed.chainInv_rebDeep,BoCa/TypedImage.lean:1737,119,2,Support/TypedWorld/Records,
BoCa.Fig16.LogRel.Typed.Cp,BoCa/TypedImage.lean:1863,5,2,Support/TypedWorld/Records,
BoCa.Fig16.LogRel.Typed.AllCp,BoCa/TypedImage.lean:1869,2,2,Support/TypedWorld/Records,
BoCa.Fig16.LogRel.Typed.cp_compat,BoCa/TypedImage.lean:1872,6,2,Support/TypedWorld/Records,
BoCa.Fig16.LogRel.Typed.cp_comp,BoCa/TypedImage.lean:1879,9,2,Support/TypedWorld/Records,
BoCa.Fig16.LogRel.Typed.comp_allCp,BoCa/TypedImage.lean:1889,11,2,Support/TypedWorld/Records,
BoCa.Fig16.LogRel.Typed.bigComp_allCp,BoCa/TypedImage.lean:1901,8,2,Support/TypedWorld/Records,
BoCa.Fig16.LogRel.Typed.allCp_left,BoCa/TypedImage.lean:1910,12,2,Support/TypedWorld/Records,
BoCa.Fig16.LogRel.Typed.allCp_right,BoCa/TypedImage.lean:1923,2,2,Support/TypedWorld/Records,
BoCa.Fig16.LogRel.Typed.allCp_trans,BoCa/TypedImage.lean:1926,8,2,Support/TypedWorld/Records,
BoCa.Fig16.LogRel.Typed.reb_cell_erase,BoCa/TypedImage.lean:1937,22,2,Support/TypedWorld/Records,
BoCa.Fig16.LogRel.Typed.plusRes,BoCa/TypedImage.lean:1963,12,2,Support/TypedWorld/Records,
BoCa.Fig16.LogRel.Typed.plusRes_own,BoCa/TypedImage.lean:1977,5,2,Support/TypedWorld/Records,
BoCa.Fig16.LogRel.Typed.plusRes_other,BoCa/TypedImage.lean:1984,5,2,Support/TypedWorld/Records,
BoCa.Fig16.LogRel.Typed.agW_image_noview,BoCa/TypedImage.lean:1990,115,2,Support/TypedWorld/Records,
BoCa.Fig16.LogRel.Typed.cell_of_compS_single,BoCa/TypedImage.lean:2106,9,2,Support/TypedWorld/Records,
BoCa.Fig16.LogRel.Typed.chainInv_of_ag_sub,BoCa/TypedWorld.lean:34,16,2,Support/TypedWorld/Records,
BoCa.Fig16.LogRel.Typed.own_cell_ag,BoCa/TypedWorld.lean:51,11,2,Support/TypedWorld/Records,
BoCa.Fig16.LogRel.Typed.mut_fold_ag,BoCa/TypedWorld.lean:63,14,2,Support/TypedWorld/Records,
BoCa.Fig16.LogRel.Typed.imm_back_full,BoCa/TypedWorld.lean:80,15,2,Support/TypedWorld/Records,
BoCa.Fig16.LogRel.Typed.imm_fwd_full_l,BoCa/TypedWorld.lean:96,4,2,Support/TypedWorld/Records,
BoCa.Fig16.LogRel.Typed.imm_fwd_full_r,BoCa/TypedWorld.lean:101,4,2,Support/TypedWorld/Records,
BoCa.Fig16.LogRel.Typed.end_walks,BoCa/TypedWorld.lean:106,16,2,Support/TypedWorld/Records,
BoCa.Fig16.LogRel.Typed.end_back,BoCa/TypedWorld.lean:123,16,2,Support/TypedWorld/Records,
BoCa.Fig16.LogRel.Typed.end_fwd_imm,BoCa/TypedWorld.lean:140,19,2,Support/TypedWorld/Records,
BoCa.Fig16.LogRel.Typed.frame_fwd_imm,BoCa/TypedWorld.lean:160,18,2,Support/TypedWorld/Records,
BoCa.Fig16.LogRel.Typed.LeInv,BoCa/TypedWorld.lean:181,4,2,Support/TypedWorld/Records,
BoCa.Fig16.LogRel.Typed.lsOf_eta,BoCa/TypedWorld.lean:192,7,2,Support/TypedWorld/Records,
BoCa.Fig16.LogRel.Typed.lsOf_of_imm,BoCa/TypedWorld.lean:200,3,2,Support/TypedWorld/Records,
BoCa.Fig16.LogRel.Typed.ICp,BoCa/TypedWorld.lean:206,6,2,Support/TypedWorld/Records,
BoCa.Fig16.LogRel.Typed.ICpAt,BoCa/TypedWorld.lean:213,2,2,Support/TypedWorld/Records,
BoCa.Fig16.LogRel.Typed.AllICp,BoCa/TypedWorld.lean:216,1,2,Support/TypedWorld/Records,
BoCa.Fig16.LogRel.Typed.ICp.ls,BoCa/TypedWorld.lean:218,6,2,Support/TypedWorld/Records,
BoCa.Fig16.LogRel.Typed.icpAt_left,BoCa/TypedWorld.lean:225,8,2,Support/TypedWorld/Records,
BoCa.Fig16.LogRel.Typed.icpAt_right,BoCa/TypedWorld.lean:234,2,2,Support/TypedWorld/Records,
BoCa.Fig16.LogRel.Typed.icp_trans,BoCa/TypedWorld.lean:237,8,2,Support/TypedWorld/Records,
BoCa.Fig16.LogRel.Typed.icpAt_trans,BoCa/TypedWorld.lean:246,2,2,Support/TypedWorld/Records,
BoCa.Fig16.LogRel.Typed.icpAt_comp,BoCa/TypedWorld.lean:249,22,2,Support/TypedWorld/Records,
BoCa.Fig16.LogRel.Typed.icpAt_bigComp,BoCa/TypedWorld.lean:272,11,2,Support/TypedWorld/Records,
BoCa.Fig16.LogRel.Typed.icpAt_of_immFree,BoCa/TypedWorld.lean:284,2,2,Support/TypedWorld/Records,
BoCa.Fig16.LogRel.Typed.icpAt_none,BoCa/TypedWorld.lean:287,2,2,Support/TypedWorld/Records,
BoCa.Fig16.LogRel.Typed.icpAt_agW,BoCa/TypedWorld.lean:290,10,2,Support/TypedWorld/Records,
BoCa.Fig16.LogRel.Typed.MutAt,BoCa/TypedWorld.lean:303,7,2,Support/TypedWorld/Records,
BoCa.Fig16.LogRel.Typed.MutAt.mono,BoCa/TypedWorld.lean:311,12,2,Support/TypedWorld/Records,
BoCa.Fig16.LogRel.Typed.MutAt.of_compS_left,BoCa/TypedWorld.lean:324,5,2,Support/TypedWorld/Records,
BoCa.Fig16.LogRel.Typed.MutAt.of_compS_right,BoCa/TypedWorld.lean:330,2,2,Support/TypedWorld/Records,
BoCa.Fig16.LogRel.Typed.MutAt.of_le,BoCa/TypedWorld.lean:333,3,2,Support/TypedWorld/Records,
BoCa.Fig16.LogRel.Typed.MutAt.of_del,BoCa/TypedWorld.lean:337,5,2,Support/TypedWorld/Records,
BoCa.Fig16.LogRel.Typed.compS_back,BoCa/TypedWorld.lean:343,15,2,Support/TypedWorld/Records,
BoCa.Fig16.LogRel.Typed.MutAt.split,BoCa/TypedWorld.lean:359,11,2,Support/TypedWorld/Records,
BoCa.Fig16.LogRel.Typed.not_mutAt_single_own,BoCa/TypedWorld.lean:371,7,2,Support/TypedWorld/Records,
BoCa.Fig16.LogRel.Typed.compR_mut_src,BoCa/TypedWorld.lean:381,14,2,Support/TypedWorld/Records,
BoCa.Fig16.LogRel.Typed.comp_mut_src,BoCa/TypedWorld.lean:396,16,2,Support/TypedWorld/Records,
BoCa.Fig16.LogRel.Typed.bigComp_mut_src,BoCa/TypedWorld.lean:413,14,2,Support/TypedWorld/Records,
BoCa.Fig16.LogRel.Typed.exW_mut,BoCa/TypedWorld.lean:428,25,2,Support/TypedWorld/Records,
BoCa.Fig16.LogRel.Typed.agW_mut,BoCa/TypedWorld.lean:454,35,2,Support/TypedWorld/Records,
BoCa.Fig16.LogRel.Typed.hSS,BoCa/TypedWorld.lean:492,4,2,Support/TypedWorld/Records,
BoCa.Fig16.LogRel.Typed.mutAt_walk_dom,BoCa/TypedWorld.lean:497,29,2,Support/TypedWorld/Records,
BoCa.Fig16.LogRel.Typed.not_mutAt_top_own,BoCa/TypedWorld.lean:527,52,2,Support/TypedWorld/Records,
BoCa.Fig16.LogRel.Typed.reb_cell_ls,BoCa/TypedWorld.lean:586,34,2,Support/TypedWorld/Records,
BoCa.Fig16.LogRel.Typed.mutAt_image,BoCa/TypedWorld.lean:621,14,2,Support/TypedWorld/Records,
BoCa.Fig16.LogRel.Typed.mutAt_of_cell,BoCa/TypedWorld.lean:636,5,2,Support/TypedWorld/Records,
BoCa.Fig16.LogRel.Typed.escrow_icp,BoCa/TypedWorld.lean:644,10,2,Support/TypedWorld/Records,
BoCa.Fig16.LogRel.Typed.img_walk,BoCa/TypedWorld.lean:655,53,2,Support/TypedWorld/Records,
BoCa.Fig16.LogRel.Typed.img_cell,BoCa/TypedWorld.lean:709,17,2,Support/TypedWorld/Records,
BoCa.Fig16.LogRel.Typed.img_ls,BoCa/TypedWorld.lean:727,19,2,Support/TypedWorld/Records,
BoCa.Fig16.LogRel.Typed.NestLife,BoCa/TypedWorld.lean:749,10,2,Support/TypedWorld/Records,
BoCa.Fig16.LogRel.Typed.nestLife_of_maps,BoCa/TypedWorld.lean:760,19,2,Support/TypedWorld/Records,
BoCa.Fig16.LogRel.Typed.nestLife_of_icp,BoCa/TypedWorld.lean:780,9,2,Support/TypedWorld/Records,
BoCa.Fig16.LogRel.Typed.nestLife_of_ag,BoCa/TypedWorld.lean:790,4,2,Support/TypedWorld/Records,
BoCa.Fig16.LogRel.Typed.leInv_of_reb,BoCa/TypedWorld.lean:797,9,2,Support/TypedWorld/Records,
BoCa.Fig16.LogRel.Typed.MutPos,BoCa/TypedWorld.lean:813,16,1,Support/TypedWorld/Records,
BoCa.Fig16.LogRel.Typed.mut_split,BoCa/TypedWorld.lean:830,48,2,Support/TypedWorld/Records,
BoCa.Fig16.LogRel.Typed.image_dom_mut,BoCa/TypedWorld.lean:879,94,2,Support/TypedWorld/Records,
BoCa.Fig16.LogRel.Typed.ag_none_of_top,BoCa/TypedWorld.lean:976,10,2,Support/TypedWorld/Records,
BoCa.Fig16.LogRel.Typed.lfree_immReborrow,BoCa/TypedWorld.lean:993,41,2,Support/TypedWorld/Records,
BoCa.Fig16.LogRel.Typed.RefPos.free,BoCa/TypedWorld.lean:1035,5,2,Support/TypedWorld/Records,
BoCa.Fig16.LogRel.Typed.AgreeOn,BoCa/TypedWorld.lean:1043,2,1,Support/TypedWorld/Records,
BoCa.Fig16.LogRel.Typed.Coh,BoCa/TypedWorld.lean:1046,7,1,Support/TypedWorld/Records,
BoCa.Fig16.LogRel.Typed.vShape_immReb_agree,BoCa/TypedWorld.lean:1054,10,2,Support/TypedWorld/Records,
BoCa.Fig16.LogRel.Typed.coh_root,BoCa/TypedWorld.lean:1065,8,2,Support/TypedWorld/Records,
BoCa.Fig16.LogRel.Typed.coh_child,BoCa/TypedWorld.lean:1074,10,2,Support/TypedWorld/Records,
BoCa.Fig16.LogRel.Typed.XPath,BoCa/TypedWorld.lean:1091,6,2,Support/TypedWorld/Records,
BoCa.Fig16.LogRel.Typed.bigComp_get_of_ne_imm,BoCa/TypedWorld.lean:1098,6,2,Support/TypedWorld/Records,
BoCa.Fig16.LogRel.Typed.bigComp_two,BoCa/TypedWorld.lean:1105,17,2,Support/TypedWorld/Records,
BoCa.Fig16.LogRel.Typed.xpath_ex,BoCa/TypedWorld.lean:1123,26,2,Support/TypedWorld/Records,
BoCa.Fig16.LogRel.Typed.xpath_unique,BoCa/TypedWorld.lean:1150,69,2,Support/TypedWorld/Records,
BoCa.Fig16.LogRel.Typed.not_mutAt_ex_own_aux,BoCa/TypedWorld.lean:1222,43,2,Support/TypedWorld/Records,
BoCa.Fig16.LogRel.Typed.not_mutAt_ex_own,BoCa/TypedWorld.lean:1266,11,2,Support/TypedWorld/Records,
BoCa.Fig16.LogRel.Typed.CellU.CompR.lift_full,BoCa/TypedWorld.lean:1280,17,2,Support/TypedWorld/Records,
BoCa.Fig16.LogRel.Typed.Lifts,BoCa/TypedWorld.lean:1298,5,2,Support/TypedWorld/Records,
BoCa.Fig16.LogRel.Typed.Lifts.trans,BoCa/TypedWorld.lean:1304,8,2,Support/TypedWorld/Records,
BoCa.Fig16.LogRel.Typed.lifts_left,BoCa/TypedWorld.lean:1313,9,2,Support/TypedWorld/Records,
BoCa.Fig16.LogRel.Typed.lifts_right,BoCa/TypedWorld.lean:1323,2,2,Support/TypedWorld/Records,
BoCa.Fig16.LogRel.Typed.exR_mut_wit,BoCa/TypedWorld.lean:1326,12,2,Support/TypedWorld/Records,
BoCa.Fig16.LogRel.Typed.exR_cell,BoCa/TypedWorld.lean:1339,7,2,Support/TypedWorld/Records,
BoCa.Fig16.LogRel.Typed.MutPos.inv_mut,BoCa/TypedWorld.lean:1353,3,2,Support/TypedWorld/Records,
BoCa.Fig16.LogRel.Typed.MutPos.inv_tensor,BoCa/TypedWorld.lean:1357,6,2,Support/TypedWorld/Records,
BoCa.Fig16.LogRel.Typed.MutPos.inv_sum,BoCa/TypedWorld.lean:1364,5,2,Support/TypedWorld/Records,
BoCa.Fig16.LogRel.Typed.MutPos.inv_box,BoCa/TypedWorld.lean:1370,4,2,Support/TypedWorld/Records,
BoCa.Fig16.LogRel.Typed.MutPos.free,BoCa/TypedWorld.lean:1375,9,2,Support/TypedWorld/Records,
BoCa.Fig16.LogRel.Typed.mut_split_den,BoCa/TypedWorld.lean:1387,51,2,Support/TypedWorld/Records,
BoCa.Fig16.LogRel.Typed.not_mut_both,BoCa/TypedWorld.lean:1441,5,2,Support/TypedWorld/Records,
BoCa.Fig16.LogRel.Typed.mutPos_unique,BoCa/TypedWorld.lean:1447,56,2,Support/TypedWorld/Records,
BoCa.Fig16.LogRel.Typed.mut_ref_blocks,BoCa/TypedWorld.lean:1504,62,2,Support/TypedWorld/Records,
BoCa.Fig16.LogRel.Typed.GPos,BoCa/TypedWorld.lean:1569,6,1,Support/TypedWorld/Records,
BoCa.Fig16.LogRel.Typed.GPos.of_chain,BoCa/TypedWorld.lean:1576,6,2,Support/TypedWorld/Records,
BoCa.Fig16.LogRel.Typed.GPos.free,BoCa/TypedWorld.lean:1583,5,2,Support/TypedWorld/Records,
BoCa.Fig16.LogRel.Typed.gpos_mut_cell,BoCa/TypedWorld.lean:1589,19,2,Support/TypedWorld/Records,
BoCa.Fig16.LogRel.Typed.gpos_cross,BoCa/TypedWorld.lean:1609,15,2,Support/TypedWorld/Records,
BoCa.Fig16.LogRel.Typed.gpos_unique,BoCa/TypedWorld.lean:1625,42,2,Support/TypedWorld/Records,
BoCa.Fig16.LogRel.Typed.SubRec,BoCa/TypedWorld.lean:1674,6,1,Support/TypedWorld/Records,
BoCa.Fig16.LogRel.Typed.LinPath,BoCa/TypedWorld.lean:1681,5,1,Support/TypedWorld/Records,
BoCa.Fig16.LogRel.Typed.DescR,BoCa/TypedWorld.lean:1687,2,1,Support/TypedWorld/Records,
BoCa.Fig16.LogRel.Typed.Desc,BoCa/TypedWorld.lean:1690,2,1,Support/TypedWorld/Records,
BoCa.Fig16.LogRel.Typed.DescR.refl,BoCa/TypedWorld.lean:1693,1,2,Support/TypedWorld/Records,
BoCa.Fig16.LogRel.Typed.LinPath.snoc,BoCa/TypedWorld.lean:1695,5,2,Support/TypedWorld/Records,
BoCa.Fig16.LogRel.Typed.DescR.sub,BoCa/TypedWorld.lean:1701,3,2,Support/TypedWorld/Records,
BoCa.Fig16.LogRel.Typed.LinPath.xpath,BoCa/TypedWorld.lean:1705,6,2,Support/TypedWorld/Records,
BoCa.Fig16.LogRel.Typed.SubRec.typed,BoCa/TypedWorld.lean:1712,9,2,Support/TypedWorld/Records,
BoCa.Fig16.LogRel.Typed.LinPath.typed,BoCa/TypedWorld.lean:1722,8,2,Support/TypedWorld/Records,
BoCa.Fig16.LogRel.Typed.FrameRec.ext',BoCa/TypedWorld.lean:1731,3,2,Support/TypedWorld/Records,
BoCa.Fig16.LogRel.Typed.SubRec.functional,BoCa/TypedWorld.lean:1735,9,2,Support/TypedWorld/Records,
BoCa.Fig16.LogRel.Typed.LinPath.inv_nil,BoCa/TypedWorld.lean:1745,5,2,Support/TypedWorld/Records,
BoCa.Fig16.LogRel.Typed.LinPath.inv_cons,BoCa/TypedWorld.lean:1751,9,2,Support/TypedWorld/Records,
BoCa.Fig16.LogRel.Typed.LinPath.functional,BoCa/TypedWorld.lean:1761,12,2,Support/TypedWorld/Records,
BoCa.Fig16.LogRel.Typed.ExIn,BoCa/TypedWorld.lean:1776,2,2,Support/TypedWorld/Records,
BoCa.Fig16.LogRel.Typed.NVAt,BoCa/TypedWorld.lean:1779,4,2,Support/TypedWorld/Records,
BoCa.Fig16.LogRel.Typed.exIn_of_imm,BoCa/TypedWorld.lean:1784,11,2,Support/TypedWorld/Records,
BoCa.Fig16.LogRel.Typed.exIn_mut,BoCa/TypedWorld.lean:1796,14,2,Support/TypedWorld/Records,
BoCa.Fig16.LogRel.Typed.exIn_support,BoCa/TypedWorld.lean:1811,7,2,Support/TypedWorld/Records,
BoCa.Fig16.LogRel.Typed.exIn_path,BoCa/TypedWorld.lean:1819,16,2,Support/TypedWorld/Records,
BoCa.Fig16.LogRel.Typed.LeInvW,BoCa/TypedWorld.lean:1836,5,2,Support/TypedWorld/Records,
BoCa.Fig16.LogRel.Typed.lineage_of_leInv,BoCa/TypedWorld.lean:1842,18,2,Support/TypedWorld/Records,
BoCa.Fig16.LogRel.Typed.TW.valid,BoCa/TypedWorld.lean:1934,14,2,Support/TypedWorld/Records,
BoCa.Fig16.LogRel.Typed.NoMut,BoCa/TypedWorld.lean:1951,4,2,Support/TypedWorld/Records,
BoCa.Fig16.LogRel.Typed.Class,BoCa/TypedWorld.lean:1956,6,2,Support/TypedWorld/Records,
BoCa.Fig16.LogRel.Typed.Coverage,BoCa/TypedWorld.lean:1963,4,2,Support/TypedWorld/Records,
BoCa.Fig16.LogRel.Typed.TI,BoCa/TypedWorld.lean:1968,7,2,Support/TypedWorld/Records,
BoCa.Fig16.LogRel.Typed.TI.leInvW,BoCa/TypedWorld.lean:1976,4,2,Support/TypedWorld/Records,
BoCa.Fig16.LogRel.Typed.TI.exIn,BoCa/TypedWorld.lean:1981,4,2,Support/TypedWorld/Records,
BoCa.Fig16.LogRel.Typed.TI.sub,BoCa/TypedWorld.lean:1986,4,2,Support/TypedWorld/Records,
BoCa.Fig16.LogRel.Typed.frame_ex,BoCa/TypedWorld.lean:2004,12,2,Support/TypedWorld/Records,
BoCa.Fig16.LogRel.Typed.frame_new_root',BoCa/TypedWorld.lean:2017,32,2,Support/TypedWorld/Records,
BoCa.Fig16.LogRel.Typed.LinPath.last,BoCa/TypedWorld.lean:2050,11,2,Support/TypedWorld/Records,
BoCa.Fig16.LogRel.Typed.DescR.cases,BoCa/TypedWorld.lean:2062,5,2,Support/TypedWorld/Records,
BoCa.Fig16.LogRel.Typed.ti_frame,BoCa/TypedWorld.lean:2068,239,2,Support/TypedWorld/Records,
BoCa.Fig16.LogRel.Typed.Class.congr,BoCa/TypedWorld.lean:2320,5,2,Support/TypedWorld/Records,
BoCa.Fig16.LogRel.Typed.coverage_of_icp,BoCa/TypedWorld.lean:2326,5,2,Support/TypedWorld/Records,
BoCa.Fig16.LogRel.Typed.leInvW_of,BoCa/TypedWorld.lean:2332,6,2,Support/TypedWorld/Records,
BoCa.Fig16.LogRel.Typed.exIn_of,BoCa/TypedWorld.lean:2339,4,2,Support/TypedWorld/Records,
BoCa.Fig16.LogRel.Typed.ti_of_ag,BoCa/TypedWorld.lean:2346,6,2,Support/TypedWorld/Records,
BoCa.Fig16.LogRel.Typed.ti_mutFold,BoCa/TypedWorld.lean:2353,41,2,Support/TypedWorld/Records,
BoCa.Fig16.LogRel.Typed.nm_reb_like,BoCa/TypedWorld.lean:2397,38,2,Support/TypedWorld/Records,
BoCa.Fig16.LogRel.Typed.cov_reb_like,BoCa/TypedWorld.lean:2436,34,2,Support/TypedWorld/Records,
BoCa.Fig16.LogRel.Typed.ti_reb,BoCa/TypedWorld.lean:2471,30,2,Support/TypedWorld/Records,
BoCa.Fig16.LogRel.Typed.ti_rebDeep,BoCa/TypedWorld.lean:2502,50,2,Support/TypedWorld/Records,
BoCa.Fig16.LogRel.Typed.xpath_ex_part,BoCa/TypedWorld.lean:2566,10,2,Support/TypedWorld/Records,
BoCa.Fig16.LogRel.Typed.ti_end,BoCa/TypedWorld.lean:2577,152,2,Support/TypedWorld/Records,
BoCa.Fig16.LogRel.Typed.ti_endReb,BoCa/TypedWorld.lean:2730,146,2,Support/TypedWorld/Records,
BoCa.Fig16.LogRel.Typed.TW.inv,BoCa/TypedWorld.lean:2877,61,2,Support/TypedWorld/Records,
BoCa.Fig16.LogRel.Typed.coh_mut,BoCa/TypedWorld.lean:2950,11,2,Support/TypedWorld/Records,
BoCa.Fig16.LogRel.Typed.coh_mut_child,BoCa/TypedWorld.lean:2962,14,2,Support/TypedWorld/Records,
BoCa.Fig16.LogRel.Typed.lineage_list,BoCa/TypedWorld.lean:2988,32,2,Support/TypedWorld/Records,6.64
BoCa.Fig16.LogRel.Typed.lower_of_hash,BoCa/TypedWorld.lean:3027,6,2,Support/TypedWorld/Records,
BoCa.Fig16.LogRel.Typed.Rel,BoCa/TypedWp.lean:33,5,1,Support/TypedWorld/Records,
BoCa.Fig16.LogRel.Typed.Keeps,BoCa/TypedWp.lean:39,2,1,Support/TypedWorld/Records,
BoCa.Fig16.LogRel.Typed.Rel.of_compS_left,BoCa/TypedWp.lean:42,5,2,Support/TypedWorld/Records,
BoCa.Fig16.LogRel.Typed.Rel.of_compS_right,BoCa/TypedWp.lean:48,3,2,Support/TypedWorld/Records,
BoCa.Fig16.LogRel.Typed.Keeps.left,BoCa/TypedWp.lean:52,3,2,Support/TypedWorld/Records,
BoCa.Fig16.LogRel.Typed.Keeps.right,BoCa/TypedWp.lean:56,3,2,Support/TypedWorld/Records,
BoCa.Fig16.LogRel.Typed.Keeps.trans,BoCa/TypedWp.lean:60,4,2,Support/TypedWorld/Records,
BoCa.Fig16.LogRel.Typed.coh_keeps,BoCa/TypedWp.lean:65,8,2,Support/TypedWorld/Records,
BoCa.Fig16.LogRel.Typed.SRec,BoCa/TypedWp.lean:100,2,1,Support/TypedWorld/Records,
BoCa.Fig16.LogRel.Typed.rsOf,BoCa/TypedWp.lean:103,2,1,Support/TypedWorld/Records,
BoCa.Fig16.LogRel.Typed.mem_rsOf,BoCa/TypedWp.lean:106,2,2,Support/TypedWorld/Records,
BoCa.Fig16.LogRel.Typed.CellIn,BoCa/TypedWp.lean:111,4,1,Support/TypedWorld/Records,
BoCa.Fig16.LogRel.Typed.compS_get_left_nonImm,BoCa/TypedWp.lean:116,12,2,Support/TypedWorld/Records,
BoCa.Fig16.LogRel.Typed.CellIn.of_left,BoCa/TypedWp.lean:129,14,2,Support/TypedWorld/Records,
BoCa.Fig16.LogRel.Typed.CellIn.of_right,BoCa/TypedWp.lean:144,2,2,Support/TypedWorld/Records,
BoCa.Fig16.LogRel.Typed.CellIn.of_stratum,BoCa/TypedWp.lean:147,11,2,Support/TypedWorld/Records,
BoCa.Fig16.LogRel.Typed.CellIn.single,BoCa/TypedWp.lean:159,3,2,Support/TypedWorld/Records,
BoCa.Fig16.LogRel.Typed.Ext,BoCa/TypedWp.lean:165,6,1,Support/TypedWorld/Records,6.64
BoCa.Fig16.LogRel.Typed.Ext.left,BoCa/TypedWp.lean:172,3,2,Support/TypedWorld/Records,
BoCa.Fig16.LogRel.Typed.Ext.right,BoCa/TypedWp.lean:176,3,2,Support/TypedWorld/Records,
BoCa.Fig16.LogRel.Typed.Ext.trans,BoCa/TypedWp.lean:180,3,2,Support/TypedWorld/Records,
BoCa.Fig16.LogRel.Typed.Ext.refl,BoCa/TypedWp.lean:184,2,2,Support/TypedWorld/Records,
BoCa.Fig16.LogRel.Typed.WpOp,BoCa/TypedWp.lean:187,3,1,Support/TypedWorld/Records,
BoCa.Fig16.LogRel.Typed.ext_stored_current,BoCa/TypedWp.lean:218,11,2,Support/TypedWorld/Records,
BoCa.Fig16.LogRel.Typed.LifeBound,BoCa/TypedWp.lean:230,4,2,Support/TypedWorld/Records,
BoCa.Fig16.LogRel.Typed.strat_fresh,BoCa/TypedWp.lean:237,5,2,Support/TypedWorld/Records,
BoCa.Fig16.LogRel.Typed.exists_fresh,BoCa/TypedWp.lean:243,7,2,Support/TypedWorld/Records,
BoCa.Fig16.LogRel.Typed.LinLoc,BoCa/TypedWp.lean:272,4,1,Support/TypedWorld/Records,
BoCa.Fig16.LogRel.Typed.FrameLife,BoCa/TypedWp.lean:277,7,1,Support/TypedWorld/Records,
BoCa.Fig16.LogRel.Typed.LinLife,BoCa/TypedWp.lean:285,2,2,Support/TypedWorld/Records,
BoCa.Fig16.LogRel.Typed.frameLife_of_ag,BoCa/TypedWp.lean:290,3,2,Support/TypedWorld/Records,
BoCa.Fig16.LogRel.Typed.frameLife_back,BoCa/TypedWp.lean:294,11,2,Support/TypedWorld/Records,
BoCa.Fig16.LogRel.Typed.linLife_of_ag,BoCa/TypedWp.lean:306,4,2,Support/TypedWorld/Records,
BoCa.Fig16.LogRel.Typed.frameLife_reb_like,BoCa/TypedWp.lean:313,36,2,Support/TypedWorld/Records,
BoCa.Fig16.LogRel.Typed.lsOf_singleton_mem,BoCa/TypedWp.lean:352,6,2,Support/TypedWorld/Records,
BoCa.Fig16.LogRel.Typed.frameLife_frame,BoCa/TypedWp.lean:359,69,2,Support/TypedWorld/Records,
BoCa.Fig16.LogRel.Typed.linLife_frame,BoCa/TypedWp.lean:429,13,2,Support/TypedWorld/Records,
BoCa.Fig16.LogRel.Typed.TW.linLife,BoCa/TypedWp.lean:445,72,2,Support/TypedWorld/Records,
BoCa.Fig16.LogRel.Typed.linLoc_of_rel,BoCa/TypedWp.lean:520,11,2,Support/TypedWorld/Records,
BoCa.Fig16.LogRel.Typed.ag_ls_of_le,BoCa/TypedWp.lean:532,6,2,Support/TypedWorld/Records,
BoCa.Fig16.LogRel.Typed.lifeBound_of_tagged,BoCa/TypedWp.lean:546,16,2,Support/TypedWorld/Records,6.66
BoCa.Fig16.LogRel.Typed.tagged_of_frameLife,BoCa/TypedWp.lean:569,5,2,Support/TypedWorld/Records,
BoCa.Fig16.LogRel.Typed.tagged_of_ag,BoCa/TypedWp.lean:575,3,2,Support/TypedWorld/Records,
BoCa.Fig16.LogRel.Typed.ext_of_same,BoCa/TypedWp.lean:579,7,2,Support/TypedWorld/Records,
BoCa.Fig16.LogRel.Typed.wpTS_val,BoCa/TypedWp.lean:610,10,2,Support/TypedWorld/Records,
BoCa.Fig16.LogRel.Typed.wpTS_head,BoCa/TypedWp.lean:621,8,2,Support/TypedWorld/Records,
BoCa.Fig16.LogRel.Typed.wpTS_1,BoCa/TypedWp.lean:630,4,2,Support/TypedWorld/Records,
BoCa.Fig16.LogRel.Typed.wpTS_tensor,BoCa/TypedWp.lean:635,5,2,Support/TypedWorld/Records,
BoCa.Fig16.LogRel.Typed.wpTS_sum₁,BoCa/TypedWp.lean:641,4,2,Support/TypedWorld/Records,
BoCa.Fig16.LogRel.Typed.wpTS_sum₂,BoCa/TypedWp.lean:646,3,2,Support/TypedWorld/Records,
BoCa.Fig16.LogRel.Typed.wpTS_lolli,BoCa/TypedWp.lean:650,4,2,Support/TypedWorld/Records,
BoCa.Fig16.LogRel.Typed.wpTS_alloc,BoCa/TypedWp.lean:655,26,2,Support/TypedWorld/Records,
BoCa.Fig16.LogRel.Typed.wpTS_free,BoCa/TypedWp.lean:682,29,2,Support/TypedWorld/Records,
BoCa.Fig16.LogRel.Typed.wpTS_load,BoCa/TypedWp.lean:712,21,2,Support/TypedWorld/Records,
BoCa.Fig16.LogRel.Typed.wpTS_load_I,BoCa/TypedWp.lean:734,26,2,Support/TypedWorld/Records,
BoCa.Fig16.LogRel.Typed.wpTS_store,BoCa/TypedWp.lean:761,39,2,Support/TypedWorld/Records,
BoCa.Fig16.LogRel.Typed.wpTS_bind,BoCa/TypedWp.lean:801,36,2,Support/TypedWorld/Records,
BoCa.Fig16.LogRel.Typed.wandAllTS,BoCa/TypedWp.lean:840,4,2,Support/TypedWorld/Records,
BoCa.Fig16.LogRel.Typed.wpTS_ramify,BoCa/TypedWp.lean:845,24,2,Support/TypedWorld/Records,
BoCa.Fig16.LogRel.Typed.wpTS_box,BoCa/TypedWp.lean:870,8,2,Support/TypedWorld/Records,
BoCa.Fig16.LogRel.Typed.wpTS_frame_noOwn,BoCa/TypedWp.lean:879,27,2,Support/TypedWorld/Records,
BoCa.Fig16.LogRel.Typed.wpTS_M_forget,BoCa/TypedWp.lean:907,7,2,Support/TypedWorld/Records,
BoCa.Fig16.LogRel.Typed.wpTS_I_forget,BoCa/TypedWp.lean:915,7,2,Support/TypedWorld/Records,
BoCa.Fig16.LogRel.Typed.AddAt,BoCa/TypedWp.lean:929,3,2,Support/TypedWorld/Records,
BoCa.Fig16.LogRel.Typed.ext_add,BoCa/TypedWp.lean:933,10,2,Support/TypedWorld/Records,
BoCa.Fig16.LogRel.Typed.ext_drop,BoCa/TypedWp.lean:944,9,2,Support/TypedWorld/Records,
BoCa.Fig16.LogRel.Typed.not_rel_lineage,BoCa/TypedWp.lean:954,14,2,Support/TypedWorld/Records,
BoCa.Fig16.LogRel.Typed.frameLife_eq,BoCa/TypedWp.lean:969,5,2,Support/TypedWorld/Records,
BoCa.Fig16.LogRel.Typed.frameList,BoCa/TypedWp.lean:975,3,2,Support/TypedWorld/Records,
BoCa.Fig16.LogRel.Typed.rsOf_frameList,BoCa/TypedWp.lean:979,3,2,Support/TypedWorld/Records,
BoCa.Fig16.LogRel.Typed.addAt_frameList,BoCa/TypedWp.lean:983,8,2,Support/TypedWorld/Records,
BoCa.Fig16.LogRel.Typed.TyEq,BoCa/TypedRel.lean:42,14,1,Support/TypedWorld/Records,
BoCa.Fig16.LogRel.Typed.TyEq.symm,BoCa/TypedRel.lean:57,28,2,Support/TypedWorld/Records,
BoCa.Fig16.LogRel.Typed.TyEq.trans,BoCa/TypedRel.lean:86,37,2,Support/TypedWorld/Records,
BoCa.Fig16.LogRel.Typed.TyEq.of_agree,BoCa/TypedRel.lean:124,24,2,Support/TypedWorld/Records,
BoCa.Fig16.LogRel.Typed.TyEq.refl,BoCa/TypedRel.lean:149,1,2,Support/TypedWorld/Records,
BoCa.Fig16.LogRel.Typed.TyEq.extend_left,BoCa/TypedRel.lean:151,4,2,Support/TypedWorld/Records,
BoCa.Fig16.LogRel.Typed.TyEq.immReborrow,BoCa/TypedRel.lean:156,27,2,Support/TypedWorld/Records,
BoCa.Fig16.LogRel.Typed.TyEq.applyLSub,BoCa/TypedRel.lean:184,97,2,Support/TypedWorld/Records,
BoCa.Fig16.LogRel.Typed.TyEq.instLife,BoCa/TypedRel.lean:282,14,2,Support/TypedWorld/Records,
BoCa.Fig16.LogRel.Typed.vShape_tyEq,BoCa/TypedRel.lean:297,36,2,Support/TypedWorld/Records,
BoCa.Fig16.LogRel.Typed.cohE_of_coh,BoCa/TypedRel.lean:338,2,2,Support/TypedWorld/Records,
BoCa.Fig16.LogRel.Typed.CohE.tyEq,BoCa/TypedRel.lean:341,4,2,Support/TypedWorld/Records,
BoCa.Fig16.LogRel.Typed.cohE_keeps,BoCa/TypedRel.lean:346,5,2,Support/TypedWorld/Records,
BoCa.Fig16.LogRel.Typed.vX_local,BoCa/TypedRel.lean:388,53,2,Support/TypedWorld/Records,
BoCa.Fig16.LogRel.Typed.vO_obs,BoCa/TypedRel.lean:442,23,2,Support/TypedWorld/Records,
BoCa.Fig16.LogRel.Typed.vX_vShape,BoCa/TypedRel.lean:466,31,2,Support/TypedWorld/Records,
BoCa.Fig16.LogRel.Typed.ptoImmS_mono,BoCa/TypedRel.lean:500,8,2,Support/TypedWorld/Records,6.133
BoCa.Fig16.LogRel.Typed.ptoImmO_read,BoCa/TypedRel.lean:509,9,2,Support/TypedWorld/Records,
BoCa.Fig16.LogRel.Typed.ptoImmO_make,BoCa/TypedRel.lean:519,13,2,Support/TypedWorld/Records,
BoCa.Fig16.LogRel.Typed.ptoMutX_read,BoCa/TypedRel.lean:535,11,2,Support/TypedWorld/Records,
BoCa.Fig16.LogRel.Typed.ptoMutX_write,BoCa/TypedRel.lean:547,19,2,Support/TypedWorld/Records,6.66
BoCa.Fig16.LogRel.Typed.ptoMutX_create,BoCa/TypedRel.lean:567,11,2,Support/TypedWorld/Records,6.65
BoCa.Fig16.LogRel.Typed.vX_outlives,BoCa/TypedRel.lean:581,49,2,Support/TypedWorld/Records,
BoCa.Fig16.LogRel.Typed.coh_congr,BoCa/TypedRel.lean:633,10,2,Support/TypedWorld/Records,
BoCa.Fig16.LogRel.Typed.atLife_congr',BoCa/TypedRel.lean:644,3,2,Support/TypedWorld/Records,
BoCa.Fig16.LogRel.Typed.vX_congr,BoCa/TypedRel.lean:648,51,2,Support/TypedWorld/Records,
BoCa.Fig16.LogRel.Typed.vX_tyEq,BoCa/TypedRel.lean:700,51,2,Support/TypedWorld/Records,
BoCa.Fig16.LogRel.Typed.vX_extend_of_not_free,BoCa/TypedRel.lean:752,3,2,Support/TypedWorld/Records,
BoCa.Fig16.LogRel.Typed.vX_imm_mode,BoCa/TypedRel.lean:756,4,2,Support/TypedWorld/Records,
BoCa.Fig16.LogRel.Typed.CellMatch,BoCa/TypedRel.lean:763,5,2,Support/TypedWorld/Records,
BoCa.Fig16.LogRel.Typed.CellMatch.left,BoCa/TypedRel.lean:769,9,2,Support/TypedWorld/Records,
BoCa.Fig16.LogRel.Typed.CellMatch.right,BoCa/TypedRel.lean:779,2,2,Support/TypedWorld/Records,
BoCa.Fig16.LogRel.Typed.CellMatch.of_le,BoCa/TypedRel.lean:782,7,2,Support/TypedWorld/Records,
BoCa.Fig16.LogRel.Typed.CellMatch.del,BoCa/TypedRel.lean:790,5,2,Support/TypedWorld/Records,
BoCa.Fig16.LogRel.Typed.WitLB,BoCa/TypedRel.lean:796,5,2,Support/TypedWorld/Records,
BoCa.Fig16.LogRel.Typed.LifeBound.mono,BoCa/TypedRel.lean:802,3,2,Support/TypedWorld/Records,
BoCa.Fig16.LogRel.Typed.obs_transfer,BoCa/TypedRel.lean:806,114,2,Support/TypedWorld/Records,
BoCa.Fig16.LogRel.Typed.reb_cell_match,BoCa/TypedRel.lean:923,30,2,Support/TypedWorld/Records,
BoCa.Fig16.LogRel.Typed.rebMatch_left,BoCa/TypedRel.lean:954,11,2,Support/TypedWorld/Records,
BoCa.Fig16.LogRel.Typed.strat_left,BoCa/TypedRel.lean:966,8,2,Support/TypedWorld/Records,
BoCa.Fig16.LogRel.Typed.relabel_obs,BoCa/TypedRel.lean:975,169,2,Support/TypedWorld/Records,
BoCa.Fig16.LogRel.Typed.rebChooseO_top,BoCa/TypedRel.lean:1145,78,2,Support/TypedWorld/Records,6.53
BoCa.Fig16.LogRel.Typed.relRes_self,BoCa/TypedRel.lean:1224,28,2,Support/TypedWorld/Records,
BoCa.Fig16.LogRel.Typed.image_vX_of_shape,BoCa/TypedRel.lean:1253,16,2,Support/TypedWorld/Records,6.131
BoCa.Fig16.LogRel.Typed.tags_above,BoCa/TypedRel.lean:1272,13,2,Support/TypedWorld/Records,
BoCa.Fig16.LogRel.Typed.witLB_of,BoCa/TypedRel.lean:1286,22,2,Support/TypedWorld/Records,
BoCa.Fig16.LogRel.Typed.rebChooseO_top_tw,BoCa/TypedRel.lean:1309,19,2,Support/TypedWorld/Records,
BoCa.Fig16.LogRel.Typed.rebChooseO_deep_tw,BoCa/TypedRel.lean:1329,86,2,Support/TypedWorld/Records,6.53
BoCa.Fig16.LogRel.Typed.wpTS_I_frameX,BoCa/TypedRel.lean:1429,287,2,Support/TypedWorld/Records,6.64
BoCa.Fig16.LogRel.Typed.wpTS_M_frameX,BoCa/TypedRel.lean:1717,203,2,Support/TypedWorld/Records,6.65
BoCa.Fig16.LogRel.Typed.wpTS_M_antiFrameX,BoCa/TypedRel.lean:1923,165,2,Support/TypedWorld/Records,6.66
BoCa.Fig16.LogRel.Typed.reborrow_vShape,BoCa/TypedRel.lean:2106,83,2,Support/TypedWorld/Records,6.131
BoCa.Fig16.LogRel.Typed.six132_shape,BoCa/TypedRel.lean:2190,10,2,Support/TypedWorld/Records,6.132
BoCa.Fig16.LogRel.Typed.six132_shape_fresh,BoCa/TypedRel.lean:2201,8,2,Support/TypedWorld/Records,6.132
BoCa.Fig16.LogRel.Typed.tagged_reb,BoCa/TypedReborrow.lean:26,16,2,Support/TypedWorld/Records,
BoCa.Fig16.LogRel.Typed.tagged_rebDeep,BoCa/TypedReborrow.lean:43,25,2,Support/TypedWorld/Records,
BoCa.Fig16.LogRel.Typed.tagged_rebEnd,BoCa/TypedReborrow.lean:69,11,2,Support/TypedWorld/Records,
BoCa.Fig16.LogRel.Typed.RebChooseTW,BoCa/TypedReborrow.lean:83,23,2,Support/TypedWorld/Records,6.150
BoCa.Fig16.LogRel.Typed.wpTS_reborrow,BoCa/TypedReborrow.lean:109,164,2,Support/TypedWorld/Records,6.150
BoCa.Fig16.LogRel.Typed.rebChooseTW_top,BoCa/TypedReborrow.lean:276,48,2,Support/TypedWorld/Records,6.150
BoCa.Fig16.LogRel.Typed.rebChooseTW_deep,BoCa/TypedReborrow.lean:325,41,2,Support/TypedWorld/Records,6.150
BoCa.Fig16.LogRel.Typed.gSepX_local,BoCa/TypedFundamental.lean:50,15,2,Support/TypedWorld/Records,
BoCa.Fig16.LogRel.Typed.gDenX_local,BoCa/TypedFundamental.lean:66,4,2,Support/TypedWorld/Records,
BoCa.Fig16.LogRel.Typed.gDenX_iff,BoCa/TypedFundamental.lean:71,2,2,Support/TypedWorld/Records,
BoCa.Fig16.LogRel.Typed.gDenX_mk,BoCa/TypedFundamental.lean:74,3,2,Support/TypedWorld/Records,
BoCa.Fig16.LogRel.Typed.gSepX_dead,BoCa/TypedFundamental.lean:78,11,2,Support/TypedWorld/Records,
BoCa.Fig16.LogRel.Typed.gSepX_solo,BoCa/TypedFundamental.lean:90,22,2,Support/TypedWorld/Records,
BoCa.Fig16.LogRel.Typed.gSepX_split,BoCa/TypedFundamental.lean:113,33,2,Support/TypedWorld/Records,
BoCa.Fig16.LogRel.Typed.gDenX_split,BoCa/TypedFundamental.lean:147,6,2,Support/TypedWorld/Records,
BoCa.Fig16.LogRel.Typed.wpTS_mono,BoCa/TypedFundamental.lean:156,8,2,Support/TypedWorld/Records,
BoCa.Fig16.LogRel.Typed.wpTS_bind_frame,BoCa/TypedFundamental.lean:165,14,2,Support/TypedWorld/Records,
BoCa.Fig16.LogRel.Typed.vP_same,BoCa/TypedFundamental.lean:180,4,2,Support/TypedWorld/Records,
BoCa.Fig16.LogRel.Typed.gDenX_same,BoCa/TypedFundamental.lean:185,3,2,Support/TypedWorld/Records,
BoCa.Fig16.LogRel.Typed.ptoImmO_toImm,BoCa/TypedFundamental.lean:191,7,2,Support/TypedWorld/Records,
BoCa.Fig16.LogRel.Typed.rebChooseTW_pin,BoCa/TypedFundamental.lean:199,9,2,Support/TypedWorld/Records,
BoCa.Fig16.LogRel.Typed.withload_compatX,BoCa/TypedFundamental.lean:211,114,2,Support/TypedWorld/Records,6.132
BoCa.Fig16.LogRel.Typed.ptoImmS_antitone,BoCa/TypedFundamental.lean:332,5,2,Support/TypedWorld/Records,
BoCa.Fig16.LogRel.Typed.ptoMutS_antitone,BoCa/TypedFundamental.lean:338,5,2,Support/TypedWorld/Records,
BoCa.Fig16.LogRel.Typed.ptoImmS_dup,BoCa/TypedFundamental.lean:344,12,2,Support/TypedWorld/Records,
BoCa.Fig16.LogRel.Typed.ptoImmS_ptoImm,BoCa/TypedFundamental.lean:357,5,2,Support/TypedWorld/Records,
BoCa.Fig16.LogRel.Typed.ptoMutS_ptoMut,BoCa/TypedFundamental.lean:363,5,2,Support/TypedWorld/Records,
BoCa.Fig16.LogRel.Typed.gSepX_congr,BoCa/TypedFundamental.lean:371,16,2,Support/TypedWorld/Records,
BoCa.Fig16.LogRel.Typed.gSepX_outlives,BoCa/TypedFundamental.lean:388,29,2,Support/TypedWorld/Records,
BoCa.Fig16.LogRel.Typed.id_compatX,BoCa/TypedFundamental.lean:420,11,2,Support/TypedWorld/Records,6.151
BoCa.Fig16.LogRel.Typed.unitI_compatX,BoCa/TypedFundamental.lean:432,7,2,Support/TypedWorld/Records,
BoCa.Fig16.LogRel.Typed.unitE_compatX,BoCa/TypedFundamental.lean:440,12,2,Support/TypedWorld/Records,
BoCa.Fig16.LogRel.Typed.tensorI_compatX,BoCa/TypedFundamental.lean:453,17,2,Support/TypedWorld/Records,
BoCa.Fig16.LogRel.Typed.tensorE_compatX,BoCa/TypedFundamental.lean:471,26,2,Support/TypedWorld/Records,
BoCa.Fig16.LogRel.Typed.sumI₁_compatX,BoCa/TypedFundamental.lean:498,7,2,Support/TypedWorld/Records,
BoCa.Fig16.LogRel.Typed.sumI₂_compatX,BoCa/TypedFundamental.lean:506,7,2,Support/TypedWorld/Records,
BoCa.Fig16.LogRel.Typed.sumE_compatX,BoCa/TypedFundamental.lean:514,30,2,Support/TypedWorld/Records,
BoCa.Fig16.LogRel.Typed.lolliI_compatX,BoCa/TypedFundamental.lean:545,17,2,Support/TypedWorld/Records,
BoCa.Fig16.LogRel.Typed.lolliE_compatX,BoCa/TypedFundamental.lean:563,16,2,Support/TypedWorld/Records,
BoCa.Fig16.LogRel.Typed.boxE_compatX,BoCa/TypedFundamental.lean:582,7,2,Support/TypedWorld/Records,
BoCa.Fig16.LogRel.Typed.free_compatX,BoCa/TypedFundamental.lean:590,12,2,Support/TypedWorld/Records,
BoCa.Fig16.LogRel.Typed.immSub_compatX,BoCa/TypedFundamental.lean:603,11,2,Support/TypedWorld/Records,
BoCa.Fig16.LogRel.Typed.mutSub_compatX,BoCa/TypedFundamental.lean:615,11,2,Support/TypedWorld/Records,
BoCa.Fig16.LogRel.Typed.alloc_compatX,BoCa/TypedFundamental.lean:629,12,2,Support/TypedWorld/Records,
BoCa.Fig16.LogRel.Typed.swap_compatX,BoCa/TypedFundamental.lean:642,57,2,Support/TypedWorld/Records,
BoCa.Fig16.LogRel.Typed.copy_compatX,BoCa/TypedFundamental.lean:700,21,2,Support/TypedWorld/Records,
BoCa.Fig16.LogRel.Typed.forgetImm_compatX,BoCa/TypedFundamental.lean:722,18,2,Support/TypedWorld/Records,
BoCa.Fig16.LogRel.Typed.forgetMut_compatX,BoCa/TypedFundamental.lean:741,18,2,Support/TypedWorld/Records,
BoCa.Fig16.LogRel.Typed.forgetUnk_compatX,BoCa/TypedFundamental.lean:760,15,2,Support/TypedWorld/Records,
BoCa.Fig16.LogRel.Typed.allE_compatX,BoCa/TypedFundamental.lean:778,16,2,Support/TypedWorld/Records,
BoCa.Fig16.LogRel.Typed.allI_compatX,BoCa/TypedFundamental.lean:795,45,2,Support/TypedWorld/Records,
BoCa.Fig16.LogRel.Typed.boxI_compatX,BoCa/TypedFundamental.lean:841,13,2,Support/TypedWorld/Records,
BoCa.Fig16.LogRel.Typed.admWf_of_scopedB,BoCa/TypedFundamental.lean:877,11,2,Support/TypedWorld/Records,
BoCa.Fig16.LogRel.Typed.withbor1_compatX,BoCa/TypedFundamental.lean:889,88,2,Support/TypedWorld/Records,
BoCa.Fig16.LogRel.Typed.withbor2_compatX,BoCa/TypedFundamental.lean:978,77,2,Support/TypedWorld/Records,
BoCa.Fig16.LogRel.Typed.withbor3_compatX,BoCa/TypedFundamental.lean:1056,85,2,Support/TypedWorld/Records,
BoCa.Fig16.LogRel.Typed.withswap_compatX,BoCa/TypedFundamental.lean:1142,77,2,Support/TypedWorld/Records,6.151
BoCa.Fig16.LogRel.Typed.fundamental,BoCa/TypedFundamental.lean:1233,75,2,Support/TypedWorld/Records,6.151
BoCa.Fig16.LogRel.Typed.FundamentalProperty,BoCa/TypedFundamental.lean:1309,12,2,Support/TypedWorld/Records,6.151
BoCa.Fig16.LogRel.Typed.theorem32,BoCa/TypedFundamental.lean:1337,20,2,Support/TypedWorld/Records,3.2
BoCa.Fig16.LogRel.Typed.gDenX_nil,BoCa/TypedFundamental.lean:1358,3,2,Support/TypedWorld/Records,
BoCa.Fig16.LogRel.Typed.corollary33,BoCa/TypedFundamental.lean:1362,9,2,Support/TypedWorld/Records,3.3
BoCa.Fig16.LogRel.Typed.ok_empty,BoCa/TypedFundamental.lean:1372,2,2,Support/TypedWorld/Records,
BoCa.Fig16.LogRel.Typed.adequacy,BoCa/TypedFundamental.lean:1375,7,2,Support/TypedWorld/Records,3.3
BoCa.Fig16.LogRel.Typed.ptoMutS,BoCa/TypedWp.lean:193,11,1,Support/TypedWorld/Relation,4.9
BoCa.Fig16.LogRel.Typed.ptoImmS,BoCa/TypedWp.lean:205,8,1,Support/TypedWorld/Relation,4.8
BoCa.Fig16.LogRel.Typed.CohE,BoCa/TypedRel.lean:334,3,1,Support/TypedWorld/Relation,4.8;6.151
BoCa.Fig16.LogRel.Typed.vX,BoCa/TypedRel.lean:352,31,1,Support/TypedWorld/Relation,4.4;4.5;4.8;4.9
BoCa.Fig16.LogRel.Typed.vP,BoCa/TypedFundamental.lean:30,2,1,Support/TypedWorld/Relation,
BoCa.Fig16.LogRel.Typed.gSepX,BoCa/TypedFundamental.lean:33,5,1,Support/TypedWorld/Relation,4.13
BoCa.Fig16.LogRel.Typed.gDenX,BoCa/TypedFundamental.lean:39,3,1,Support/TypedWorld/Relation,4.13
BoCa.Fig16.LogRel.Typed.SemX,BoCa/TypedFundamental.lean:43,6,1,Support/TypedWorld/Relation,4.14;6.175
BoCa.Fig16.LogRel.Typed.vShape,BoCa/TypedImage.lean:355,19,1,Support/TypedWorld/World,6.131
BoCa.Fig16.LogRel.Typed.TW,BoCa/TypedWorld.lean:1863,70,1,Support/TypedWorld/World,5.33;6.64
BoCa.Fig16.LogRel.Typed.Tagged,BoCa/TypedWp.lean:541,4,1,Support/TypedWorld/World,5.33
BoCa.Fig16.LogRel.Typed.wpTS,BoCa/TypedWp.lean:589,20,1,Support/TypedWorld/World,4.11;5.33;6.64
